0,0.391201013745746,-1.34592489443176
0.002,0.38802290249054,-1.33491554004237
0.004,0.388490846269683,-1.31223335302402
0.006,0.393070861471651,-1.29667407418386
0.008,0.397637574639312,-1.28108202828384
0.01,0.403711350593574,-1.28348850061354
0.012,0.407253526970048,-1.28933503836065
0.014,0.407035018210278,-1.30917240379883
0.016,0.417069888856321,-1.3405371037824
0.018,0.412897803483584,-1.37678829206189
0.02,0.41622065441459,-1.40375207402985
0.022,0.407132022586758,-1.41816562275704
0.024,0.409803158777688,-1.43262165659049
0.026,0.402631504025712,-1.45336239719627
0.028,0.401350462439266,-1.43389218853259
0.03,0.391983674243525,-1.40408064804192
0.032,0.391275383224617,-1.37097298048992
0.034,0.401557366874676,-1.33586775101498
0.036,0.401521370587234,-1.30127905093516
0.038,0.41702600108876,-1.28152009248185
0.04,0.418538187331804,-1.2762527806196
0.042,0.419426156276213,-1.28010925424615
0.044,0.414487427536454,-1.30229686611436
0.046,0.405993334576111,-1.32408264882801
0.048,0.397109061822782,-1.34168877967794
0.05,0.402151697966451,-1.35130705505518
0.052,0.404115030346962,-1.36607359274315
0.054,0.400008123712984,-1.37917209492188
0.056,0.394945881810427,-1.3834935909574
0.058,0.384283898551684,-1.38182736348995
0.06,0.39327819477893,-1.37315771914014
0.062,0.40409216206846,-1.36469012369359
0.064,0.404575724939766,-1.36238440365563
0.066,0.403842539959551,-1.36292120255119
0.068,0.389122101225337,-1.36624346913227
0.07,0.378562828380045,-1.35074945588126
0.072,0.383360000985785,-1.33222119926612
0.074,0.404289224555617,-1.3055848565112
0.076,0.405364496683292,-1.27927703267948
0.078,0.404439051105703,-1.26750975886931
0.08,0.414658378049404,-1.25713269351579
0.082,0.423015684420679,-1.25288089991298
0.084,0.414766754437382,-1.25756421812512
0.086,0.411513752296725,-1.26071453044021
0.088,0.413023254807578,-1.25141404766652
0.09,0.4035199900444,-1.24862998936762
0.092,0.405350274453621,-1.23706945688777
0.094,0.403864304165412,-1.23300873480432
0.096,0.390300696739998,-1.23243310800967
0.098,0.392331252314496,-1.23798209099385
0.1,0.389943578957917,-1.24432064301521
0.102,0.386560078854754,-1.25576404258614
0.104,0.372157548059275,-1.26408848403489
0.106,0.365636552424388,-1.25742901363174
0.108,0.36577585734606,-1.26577912713448
0.11,0.373733566638821,-1.25466694077783
0.112,0.394500516588396,-1.25558808677069
0.114,0.397092095628517,-1.25630070157644
0.116,0.396480669135227,-1.23678975933022
0.118,0.397023661405012,-1.24472623457665
0.12,0.402725526000026,-1.24186444074904
0.122,0.399013672418373,-1.2580558487826
0.124,0.396560584578175,-1.2722188913675
0.126,0.391263484394323,-1.27388276075032
0.128,0.380113373999762,-1.27445867269778
0.13,0.376828832289097,-1.27857160366334
0.132,0.379617971986048,-1.27727299057214
0.134,0.379480535656664,-1.26676481807388
0.136,0.38135483656654,-1.25205350213015
0.138,0.382772040989754,-1.24996967640735
0.14,0.391357604179887,-1.23921699526221
0.142,0.399995833449591,-1.23092397251609
0.144,0.402491135116943,-1.22466597942908
0.146,0.410432586029084,-1.22383448319876
0.148,0.404405577735653,-1.22260341614808
0.15,0.400233831719838,-1.21759740556825
0.152,0.403187742173079,-1.22106941201818
0.154,0.402673963912948,-1.21982628403027
0.156,0.404632024103489,-1.23209807467602
0.158,0.401314414986924,-1.2435037934114
0.16,0.399682413572973,-1.25065872074388
0.162,0.392233150475216,-1.25944424030722
0.164,0.397955436561081,-1.27511072384062
0.166,0.396312954144462,-1.2867619398835
0.168,0.389759686850014,-1.29156612606673
0.17,0.380765400598314,-1.28030675442711
0.172,0.375919315702416,-1.26921049322832
0.174,0.372932958384691,-1.2650381099524
0.176,0.357453976323387,-1.25141235487148
0.178,0.372994918304873,-1.21645921817039
0.18,0.386368615577574,-1.18756984275405
0.182,0.40415222118557,-1.17011322982137
0.184,0.415964940572143,-1.17554454417104
0.186,0.42201688591501,-1.17935127116327
0.188,0.410255447423613,-1.19298862323079
0.19,0.397978690619932,-1.20336303464562
0.192,0.385821026431677,-1.21476556126213
0.194,0.373871925475369,-1.22788050523652
0.196,0.363144995312997,-1.22791531657398
0.198,0.363386058265288,-1.21244544567578
0.2,0.369805461550537,-1.19883486740131
0.202,0.383186249495007,-1.18744900667355
0.204,0.395751216763578,-1.1732020456798
0.206,0.409473151136292,-1.17107784364874
0.208,0.418715123340019,-1.18095912743448
0.21,0.413591129667683,-1.20332114848286
0.212,0.41152050690575,-1.22361572042501
0.214,0.417442402185296,-1.23450239571345
0.216,0.425791399944909,-1.25084359587954
0.218,0.424292525953578,-1.27455793151429
0.22,0.433454674222422,-1.27924291536171
0.222,0.443705725807988,-1.28945686601689
0.224,0.446952825897066,-1.31110973545428
0.226,0.447741567929479,-1.3391555144755
0.228,0.447285972324531,-1.36014617114462
0.23,0.444505646945202,-1.38240332596482
0.232,0.440273910638017,-1.40677393795682
0.234,0.440087441572911,-1.41854359380724
0.236,0.440037680651199,-1.42893737267533
0.238,0.435715839260739,-1.42563614484088
0.24,0.430954132908492,-1.41894780146146
0.242,0.426876582902548,-1.41300034994102
0.244,0.425580014134076,-1.40209527092372
0.246,0.424095904818459,-1.39132633457596
0.248,0.42740259870888,-1.37455225106385
0.25,0.429895068366677,-1.36535970758906
0.252,0.420651945873066,-1.36279973609041
0.254,0.421655065569603,-1.35860933824013
0.256,0.417869370483468,-1.35486861566376
0.258,0.410692539058768,-1.35935749984119
0.26,0.415365373103567,-1.36808827952452
0.262,0.417056599895368,-1.37496786446156
0.264,0.424054817326107,-1.38914758874772
0.266,0.422199367702464,-1.39908290113717
0.268,0.419656624981858,-1.40732812052985
0.27,0.426749313245143,-1.41359468232502
0.272,0.423593923246938,-1.40888456470505
0.274,0.426133776473274,-1.39915775487571
0.276,0.422822598888136,-1.40035976723964
0.278,0.413188806339897,-1.37974272227296
0.28,0.404722132794306,-1.35114854404791
0.282,0.399724548595247,-1.31362828728276
0.284,0.400826784709984,-1.28203625566243
0.286,0.421314253299575,-1.23648172334871
0.288,0.430466749506211,-1.22218649370103
0.29,0.440979316604844,-1.22397072599289
0.292,0.437141088872838,-1.23508118116976
0.294,0.447315418109448,-1.24061355892225
0.296,0.478094556430244,-1.25694466933645
0.298,0.485577455438556,-1.28780813851584
0.3,0.47802632718163,-1.32870308050023
0.302,0.47191766597418,-1.35957493306407
0.304,0.462656069389164,-1.38513877831957
0.306,0.45498229987086,-1.3972002437057
0.308,0.458907416554065,-1.40572847420269
0.31,0.45880209135136,-1.41318918688933
0.312,0.467349773333013,-1.42042304944136
0.314,0.472635645314863,-1.41950814573185
0.316,0.470953230848292,-1.42518295902723
0.318,0.477197407231966,-1.42798899739352
0.32,0.475457002471048,-1.43191170485761
0.322,0.475028750372279,-1.43672587344776
0.324,0.467187598880065,-1.44126524290061
0.326,0.461509379437661,-1.43663033409829
0.328,0.453741832438757,-1.41070059186233
0.33,0.451857883277417,-1.39675471264182
0.332,0.445861371364057,-1.38264457493364
0.334,0.446408659685249,-1.36483743514118
0.336,0.445465055662548,-1.35503612074486
0.338,0.442768702686927,-1.33125790927901
0.34,0.444464268583718,-1.33280431130476
0.342,0.437224891521726,-1.33081282327506
0.344,0.437203949984293,-1.32635698557468
0.346,0.428235525860227,-1.32197491942752
0.348,0.433848416876216,-1.3249634283109
0.35,0.428313437842765,-1.31744435124992
0.352,0.433299548529106,-1.29220618282045
0.354,0.447262703674669,-1.28367058503387
0.356,0.451171513541291,-1.29020509639365
0.358,0.446347636751228,-1.30342481226418
0.36,0.438780799842706,-1.31976941536007
0.362,0.436278459581456,-1.33679027657574
0.364,0.433186347600915,-1.3520201093496
0.366,0.421862870374114,-1.37425410354242
0.368,0.419809551242963,-1.38895353550022
0.37,0.418786136733275,-1.4019546858062
0.372,0.426520189873039,-1.40911622700397
0.374,0.424357218596655,-1.42321123526351
0.376,0.418441454702011,-1.42861650460695
0.378,0.427555357580088,-1.44531127659066
0.38,0.418490442038175,-1.44290185893633
0.382,0.410982113716514,-1.43696232350028
0.384,0.399185346983293,-1.42457890712133
0.386,0.394388856085768,-1.40262674684799
0.388,0.394464291808816,-1.37601128420965
0.39,0.39591603955775,-1.36893664324343
0.392,0.393172601493369,-1.36765922020605
0.394,0.390015830873273,-1.3604526054303
0.396,0.398321419632679,-1.36742478692374
0.398,0.389999224838041,-1.37620280166294
0.4,0.381983770984413,-1.37295701378277
0.402,0.378795797928075,-1.3727965683131
0.404,0.381421432464974,-1.36760075040082
0.406,0.396595010346697,-1.36696865772637
0.408,0.388299736250558,-1.3553990558867
0.41,0.399108604133095,-1.3406253052491
0.412,0.405275683628887,-1.32753605092813
0.414,0.406068009864167,-1.31808209700406
0.416,0.402650874838012,-1.31513921500444
0.418,0.402696539682033,-1.3124317060752
0.42,0.391054520558871,-1.30821461873902
0.422,0.401507607789097,-1.30296842818796
0.424,0.394288688457358,-1.30289946537889
0.426,0.403448974759734,-1.31561487991884
0.428,0.404162107563521,-1.33087965368682
0.43,0.405485980253229,-1.3434911280114
0.432,0.405758117436743,-1.34669800363703
0.434,0.40851328469495,-1.34658360741546
0.436,0.400295639374642,-1.3416670630314
0.438,0.402125841424313,-1.33632842554266
0.44,0.396966147042068,-1.32532277400401
0.442,0.401354494768551,-1.30538796089816
0.444,0.405198249355568,-1.28402457923774
0.446,0.41090191221075,-1.27817343561593
0.448,0.422484865243091,-1.27822326229918
0.45,0.420804631580214,-1.28557584312454
0.452,0.421770443194788,-1.29588551385172
0.454,0.425225821467342,-1.31834297264324
0.456,0.4388893455498,-1.34545740867448
0.458,0.437894902324844,-1.3707070389029
0.46,0.436407458166106,-1.39054118964367
0.462,0.431792009663929,-1.40588896125218
0.464,0.43112641421222,-1.42269095234204
0.466,0.427704190046702,-1.44318502236047
0.468,0.413939873908638,-1.44413411708423
0.47,0.40359161360669,-1.43771391046225
0.472,0.403209788819925,-1.4202580289171
0.474,0.394978171872116,-1.40430560611518
0.476,0.393811745686537,-1.39385928676602
0.478,0.39819283441714,-1.37663325548906
0.48,0.400908907398241,-1.3630795205178
0.482,0.406052800252899,-1.35884885121927
0.484,0.411543882862589,-1.35672281805965
0.486,0.415173585266605,-1.35766322791914
0.488,0.425299553548579,-1.37615476315801
0.49,0.427455936065992,-1.39792522086524
0.492,0.424911086399653,-1.41896399998635
0.494,0.423489409144192,-1.43180781446622
0.496,0.424747794935797,-1.43941119350957
0.498,0.416865967312279,-1.44330601578771
0.5,0.422120308188113,-1.43442792723601
0.502,0.4216704248823,-1.4230244904506
0.504,0.417201992642066,-1.40385275152184
0.506,0.414906621963003,-1.39065714699678
0.508,0.417222055420346,-1.37994003385858
0.51,0.41373287979132,-1.37714513946109
0.512,0.414151268819868,-1.38013873328744
0.514,0.418627652894793,-1.38451987237875
0.516,0.415573415584266,-1.38626020513729
0.518,0.429899573193424,-1.39678629022962
0.52,0.439768857090514,-1.40729611746721
0.522,0.446400369432418,-1.41741372512989
0.524,0.445414844361998,-1.4268571931807
0.526,0.449646213178232,-1.43404237892844
0.528,0.434718421725505,-1.43767417380525
0.53,0.431894179154766,-1.4462493162894
0.532,0.428025463885346,-1.4463790246058
0.534,0.422386230132805,-1.44451243343525
0.536,0.416580910837089,-1.44322027552161
0.538,0.421770969345711,-1.44467955653267
0.54,0.41814205097797,-1.44989089122074
0.542,0.427530264062301,-1.45417316370632
0.544,0.428165247103591,-1.46368163792791
0.546,0.435338606457225,-1.47010288733351
0.548,0.431231743276792,-1.48720032770225
0.55,0.429025704557644,-1.49321556457022
0.552,0.418476152324855,-1.49861979384288
0.554,0.411486755855552,-1.49162848036746
0.556,0.407403013506519,-1.48210763573712
0.558,0.391009448534707,-1.4550714623734
0.56,0.390090414895754,-1.43150115074374
0.562,0.384881916533394,-1.40652703491449
0.564,0.389006644707996,-1.38239570441506
0.566,0.383603885782758,-1.37564038849999
0.568,0.393903470891896,-1.35171582716604
0.57,0.400185493902535,-1.34978868749444
0.572,0.397423085625439,-1.35374290098272
0.574,0.404323691832035,-1.35798651674627
0.576,0.40911423836941,-1.36668258888329
0.578,0.412236674947863,-1.3776268185348
0.58,0.413432213552926,-1.39456302376045
0.582,0.413477047602084,-1.41182786935809
0.584,0.412600908307754,-1.42735154008086
0.586,0.413393391774517,-1.44499411857582
0.588,0.420772832174552,-1.45008060226716
0.59,0.416658435438678,-1.4534438981717
0.592,0.409570041746906,-1.4492042443444
0.594,0.403259129381223,-1.43121943177011
0.596,0.403792819360028,-1.3925148237616
0.598,0.401398712258632,-1.36901730233774
0.6,0.414253551387941,-1.33922206061163
0.602,0.427336806771501,-1.32972385927278
0.604,0.434857338946372,-1.32097806701554
0.606,0.432075975835091,-1.32873154305424
0.608,0.434355739935384,-1.33900048674641
0.61,0.44712745280306,-1.36536524992147
0.612,0.451765482323299,-1.39217959597485
0.614,0.439187741025296,-1.42065397986519
0.616,0.439224748653613,-1.45135503976168
0.618,0.430758749841128,-1.45979597323298
0.62,0.424708956948141,-1.46530680250333
0.622,0.426178365412581,-1.46692741054717
0.624,0.420610869137957,-1.46355782925889
0.626,0.417042488217558,-1.4712237899057
0.628,0.418475018171655,-1.44760001961401
0.63,0.419404329162134,-1.4403776809112
0.632,0.418752729635937,-1.43330384625923
0.634,0.419106919114216,-1.41953766587936
0.636,0.430396909096551,-1.41529581276597
0.638,0.431379596564213,-1.41499813678468
0.64,0.427679267364964,-1.42367083255914
0.642,0.431268341694298,-1.4261441465382
0.644,0.43247362091551,-1.42805175265622
0.646,0.422628863892615,-1.42497365088144
0.648,0.418343268735781,-1.41711596808473
0.65,0.408610725846708,-1.40198448228265
0.652,0.405374718236442,-1.38255868107414
0.654,0.406375972410196,-1.36080810841986
0.656,0.407892940559538,-1.34045228267402
0.658,0.410364686294939,-1.30796190347732
0.66,0.425173797125718,-1.27868888704054
0.662,0.438578038862418,-1.27077720658531
0.664,0.448437495404094,-1.27375687034287
0.666,0.448980081793822,-1.29886947003897
0.668,0.453142450027773,-1.30752611159799
0.67,0.458344236230087,-1.33572507413704
0.672,0.459824933434079,-1.36591238442793
0.674,0.450417979114117,-1.4014577636925
0.676,0.448226292053577,-1.41998623383272
0.678,0.439920564884259,-1.42893665319995
0.68,0.438537345207978,-1.43094140951423
0.682,0.426250728591745,-1.43178622153111
0.684,0.418635262359629,-1.41934300604803
0.686,0.409942120164086,-1.40083724894098
0.688,0.402510370453328,-1.37606612933345
0.69,0.403824692271348,-1.34786971299991
0.692,0.413974698823641,-1.33490467662454
0.694,0.415814005854083,-1.3307902392765
0.696,0.414015871618697,-1.34275576395815
0.698,0.410653384874853,-1.34195213868814
0.7,0.409687047464812,-1.34631494011319
0.702,0.40344476211445,-1.34740302919156
0.704,0.402104935809976,-1.34273015671909
0.706,0.391541314182245,-1.33867622502114
0.708,0.391549492010953,-1.32847001059102
0.71,0.387789625974714,-1.30953462990563
0.712,0.387715687490988,-1.30530820827366
0.714,0.384492338373129,-1.28901148546107
0.716,0.378955603307537,-1.28132886520802
0.718,0.393188350685361,-1.27266835971365
0.72,0.408258489141792,-1.25904919139334
0.722,0.410489106771839,-1.24901792736209
0.724,0.40441761650414,-1.25134863209517
0.726,0.427143305793616,-1.258735819827
0.728,0.420560688283957,-1.27399319871691
0.73,0.429886222478455,-1.28853545750634
0.732,0.425050068068548,-1.31102192565318
0.734,0.418098308265615,-1.32523514422623
0.736,0.416839162286412,-1.33148905101366
0.738,0.40489069488344,-1.34724468913197
0.74,0.405093558640275,-1.35527056450968
0.742,0.401899007224004,-1.3608681472003
0.744,0.40182431025092,-1.36527760595176
0.746,0.410236866740496,-1.36017951983566
0.748,0.402497703847461,-1.35147753913801
0.75,0.397736984037539,-1.34833344960374
0.752,0.401844866981973,-1.33684171494396
0.754,0.405886450297096,-1.33236469204466
0.756,0.413057273235452,-1.33001345583487
0.758,0.413377106729795,-1.32388866354845
0.76,0.412382072910946,-1.32199032616206
0.762,0.412141224971379,-1.33128053616752
0.764,0.407648890412596,-1.33780110415226
0.766,0.408327923757834,-1.34231689112399
0.768,0.405848342522869,-1.35278689532973
0.77,0.407084999122917,-1.35414771239419
0.772,0.408941871135299,-1.35946659429918
0.774,0.401125998380369,-1.35584458367366
0.776,0.38933307853488,-1.36305293430646
0.778,0.386351111938672,-1.36259130582762
0.78,0.389944604106905,-1.36315694187906
0.782,0.385313236746938,-1.36537047768128
0.784,0.384606361204245,-1.35061687719798
0.786,0.375897284888705,-1.34455729403145
0.788,0.379237845542416,-1.34395136660982
0.79,0.37118218978937,-1.33934529594263
0.792,0.369567903295643,-1.35223859328468
0.794,0.365282792715101,-1.35863560833596
0.796,0.375001058683948,-1.37496794516908
0.798,0.382339585599665,-1.39115889542552
0.8,0.385321160571106,-1.41089254756195
0.802,0.390891376627896,-1.43398341309608
0.804,0.393001538841223,-1.43365467577012
0.806,0.393982441752582,-1.41637610720178
0.808,0.397457412999543,-1.40576335510591
0.81,0.394776046764038,-1.38039943879345
0.812,0.40562601659392,-1.3505045374655
0.814,0.411090334409755,-1.3248884641472
0.816,0.414823900512317,-1.30634087022727
0.818,0.420686558637823,-1.28178387750791
0.82,0.420737520548992,-1.26630209484589
0.822,0.426231825341518,-1.26240908212456
0.824,0.435639928530302,-1.28173924637971
0.826,0.437952924574179,-1.29119882330421
0.828,0.443797740008744,-1.31931116976502
0.83,0.450219502821037,-1.35008629580031
0.832,0.457095545841825,-1.37075087606446
0.834,0.457748036350334,-1.39698317607038
0.836,0.454923898086883,-1.40971838413495
0.838,0.450520713691313,-1.41935301484933
0.84,0.445734490141805,-1.42833087045542
0.842,0.440594038943934,-1.42820377917253
0.844,0.43630774478992,-1.43014245735658
0.846,0.425650191629726,-1.42569079349771
0.848,0.429375308586636,-1.43023828626984
0.85,0.424041091556638,-1.43704471029884
0.852,0.423361077070297,-1.443834322439
0.854,0.424151826719544,-1.45795914436194
0.856,0.419943155332464,-1.45871092024753
0.858,0.42186427558681,-1.47900096942998
0.86,0.426188580521984,-1.49042914527175
0.862,0.415621175996045,-1.50405290914565
0.864,0.401028780403575,-1.49985942631589
0.866,0.399952065059291,-1.49068523450373
0.868,0.394404105138579,-1.46327052565325
0.87,0.394264342652968,-1.43336514579373
0.872,0.388405446893804,-1.3962585718184
0.874,0.38613355575165,-1.35967347020741
0.876,0.393815441801426,-1.33585534954578
0.878,0.398075688812033,-1.32361278382203
0.88,0.402667407362227,-1.31774636554289
0.882,0.409674204176584,-1.32072522512635
0.884,0.415859681092025,-1.33650292478922
0.886,0.418542890097998,-1.35748595297731
0.888,0.421937144079679,-1.38835138778586
0.89,0.432153828179037,-1.40974105175168
0.892,0.441212116975587,-1.41950291856697
0.894,0.452145012114377,-1.42913614408197
0.896,0.456363648135855,-1.43841587821073
0.898,0.452021337159221,-1.4291656218151
0.9,0.439414842504736,-1.41305430681281
0.902,0.435599622874789,-1.39439737437353
0.904,0.4347329482079,-1.37747978333479
0.906,0.437830249616487,-1.36322023355955
0.908,0.440033400290533,-1.35413518942602
0.91,0.434358884830948,-1.34185507079514
0.912,0.432858801665477,-1.33885289387944
0.914,0.429985885460683,-1.3236335065372
0.916,0.436035838145778,-1.31786300544654
0.918,0.444975208933026,-1.31270835309734
0.92,0.450079695335225,-1.31966526320817
0.922,0.445778954464107,-1.31421223987974
0.924,0.451418828092796,-1.31929527871694
0.926,0.45463453312673,-1.31472980124105
0.928,0.459310449854579,-1.2892925348598
0.93,0.459331395344545,-1.28248807688238
0.932,0.454188422372836,-1.27062847690623
0.934,0.44924936527502,-1.26901243320083
0.936,0.447524409571567,-1.28230744997589
0.938,0.430360644745587,-1.29770668232787
0.94,0.420202785704316,-1.31564448672646
0.942,0.424264663595503,-1.32957539180572
0.944,0.427405973291589,-1.32302642006923
0.946,0.427669721201902,-1.30467167382943
0.948,0.424631182606656,-1.27494465383023
0.95,0.425102092384356,-1.24470300710651
0.952,0.446214894834394,-1.20861712039466
0.954,0.480110203124386,-1.18217954318802
0.956,0.519063520346825,-1.18040397724801
0.958,0.526134313710001,-1.21325870520832
0.96,0.523435135642089,-1.24048945815746
0.962,0.509155171197051,-1.26374509928105
0.964,0.508151440928501,-1.28032429162838
0.966,0.508624334994241,-1.28428313902416
0.968,0.482344707131584,-1.32082507677479
0.97,0.45916852788869,-1.32948761804496
0.972,0.442330866375652,-1.32701652480389
0.974,0.438243037551334,-1.33132678240155
0.976,0.44773294071889,-1.34230117227209
0.978,0.469613969191584,-1.34784636007885
0.98,0.474313694539782,-1.35688439406842
0.982,0.48312236214166,-1.35701343737304
0.984,0.485796304226587,-1.36415267205383
0.986,0.48404600150044,-1.37847509533423
0.988,0.488644930370896,-1.37361981425782
0.99,0.489869224122773,-1.38691701887486
0.992,0.481878973412682,-1.38522419249333
0.994,0.481482642732723,-1.38834616047017
0.996,0.479948501068144,-1.38900676921001
0.998,0.476348090950773,-1.39221772846142
1,0.473769875382533,-1.40391845008095
1.002,0.478365640811478,-1.41648560713125
1.004,0.472246190263497,-1.43226534069543
1.006,0.464228717668746,-1.43774724722502
1.008,0.463101249160794,-1.46360583872076
1.01,0.460059041660855,-1.47326621337337
1.012,0.464224183102011,-1.46458835984607
1.014,0.468316164266196,-1.45420542482224
1.016,0.455200491227282,-1.41616115242768
1.018,0.452561393578565,-1.38156830495145
1.02,0.445056175711347,-1.36379418317244
1.022,0.440767243640556,-1.3409666720088
1.024,0.435239183006379,-1.32392850244381
1.026,0.4345753235335,-1.31150222351516
1.028,0.431758652216312,-1.32007971267839
1.03,0.434950756500555,-1.32056691362577
1.032,0.4327144691715,-1.33185416683036
1.034,0.443561065529739,-1.34524016476408
1.036,0.451974515602105,-1.36116698482535
1.038,0.445369995659491,-1.36723587162541
1.04,0.451625145842374,-1.37216434990017
1.042,0.448253918418503,-1.37569015449974
1.044,0.444699017532505,-1.3758573671906
1.046,0.4444874479165,-1.39252208575755
1.048,0.448298372114726,-1.39489603453399
1.05,0.454588963452832,-1.40720172996436
1.052,0.468709056545335,-1.42312960262501
1.054,0.476893765940767,-1.43199864414225
1.056,0.472120190064331,-1.44084557622325
1.058,0.479089383787332,-1.44918931269005
1.06,0.479683249922119,-1.44714873587042
1.062,0.476441480456146,-1.4332319611233
1.064,0.473428471943097,-1.42249917269885
1.066,0.471916426288625,-1.4336919307808
1.068,0.462514927916415,-1.41750686998767
1.07,0.453931865358159,-1.41043069985225
1.072,0.447936737566069,-1.40825619714682
1.074,0.440149930238808,-1.4032284282669
1.076,0.441677666102159,-1.40892937021838
1.078,0.445519413071788,-1.42175628580128
1.08,0.440914006710689,-1.42982274163964
1.082,0.441717985376648,-1.43747482997031
1.084,0.442382353819725,-1.43726979966815
1.086,0.444132174832175,-1.44366594778957
1.088,0.442265633532819,-1.44224908706504
1.09,0.43831540357144,-1.44002925694029
1.092,0.422492980522913,-1.44573802073227
1.094,0.423190721601004,-1.44669207191274
1.096,0.421545785746248,-1.43143886738015
1.098,0.421592788348556,-1.42058204675348
1.1,0.419162483790569,-1.40957533426596
1.102,0.426432610270518,-1.39758261897952
1.104,0.43158971083782,-1.38472738321842
1.106,0.428984023652884,-1.36597917901574
1.108,0.427085561730188,-1.34463439036741
1.11,0.42675644563757,-1.32644512998931
1.112,0.432805251885231,-1.30966461967454
1.114,0.424177373059718,-1.30581730008481
1.116,0.430597819859777,-1.31484484811301
1.118,0.424491233286421,-1.32501655914835
1.12,0.425099565308557,-1.35393046839011
1.122,0.420984027665026,-1.37082420567007
1.124,0.421204224537421,-1.39009074207285
1.126,0.425691423291407,-1.40040263183608
1.128,0.413847785375871,-1.40118567655325
1.13,0.410042990219166,-1.39582614056809
1.132,0.404808231907396,-1.38255598366252
1.134,0.397477920962383,-1.37322430486448
1.136,0.398467237549927,-1.35905218319107
1.138,0.394339932776655,-1.34575140494602
1.14,0.401719980114067,-1.3339089376759
1.142,0.408352901302458,-1.33023137847109
1.144,0.413591668377977,-1.32758149389854
1.146,0.419526342576223,-1.31630337898619
1.148,0.418102009394865,-1.33112791169831
1.15,0.427662442425572,-1.34135605727907
1.152,0.429541289447709,-1.35918542949131
1.154,0.424859158501936,-1.37009406056653
1.156,0.413663453794124,-1.38241833433408
1.158,0.412127455745078,-1.38875844970972
1.16,0.411677276663789,-1.38858116448886
1.162,0.403247677250866,-1.38511974348765
1.164,0.405569292921997,-1.37630651843616
1.166,0.394809877004952,-1.38344760768608
1.168,0.40127853231559,-1.3781182626947
1.17,0.401222384653674,-1.37526638928505
1.172,0.411314967180059,-1.37908059622746
1.174,0.421798342214675,-1.38316232814204
1.176,0.431885752779919,-1.37705213864156
1.178,0.42603670141767,-1.38231055263908
1.18,0.427905867982695,-1.38168687026499
1.182,0.428643707610405,-1.38215164448598
1.184,0.429813358237242,-1.37284471426892
1.186,0.421007850402773,-1.36093452085192
1.188,0.425973489824036,-1.36569156796718
1.19,0.421044554828576,-1.36906726243017
1.192,0.426478479259653,-1.37697803794915
1.194,0.421218555582457,-1.38655324613157
1.196,0.422647803083019,-1.39870208305403
1.198,0.425383158324346,-1.4037851731869
1.2,0.412751194770501,-1.41454112974304
1.202,0.419263067405415,-1.41264176408958
1.204,0.421935419622602,-1.40820930050371
1.206,0.418482718180721,-1.41460002069881
1.208,0.411894795821668,-1.39672833754481
1.21,0.414165147340163,-1.38144612592199
1.212,0.410905840500376,-1.37585865315449
1.214,0.415815944344986,-1.37882463948104
1.216,0.420739608672411,-1.38151523083133
1.218,0.416851162339394,-1.38417885402925
1.22,0.419571979301524,-1.38901071713183
1.222,0.419226340046326,-1.39717931891714
1.224,0.41738870701153,-1.40295907986641
1.226,0.420128657539667,-1.41328506363381
1.228,0.411746275401095,-1.41521963778964
1.23,0.417625653962437,-1.4264549570395
1.232,0.429586389862626,-1.43529638325845
1.234,0.425383671591028,-1.43307788844569
1.236,0.424965085604957,-1.43504879533386
1.238,0.426439233929706,-1.42410908097027
1.24,0.433377747446429,-1.424406910512
1.242,0.439176084051532,-1.40414262226045
1.244,0.440108349759226,-1.39827684752853
1.246,0.45065476304789,-1.39871364765467
1.248,0.442990748851862,-1.40508572995323
1.25,0.441731546164952,-1.41607086673842
1.252,0.428044253313972,-1.42196197483586
1.254,0.424099916500823,-1.43281364606186
1.256,0.426755265457264,-1.43761514059051
1.258,0.422864731930425,-1.42904625301214
1.26,0.423283575484612,-1.4217408462437
1.262,0.411847451532422,-1.41113073873485
1.264,0.400837735729989,-1.4006711434302
1.266,0.393525672887355,-1.37255463552126
1.268,0.401553724244808,-1.35383473612821
1.27,0.415460140851736,-1.34606933237331
1.272,0.425160111704136,-1.36114690845604
1.274,0.419506623275229,-1.37883262528004
1.276,0.414231939237908,-1.39385014173645
1.278,0.408600121123959,-1.4104971516342
1.28,0.412464742721547,-1.42440498300544
1.282,0.411891003330534,-1.43118869581789
1.284,0.41380775152553,-1.42951716323337
1.286,0.418153369958339,-1.43815472090429
1.288,0.423162103310241,-1.42731376959372
1.29,0.4228661483217,-1.42072943639465
1.292,0.419982650507522,-1.41447189286358
1.294,0.411802817443479,-1.41165757476079
1.296,0.413283032334692,-1.40747788733523
1.298,0.415194228344838,-1.42070668138781
1.3,0.402525470831112,-1.42021175058563
1.302,0.40461782403747,-1.41382488278132
1.304,0.397018825922534,-1.41761672124817
1.306,0.383414908251723,-1.41865346875926
1.308,0.387900837495129,-1.40785278633496
1.31,0.387580331058685,-1.40119095655368
1.312,0.380608860753452,-1.39581142909844
1.314,0.363451484369053,-1.38993288055954
1.316,0.354687221067589,-1.36693156877829
1.318,0.344702698638464,-1.35005792484833
1.32,0.341728401095476,-1.33256903448024
1.322,0.346245960551732,-1.32860204213249
1.324,0.339566300843674,-1.31578571324745
1.326,0.337076944347326,-1.31757658818092
1.328,0.342351783944377,-1.31289287008552
1.33,0.355941155310339,-1.31841568224705
1.332,0.359601190613582,-1.3284979684526
1.334,0.358245441374975,-1.33472086033315
1.336,0.36210506067884,-1.33694748579842
1.338,0.358768496932542,-1.33724890108072
1.34,0.361178677412188,-1.32719623368024
1.342,0.370837951814454,-1.31332855728348
1.344,0.372360340876353,-1.30814997316772
1.346,0.36983777556989,-1.29824590291846
1.348,0.36609597049303,-1.30128833358297
1.35,0.373803439488774,-1.29418184783809
1.352,0.379304809715132,-1.28636103364051
1.354,0.378415347836667,-1.29572144559554
1.356,0.380609490437901,-1.30977415136306
1.358,0.374802240951641,-1.32076155074676
1.36,0.370981566090757,-1.33535472649683
1.362,0.367859695384144,-1.35301070639837
1.364,0.36881365848705,-1.36446820509448
1.366,0.36569489057048,-1.38911919091549
1.368,0.367637617936905,-1.38029854845707
1.37,0.366120014301765,-1.37559549796374
1.372,0.366198591880014,-1.36143605764205
1.374,0.368310005230586,-1.35129938033537
1.376,0.362283692620051,-1.33211993938769
1.378,0.360165709809379,-1.31582280311692
1.38,0.366599019004387,-1.3056132847371
1.382,0.361137180045912,-1.28504698582935
1.384,0.367442842839712,-1.28276046519442
1.386,0.382210656364776,-1.2870634275215
1.388,0.38115873855615,-1.28971833528641
1.39,0.388157681405738,-1.30572388729172
1.392,0.39265545767043,-1.31995436170009
1.394,0.400292765782562,-1.33585369490752
1.396,0.399096303878819,-1.3594188383111
1.398,0.399361261122382,-1.36600703534945
1.4,0.405082372288882,-1.37175540109516
1.402,0.405346790621212,-1.36522123313486
1.404,0.409210809591273,-1.35397273494411
1.406,0.412733803606756,-1.3502344598601
1.408,0.399749246504366,-1.31876765091792
1.41,0.396746808230277,-1.28533357794905
1.412,0.405566861951862,-1.26609478477487
1.414,0.409263400163568,-1.25490274270316
1.416,0.406728866298534,-1.25082784446494
1.418,0.397387701113536,-1.23578070187959
1.42,0.397502542273041,-1.23655638154038
1.422,0.394251638970143,-1.25133304321888
1.424,0.390399967861696,-1.27343320695719
1.426,0.410122605771623,-1.30261503696903
1.428,0.396925255897912,-1.32317038425493
1.43,0.395142011348272,-1.34513833666399
1.432,0.387221145481687,-1.3621008771281
1.434,0.387045791912103,-1.36494383866322
1.436,0.380311332217512,-1.36254449204549
1.438,0.367802590899012,-1.35840245054306
1.44,0.369638336851835,-1.34640297035686
1.442,0.359143240495498,-1.33728448376113
1.444,0.361147061325425,-1.32762101287409
1.446,0.365612720383537,-1.32999382809653
1.448,0.364394497386749,-1.31366556948424
1.45,0.365445281701372,-1.31255455273024
1.452,0.369850358594751,-1.3059392692844
1.454,0.371274165362338,-1.30655357216712
1.456,0.381096746253224,-1.3139157570739
1.458,0.385460212983645,-1.29615098564223
1.46,0.388702518736131,-1.2926389731831
1.462,0.391250596613085,-1.29263160327513
1.464,0.381530770790318,-1.29413802551778
1.466,0.379360914255072,-1.29370871093815
1.468,0.375117604538411,-1.28496758080355
1.47,0.373433867781348,-1.27727180003188
1.472,0.372070860535128,-1.27097734099716
1.474,0.371046611857659,-1.2728536857229
1.476,0.372833211824272,-1.26429590067334
1.478,0.377866077685494,-1.27016766453822
1.48,0.380590361034601,-1.28006816187108
1.482,0.391709358495941,-1.28497736840921
1.484,0.39354174994051,-1.3016710927167
1.486,0.395814553078964,-1.30778974080832
1.488,0.401471353203152,-1.32728588879679
1.49,0.412966614326127,-1.33515493885579
1.492,0.415741810954433,-1.33389388873673
1.494,0.420762684103486,-1.33242495672253
1.496,0.432322093834303,-1.31852161340277
1.498,0.420864928746051,-1.29939326694569
1.5,0.418832527558482,-1.27952775520255
1.502,0.422288007859395,-1.26151529186634
1.504,0.415531344184824,-1.23886097958464
1.506,0.413238526016221,-1.22956866056775
1.508,0.420066962584143,-1.21407518012632
1.51,0.423348484686476,-1.21489250877586
1.512,0.426141781672588,-1.22795791736521
1.514,0.439048031561593,-1.25359910095876
1.516,0.438192190249929,-1.28047130348927
1.518,0.441237278846457,-1.31065804857756
1.52,0.442327246949807,-1.32977898022102
1.522,0.447342157600033,-1.33723620435398
1.524,0.45688984242512,-1.33416911976328
1.526,0.454952563767168,-1.32891935634829
1.528,0.459543757562461,-1.30408047112961
1.53,0.467130872041453,-1.28670502547653
1.532,0.47287341700613,-1.25827087218396
1.534,0.466883375681126,-1.24099425642423
1.536,0.464935230792842,-1.23217430559794
1.538,0.455926881337946,-1.23046627458111
1.54,0.448577762206988,-1.22618908884684
1.542,0.442345128248427,-1.2250585943923
1.544,0.441093404708071,-1.24400889446549
1.546,0.433086835208533,-1.28348951430353
1.548,0.428576801394274,-1.30989202779893
1.55,0.420667227507314,-1.32499437732382
1.552,0.407685661328596,-1.33730367716885
1.554,0.394769340920583,-1.34927051774407
1.556,0.377081960958372,-1.34157476621509
1.558,0.377868609895932,-1.31150171437957
1.56,0.382331518939257,-1.27975167625305
1.562,0.38801334197229,-1.24765649475665
1.564,0.384056652146494,-1.21791138614472
1.566,0.372895609262092,-1.2029140729831
1.568,0.37491643086485,-1.18482262874417
1.57,0.375019966609199,-1.17552941316464
1.572,0.367964661449994,-1.16990579556304
1.574,0.371952595362934,-1.17413822212236
1.576,0.382341535720442,-1.18898118164724
1.578,0.385426435908626,-1.20206017486353
1.58,0.389907810144184,-1.21881264355028
1.582,0.386981039414842,-1.23864630251352
1.584,0.394732882230327,-1.26420435051276
1.586,0.403154798874336,-1.29195237144502
1.588,0.414199544563619,-1.30669865545293
1.59,0.417830761326066,-1.32251887609471
1.592,0.424022917895223,-1.3275276432295
1.594,0.435961995174014,-1.32313689708957
1.596,0.430486436479994,-1.31889819082293
1.598,0.437319316040504,-1.30452138812393
1.6,0.432706052048132,-1.2939996751891
1.602,0.417824860400329,-1.27383855766711
1.604,0.410731510195674,-1.257153927994
1.606,0.406455433683447,-1.24009350801577
1.608,0.414735380086437,-1.20980632789711
1.61,0.42529627627074,-1.19316522232801
1.612,0.45028179776129,-1.17480652184532
1.614,0.453859040388182,-1.16585105676599
1.616,0.465186628484063,-1.1567759362517
1.618,0.478486261175874,-1.16628376420278
1.62,0.479170290710991,-1.17528259449839
1.622,0.475201662073968,-1.18148738783592
1.624,0.47797093433933,-1.18352935041193
1.626,0.480200603572721,-1.19802824883523
1.628,0.47232158804779,-1.2016734404548
1.63,0.475080702254808,-1.20191346326102
1.632,0.477557049465553,-1.20687399641163
1.634,0.48174542605871,-1.22241903646814
1.636,0.478301188020579,-1.24104060579281
1.638,0.473886411922349,-1.27219275670756
1.64,0.475733937606731,-1.28379257292403
1.642,0.478829277121368,-1.28457079425205
1.644,0.48064965940317,-1.2787723914681
1.646,0.492066223372816,-1.27537858087869
1.648,0.492495678091925,-1.27835396019256
1.65,0.48875456519392,-1.29526346503198
1.652,0.481551828937447,-1.29798077621871
1.654,0.474176879710557,-1.30290423005686
1.656,0.487260877626592,-1.32932527069914
1.658,0.50209617800132,-1.35942115508228
1.66,0.509560356089325,-1.38081617104748
1.662,0.505386369872295,-1.40696628249475
1.664,0.505459576781256,-1.42282428363303
1.666,0.518948265154322,-1.43152413010582
1.668,0.506719460255649,-1.42423619857424
1.67,0.495318855534037,-1.41094126838832
1.672,0.490744011990608,-1.39399804253086
1.674,0.485758936881768,-1.3793593435554
1.676,0.470513228100258,-1.37604490969498
1.678,0.457365964721541,-1.37519298909337
1.68,0.45817620881033,-1.38720457359962
1.682,0.44972158150136,-1.39416721777874
1.684,0.438859748079853,-1.41444402873948
1.686,0.4361675982685,-1.4129817831948
1.688,0.413764974273378,-1.42146623266061
1.69,0.401678347048636,-1.40868839372897
1.692,0.391705306140418,-1.39618689372421
1.694,0.390881915124044,-1.37303760948203
1.696,0.377021417390419,-1.35104075390502
1.698,0.374868535797537,-1.33244449010156
1.7,0.371326146803924,-1.31231805543104
1.702,0.376906026197773,-1.28115461756681
1.704,0.384617295548356,-1.27018371687429
1.706,0.406811061282592,-1.25138772986845
1.708,0.409558394229038,-1.25611588121298
1.71,0.415877783625747,-1.26127887909401
1.712,0.424583204194152,-1.27483402863974
1.714,0.431522844933972,-1.30103476078816
1.716,0.432542835506149,-1.32533091839549
1.718,0.427586854652574,-1.34331518364183
1.72,0.437921188280361,-1.36990890668182
1.722,0.440697337234455,-1.38974105647851
1.724,0.441298349120803,-1.40426251276104
1.726,0.441786549459603,-1.40520865121832
1.728,0.437173296620553,-1.41014968941097
1.73,0.435775100162178,-1.39720419636767
1.732,0.429380844616705,-1.37887223847574
1.734,0.434015947458101,-1.36487227803613
1.736,0.432561813158193,-1.37162642443357
1.738,0.433932630288642,-1.38698698814346
1.74,0.434902777241551,-1.40882828132937
1.742,0.429834240065433,-1.43607616461712
1.744,0.430585683225427,-1.45268190856717
1.746,0.437497219809842,-1.4808019070982
1.748,0.426634675362671,-1.5021552751231
1.75,0.423905127203615,-1.51031705285213
1.752,0.414700528372226,-1.51133892962581
1.754,0.409701109620731,-1.50484382594751
1.756,0.410587742205429,-1.48472451308771
1.758,0.413546690606422,-1.46153287747446
1.76,0.414683396640354,-1.43185437445826
1.762,0.408811430109259,-1.41033819282845
1.764,0.417208993148478,-1.40074237332347
1.766,0.417897542401962,-1.4047079957628
1.768,0.425237062591749,-1.41510715246043
1.77,0.421989212545521,-1.4379614269952
1.772,0.42479742581505,-1.45959481191983
1.774,0.425461556204971,-1.4721237656773
1.776,0.426452531831541,-1.49234552907608
1.778,0.429422956824733,-1.50662788249855
1.78,0.429300699170941,-1.51409426250261
1.782,0.421227816242791,-1.50095914709452
1.784,0.413327547728907,-1.47875824126997
1.786,0.423034730542688,-1.44745988024756
1.788,0.417383725027704,-1.42607298717105
1.79,0.41905194998791,-1.40185984895725
1.792,0.411703980620626,-1.38294798252358
1.794,0.410313906020338,-1.37409297587315
1.796,0.409075320436859,-1.36281145822057
1.798,0.407098317586046,-1.35793296219283
1.8,0.402223399482204,-1.36283867857796
1.802,0.400051594685408,-1.36893814742147
1.804,0.394222352143183,-1.36117123742137
1.806,0.394281984939459,-1.3473837908009
1.808,0.387987581995422,-1.34240762033673
1.81,0.387421542906734,-1.32348377833032
1.812,0.38485702349672,-1.30440220060969
1.814,0.396449862448005,-1.2801540318082
1.816,0.408846543516449,-1.28570226924123
1.818,0.411086766441861,-1.28925397833558
1.82,0.408328566658781,-1.31914321390152
1.822,0.400224625503017,-1.33122217673005
1.824,0.39554604787372,-1.350107322367
1.826,0.386810401970196,-1.36481626639775
1.828,0.379848076912432,-1.36804712766879
1.83,0.378463093208831,-1.36844892902707
1.832,0.37843735380853,-1.36630466136563
1.834,0.377570686634152,-1.36651091988718
1.836,0.370137364605595,-1.35326071593388
1.838,0.356879397254419,-1.3164697149061
1.84,0.342440879743136,-1.27469143859965
1.842,0.35566868165108,-1.21695653441417
1.844,0.371766104660548,-1.18051685441601
1.846,0.374318809388755,-1.16500396439498
1.848,0.384401423730895,-1.17227626227945
1.85,0.378834174856108,-1.19595172009561
1.852,0.374955842092721,-1.20861943153185
1.854,0.374914425774914,-1.22295400195968
1.856,0.380481534622328,-1.24533460436832
1.858,0.370956155230073,-1.26952668063095
1.86,0.360433881559439,-1.2896712884277
1.862,0.356683116602006,-1.29208981323558
1.864,0.34895633524517,-1.28934909780515
1.866,0.348716880769706,-1.28225981045638
1.868,0.352276427602291,-1.25817470210923
1.87,0.358746103018604,-1.24725643728389
1.872,0.359410249991417,-1.24337881879451
1.874,0.362051342070197,-1.25447841893266
1.876,0.356902766450034,-1.25763526295821
1.878,0.356873435782058,-1.26770064311664
1.88,0.353006390264836,-1.26322577757644
1.882,0.352784614754103,-1.26509887406321
1.884,0.34932440324099,-1.26461101097547
1.886,0.360249233680196,-1.26804212654237
1.888,0.361694477517519,-1.24939411594312
1.89,0.372382375257102,-1.22730383983728
1.892,0.383859137778167,-1.20566600517861
1.894,0.406608785119627,-1.18711626785762
1.896,0.416996920735378,-1.19616943376621
1.898,0.422655469861171,-1.2191524884592
1.9,0.409164352432759,-1.24639389931329
1.902,0.397490287769708,-1.26402650847308
1.904,0.404379157966265,-1.27739023121484
1.906,0.408719735962023,-1.30611011649023
1.908,0.410296898686479,-1.32130368126094
1.91,0.405169746844338,-1.34484312331156
1.912,0.401193645366294,-1.35942337400238
1.914,0.396503788698583,-1.36049681699165
1.916,0.387612048428638,-1.35279466082712
1.918,0.387870296438176,-1.33662281004738
1.92,0.391241844825814,-1.31956838831544
1.922,0.388079330937146,-1.31495761467092
1.924,0.391173458178356,-1.31171375178874
1.926,0.402439941207506,-1.30028410252627
1.928,0.405982267707718,-1.31158119770962
1.93,0.40554074772958,-1.32883046456073
1.932,0.397033316540675,-1.3409182969596
1.934,0.38791806897499,-1.35598538113981
1.936,0.38795854401952,-1.36517636802548
1.938,0.380056022350198,-1.37219665228254
1.94,0.373208124419403,-1.37298914299625
1.942,0.365584006428906,-1.37129306901676
1.944,0.358661543542708,-1.35362607123749
1.946,0.350473749459501,-1.33669493053021
1.948,0.342659912102665,-1.30404144576088
1.95,0.346003429486083,-1.27179409045885
1.952,0.355745802671164,-1.25067500901846
1.954,0.361068966358502,-1.23555015395546
1.956,0.370670607308211,-1.22660583192719
1.958,0.370475233160049,-1.22636764370823
1.96,0.379056961006751,-1.22513917341369
1.962,0.390202923637715,-1.23769260147374
1.964,0.398246150160708,-1.26095427805416
1.966,0.401829018118508,-1.28532330734632
1.968,0.415606116276636,-1.30922990082182
1.97,0.417550568815155,-1.33568794467255
1.972,0.418693803386889,-1.34652610951884
1.974,0.417470230418104,-1.33778956426539
1.976,0.409169178825405,-1.33188158910235
1.978,0.414143982352279,-1.32316313748502
1.98,0.412584574648595,-1.32034951135351
1.982,0.418753511475315,-1.31632034553069
1.984,0.407325637864526,-1.3065161144519
1.986,0.408339902823023,-1.30311568082681
1.988,0.403827753665249,-1.29324808426529
1.99,0.407419345124932,-1.28578489145866
1.992,0.405984589618032,-1.28173200562307
1.994,0.419859421876715,-1.275967270627
1.996,0.432575726152405,-1.27254302455069
1.998,0.438526978733622,-1.28462545800341
2,0.445817234988084,-1.30129457634865
2.002,0.450833765301208,-1.31960459212189
2.004,0.443433443289994,-1.32293528445257
2.006,0.433998138965395,-1.31576706979127
2.008,0.439347681957031,-1.32217987567224
2.01,0.430324020028984,-1.31734553334848
2.012,0.420336526902779,-1.30701460766654
2.014,0.410167496842094,-1.29767470209823
2.016,0.409463610418745,-1.29174589603008
2.018,0.412989833312923,-1.28535289222537
2.02,0.408797012971134,-1.28169984488423
2.022,0.406472281554294,-1.28602013597325
2.024,0.404897939197865,-1.2830320137879
2.026,0.400612891924078,-1.28984013643945
2.028,0.409247549475099,-1.27506607893181
2.03,0.412412308879991,-1.27946543899099
2.032,0.412061342326435,-1.28161625215997
2.034,0.405060927550645,-1.2820624152748
2.036,0.387661915549821,-1.28310489001621
2.038,0.375475934009011,-1.26021980349164
2.04,0.375637168155172,-1.23580546418654
2.042,0.376242919669111,-1.20366054364511
2.044,0.368454853081771,-1.16464285062941
2.046,0.369762438334399,-1.13148450828628
2.048,0.369492618769091,-1.11013951408979
2.05,0.373458017854455,-1.08688340065035
2.052,0.38369251151102,-1.07477987660022
2.054,0.384580232928651,-1.07435306424006
2.056,0.394157559120608,-1.08696865736411
2.058,0.400268001086792,-1.13174992221284
2.06,0.389350073312737,-1.15841382468652
2.062,0.383221621575574,-1.17712542617324
2.064,0.382326280931448,-1.19587572488114
2.066,0.390572914628563,-1.211890927153
2.068,0.406703534361796,-1.22617158176715
2.07,0.410113361418719,-1.22142413491744
2.072,0.410321667082509,-1.22275063764833
2.074,0.409385223087291,-1.22876176400418
2.076,0.404159093587025,-1.22981368530692
2.078,0.389224109635876,-1.220203023217
2.08,0.383387059716741,-1.21745240182249
2.082,0.392366538625736,-1.21129431432811
2.084,0.386825967914191,-1.21848658073652
2.086,0.390261876595266,-1.21910648044208
2.088,0.401489439332597,-1.23723084683193
2.09,0.405935891834238,-1.25911470864896
2.092,0.416858623990122,-1.28356415446508
2.094,0.420241989599042,-1.31417916109252
2.096,0.417317839850348,-1.34230534263253
2.098,0.421197681835774,-1.36712090648761
2.1,0.411106651769099,-1.39600723030238
2.102,0.405182565640236,-1.40354222470612
2.104,0.407689091252411,-1.39333926386019
2.106,0.414699124043666,-1.36774692650898
2.108,0.441495832946453,-1.35703927026112
2.11,0.459480940329369,-1.34077805135699
2.112,0.478788623356104,-1.32754368679849
2.114,0.479665756592333,-1.32290459942936
2.116,0.476870521744581,-1.32361011582772
2.118,0.47998355880693,-1.3246513579253
2.12,0.474830985242809,-1.34567749616628
2.122,0.474862536115041,-1.36869047579553
2.124,0.457963692491542,-1.39930389307234
2.126,0.440038992285796,-1.42022999163366
2.128,0.42603853665255,-1.42883666325709
2.13,0.41866303629228,-1.42758585312584
2.132,0.413243636334785,-1.42052173286572
2.134,0.412411101221238,-1.40876050586231
2.136,0.428748167929932,-1.40054676199474
2.138,0.404920765472412,-1.38873576696437
2.14,0.402977936029599,-1.37619648657321
2.142,0.39837401147297,-1.35522699085768
2.144,0.395069852655374,-1.3128524497415
2.146,0.391826237238706,-1.27004559585583
2.148,0.40208373167082,-1.24000692652338
2.15,0.414272942679676,-1.21664622896042
2.152,0.438105638526908,-1.20680530938255
2.154,0.459039684341136,-1.20805700873352
2.156,0.46329105597269,-1.23073379660954
2.158,0.447222326962327,-1.25137082996288
2.16,0.438777445671685,-1.25236477932307
2.162,0.436964985260458,-1.25247068671576
2.164,0.438290173358976,-1.25163291579557
2.166,0.435787303829471,-1.23859155162225
2.168,0.436562732683666,-1.24188961469013
2.17,0.439247067380758,-1.23460784674314
2.172,0.454403935877028,-1.22809326196109
2.174,0.468982126503728,-1.21974411287845
2.176,0.478255652879895,-1.23036337707866
2.178,0.482201958296137,-1.23967102913038
2.18,0.487178263077667,-1.24531636419346
2.182,0.483838207236291,-1.26726800216489
2.184,0.463154086759195,-1.29227605403528
2.186,0.440021803047351,-1.31678094073976
2.188,0.440297438333624,-1.33292832579561
2.19,0.446237642025733,-1.35620696267839
2.192,0.443521464246809,-1.38363836371893
2.194,0.4460807278225,-1.408866242209
2.196,0.443543066370098,-1.42052053038849
2.198,0.439234447460883,-1.42823590743516
2.2,0.440785915686535,-1.41823627758284
2.202,0.447699751569123,-1.39939501609822
2.204,0.436328901567739,-1.37903166643377
2.206,0.430226613160931,-1.36432569841785
2.208,0.443869637477077,-1.3439213713283
2.21,0.450388873071531,-1.3304739417939
2.212,0.45657242669247,-1.32116382842303
2.214,0.449600833624574,-1.32431990703431
2.216,0.460496853199469,-1.33118810671271
2.218,0.458070694952602,-1.3325145702481
2.22,0.456570992760037,-1.3381473070196
2.222,0.464716326975252,-1.33747293518098
2.224,0.459515805904505,-1.34600405193389
2.226,0.466028736858927,-1.34138320229094
2.228,0.464905093868604,-1.35669808926537
2.23,0.450052679742084,-1.38222287712512
2.232,0.452489697089817,-1.39650943874546
2.234,0.446677164010291,-1.40641037749633
2.236,0.444555533832227,-1.42436706489894
2.238,0.433263602841693,-1.4298973224679
2.24,0.428968327422079,-1.43301312325944
2.242,0.423186020304981,-1.41766247252828
2.244,0.416097951498885,-1.40967978356032
2.246,0.408572326147524,-1.41043488933273
2.248,0.404197678550818,-1.37102469132152
2.25,0.400734837352929,-1.35211917405878
2.252,0.401064195264624,-1.32479523903062
2.254,0.408346111544495,-1.30089577925927
2.256,0.416298615801944,-1.28504632931534
2.258,0.431049858521099,-1.28423453093445
2.26,0.451639142477325,-1.28764777078657
2.262,0.44852506898509,-1.29884517898022
2.264,0.45057061186497,-1.30322086199003
2.266,0.459650436842281,-1.29564825044886
2.268,0.45068309445313,-1.2923167487627
2.27,0.456270754415837,-1.27704452078282
2.272,0.460024816592185,-1.25478169214058
2.274,0.464227443811042,-1.24351277102525
2.276,0.464390512486238,-1.22996568034959
2.278,0.455106386759583,-1.23463112348163
2.28,0.468901755010277,-1.24256314878786
2.282,0.481588302195788,-1.26987885494496
2.284,0.467378403090762,-1.30235798299274
2.286,0.472410122597071,-1.34035656342605
2.288,0.478465524870995,-1.35918342951264
2.29,0.48161629930146,-1.3765914035811
2.292,0.473918539631847,-1.38467067898936
2.294,0.472163314849838,-1.39259068490743
2.296,0.466846778401466,-1.4039737924431
2.298,0.45445873692109,-1.3967067904532
2.3,0.443509515394714,-1.38038366033084
2.302,0.441405874471183,-1.36211798819557
2.304,0.433512812799875,-1.35587912115402
2.306,0.434724775843521,-1.34389134519348
2.308,0.428791207745009,-1.35288273934281
2.31,0.43335522472068,-1.34888628247514
2.312,0.429025141168706,-1.3530511650269
2.314,0.432784125278879,-1.35871958916641
2.316,0.429732653463787,-1.3636390876969
2.318,0.419733691510473,-1.36166537681358
2.32,0.409214742595067,-1.3475011379027
2.322,0.408649951664768,-1.32462235557395
2.324,0.411518047961669,-1.30150793138543
2.326,0.410016702492324,-1.27592959480081
2.328,0.416377607442488,-1.25541920583704
2.33,0.425449623411665,-1.23295736839929
2.332,0.44266486824704,-1.20794694142289
2.334,0.457772519689063,-1.21124211754097
2.336,0.466090911074177,-1.2348519269641
2.338,0.456975109809082,-1.25015564216905
2.34,0.450979205243191,-1.26304144102634
2.342,0.45452989118141,-1.28105621188133
2.344,0.451448771515608,-1.30745041431656
2.346,0.44705429497338,-1.3142642215352
2.348,0.444390911270568,-1.3367801997298
2.35,0.449534582077986,-1.34497890670513
2.352,0.45273614067139,-1.35247381533796
2.354,0.451083243856625,-1.35610076290089
2.356,0.449323223606456,-1.35559911935377
2.358,0.448856347988755,-1.35219786717343
2.36,0.455944636962046,-1.35643826771339
2.362,0.458681244662121,-1.35302025472738
2.364,0.455600083891192,-1.35202249045008
2.366,0.464530418043319,-1.35095092595688
2.368,0.455727443344019,-1.36245000241543
2.37,0.452665406081486,-1.37397060926103
2.372,0.446171140542916,-1.3800328020628
2.374,0.439736194398191,-1.37508284934109
2.376,0.432996894679815,-1.36240053676278
2.378,0.435156574864354,-1.35538345084541
2.38,0.441071984758993,-1.35997949824556
2.382,0.446769689292565,-1.34666474422644
2.384,0.454059251499695,-1.33978004439722
2.386,0.462877511695082,-1.32261898909575
2.388,0.462034329556177,-1.31984901814079
2.39,0.464867548665685,-1.32305086677706
2.392,0.461527628358096,-1.3285907355577
2.394,0.452919051478039,-1.3399546987849
2.396,0.45127501643528,-1.32614124817489
2.398,0.438939843263645,-1.31587564124427
2.4,0.440638426336259,-1.30293953501124
2.402,0.44922441931474,-1.30076103500416
2.404,0.452615300957096,-1.30751092135512
2.406,0.456852078231617,-1.31216728917342
2.408,0.44644164087202,-1.32046199503267
2.41,0.43278716424113,-1.33111724065679
2.412,0.434636141594282,-1.34857684615876
2.414,0.441038765111814,-1.36524246603073
2.416,0.441955516620135,-1.37980320409835
2.418,0.458627573873356,-1.39068174863446
2.42,0.470668699921746,-1.40180014753617
2.422,0.481199518901632,-1.42391104600156
2.424,0.4808771512885,-1.44034289602701
2.426,0.478851511339479,-1.44027408588481
2.428,0.473201916272355,-1.45913882475869
2.43,0.489871725204425,-1.46855616945306
2.432,0.505300969385835,-1.48349869434949
2.434,0.506970690594779,-1.47910904523348
2.436,0.510226627396842,-1.47471346449367
2.438,0.512635846273175,-1.46275417618608
2.44,0.493124130117596,-1.43787503559604
2.442,0.480327195098581,-1.39837895856009
2.444,0.495972562805537,-1.3598990654154
2.446,0.489253993546383,-1.34159907798139
2.448,0.498456188087886,-1.30852585981933
2.45,0.509893096702282,-1.2970691062289
2.452,0.507503419996433,-1.30247359261297
2.454,0.500293578620457,-1.31271245715395
2.456,0.497403989892896,-1.3238032657456
2.458,0.489986613386985,-1.3275895312817
2.46,0.495062545924888,-1.34135027939651
2.462,0.485174559772452,-1.35562457811556
2.464,0.472111285766432,-1.35727717664067
2.466,0.460806242109784,-1.35256007750597
2.468,0.458120512649604,-1.33956159828788
2.47,0.461484119092029,-1.33468749585365
2.472,0.459473786649493,-1.3334567387834
2.474,0.45020140367137,-1.33176251704709
2.476,0.447684220449074,-1.33307957535499
2.478,0.448089663500995,-1.34795433218269
2.48,0.445693188235136,-1.36062431969272
2.482,0.441085022379549,-1.36799866013294
2.484,0.445249513448848,-1.36161742939966
2.486,0.448483806748258,-1.34671741276422
2.488,0.433567834053493,-1.35524505132705
2.49,0.42824299406155,-1.3419650911358
2.492,0.416488700027109,-1.32567741300491
2.494,0.411990051114544,-1.30927264451321
2.496,0.408831881012922,-1.28492925694074
2.498,0.413237688423545,-1.27001985443575
2.5,0.417864903495566,-1.27324521199321
2.502,0.417061446491687,-1.28594483835347
2.504,0.425190529772934,-1.30413368703931
2.506,0.433632918070086,-1.32139491892916
2.508,0.449987147708731,-1.33585126497487
2.51,0.447762161556083,-1.3460234141372
2.512,0.446758224191761,-1.34606537849971
2.514,0.446519796941845,-1.34420396054911
2.516,0.438765182108311,-1.33534515515308
2.518,0.436115021472524,-1.34017854634659
2.52,0.428089844606954,-1.3379578380705
2.522,0.421884946000574,-1.33930804962766
2.524,0.423527444066473,-1.34159271257353
2.526,0.427911771455213,-1.34666002141056
2.528,0.42594207775789,-1.3683096589055
2.53,0.438167892984085,-1.38627987465925
2.532,0.447988959370397,-1.41111600250402
2.534,0.446191458013781,-1.43522328890699
2.536,0.441320553054844,-1.45394475664091
2.538,0.439811267493706,-1.46829945348546
2.54,0.431229462117729,-1.46955424872394
2.542,0.416487725558732,-1.45490336645995
2.544,0.415467209309005,-1.4455082879855
2.546,0.411303674976236,-1.44366264291372
2.548,0.399739398537741,-1.42018491046726
2.55,0.396004009858981,-1.39111554491623
2.552,0.397363562877308,-1.36140305226676
2.554,0.40470334631093,-1.32387457991427
2.556,0.398888257047669,-1.30237048695663
2.558,0.40152160794923,-1.28103554287933
2.56,0.392518880266766,-1.26415338819388
2.562,0.396032561532297,-1.24386543813716
2.564,0.403425001824204,-1.24133997261539
2.566,0.409265888712662,-1.25174539214628
2.568,0.394874417028607,-1.26982814891199
2.57,0.382511120034795,-1.28604069370932
2.572,0.37872843600628,-1.29699232983355
2.574,0.378958127521781,-1.29831740772909
2.576,0.385013926783949,-1.29386906997808
2.578,0.379890956348383,-1.28983800542605
2.58,0.374866009037735,-1.27448485865685
2.582,0.374321211747877,-1.2448229774436
2.584,0.388468456151912,-1.22060476075306
2.586,0.411640644052804,-1.19427283127611
2.588,0.424576160050912,-1.18708409709463
2.59,0.434683684517388,-1.18279002458089
2.592,0.441823612981127,-1.19504124173383
2.594,0.437025831308884,-1.22281412500207
2.596,0.415384655804805,-1.24864639822524
2.598,0.411668262486114,-1.2600286416596
2.6,0.408336903611325,-1.27023420811289
2.602,0.403023311979819,-1.29249919020709
2.604,0.406890200935308,-1.2996232773401
2.606,0.398400529705333,-1.31015331420458
2.608,0.413115933523777,-1.3107197907836
2.61,0.418075553134301,-1.31358300128146
2.612,0.423307678858185,-1.31096080701567
2.614,0.434787515697773,-1.3183786220264
2.616,0.435536789011838,-1.32106412032189
2.618,0.42259310963,-1.32913809478191
2.62,0.417848346620373,-1.32735150533404
2.622,0.419684977691686,-1.33013479386352
2.624,0.417243495318801,-1.33812427293868
2.626,0.428425360917633,-1.36175272882049
2.628,0.427024850608297,-1.37452059617994
2.63,0.436828183585273,-1.39510820222702
2.632,0.440020968641136,-1.41206063417677
2.634,0.440122399573524,-1.43145931320496
2.636,0.439048299088061,-1.45098801483029
2.638,0.423841341857647,-1.45922984939804
2.64,0.421937345775257,-1.45310088314687
2.642,0.414714131688906,-1.44552465324335
2.644,0.412193753642486,-1.4250770976495
2.646,0.408520300955665,-1.41191328793175
2.648,0.405759190092202,-1.37637809752485
2.65,0.412748479413517,-1.3538764717105
2.652,0.421620512021633,-1.34624951321072
2.654,0.427147517663952,-1.34763658150831
2.656,0.43124262567233,-1.36901833510056
2.658,0.430110896398838,-1.38196331348428
2.66,0.433983299919744,-1.399884822251
2.662,0.427409644970013,-1.40697984750602
2.664,0.422160803757849,-1.39955057841672
2.666,0.425458527198222,-1.40346366682911
2.668,0.425014269929579,-1.39627396718482
2.67,0.418921546602135,-1.39119972094839
2.672,0.415351277582623,-1.38351920029683
2.674,0.414563185724067,-1.37805881504904
2.676,0.419579298795829,-1.37782764997907
2.678,0.413267034893656,-1.37321569910624
2.68,0.414002626716548,-1.36913989644967
2.682,0.420284633206136,-1.37896039378341
2.684,0.422912551194318,-1.39725688332289
2.686,0.424969437064708,-1.4297621817421
2.688,0.418841456136684,-1.44079533304359
2.69,0.415378197377543,-1.45069124816291
2.692,0.41815635957929,-1.45139760931115
2.694,0.417015340937305,-1.45018593146587
2.696,0.415877496376389,-1.44854921128367
2.698,0.408716870162712,-1.44503034732732
2.7,0.401215851036005,-1.4354740906052
2.702,0.39750769165,-1.42442480386206
2.704,0.402467007701307,-1.40504323623287
2.706,0.418320921652059,-1.39291319211345
2.708,0.417447841126069,-1.38661714307062
2.71,0.415147419941126,-1.3824449292794
2.712,0.415651550203808,-1.37974583158068
2.714,0.415324484151913,-1.37868862347084
2.716,0.421066031980843,-1.38054503341178
2.718,0.414427813950269,-1.37988908546623
2.72,0.421502664251111,-1.36928211543379
2.722,0.425876873412497,-1.36400595601465
2.724,0.42816124525347,-1.376993518417
2.726,0.407628553586905,-1.38790554485708
2.728,0.407172020519094,-1.37516591270333
2.73,0.401486563529849,-1.35330594575564
2.732,0.399159033579381,-1.32440825154555
2.734,0.395542779039938,-1.29390248593877
2.736,0.385248944593395,-1.26065943467927
2.738,0.390103730880847,-1.23030218971733
2.74,0.391011960174812,-1.21035866898299
2.742,0.392748182732312,-1.20611816605097
2.744,0.393512719529862,-1.21929067886384
2.746,0.388845117488058,-1.22505162511887
2.748,0.3909001307314,-1.23511187113075
2.75,0.398179883955749,-1.24048686961773
2.752,0.394156748257394,-1.24649378405365
2.754,0.382016469257127,-1.23101500695525
2.756,0.375128629431252,-1.20604508661953
2.758,0.37759449928594,-1.18002641440843
2.76,0.374056041681113,-1.14417859461346
2.762,0.383180763787447,-1.125687673552
2.764,0.385345390685656,-1.11780462493939
2.766,0.386046184812322,-1.12712333296281
2.768,0.379327543802017,-1.15245089262387
2.77,0.380971999073737,-1.16892884508628
2.772,0.384402800690943,-1.19619881170393
2.774,0.385698629495658,-1.21649151239951
2.776,0.394075774856008,-1.23558255098893
2.778,0.382855088978861,-1.24617051728218
2.78,0.382838535407435,-1.2383466115437
2.782,0.379449315531123,-1.22090601724977
2.784,0.382809093755898,-1.19889167301167
2.786,0.378700301057807,-1.17894801458359
2.788,0.383247177189156,-1.1377498694048
2.79,0.377344275591025,-1.10565384658965
2.792,0.37645754400211,-1.08559764578894
2.794,0.383673313738039,-1.06523441474733
2.796,0.395713979529455,-1.06851743502588
2.798,0.406431496697383,-1.10480438384294
2.8,0.395174247249475,-1.15156858455936
2.802,0.385764838771508,-1.18846079965861
2.804,0.374232734914041,-1.21253978674553
2.806,0.353731782539378,-1.24051138726016
2.808,0.358625231752251,-1.2380969511732
2.81,0.347878303181139,-1.21449653258329
2.812,0.335352578973618,-1.1937332422992
2.814,0.346551610390084,-1.16334869798181
2.816,0.372400240388145,-1.14443886888884
2.818,0.400700236011488,-1.12332574051386
2.82,0.421095218380157,-1.12338644625361
2.822,0.436735086819489,-1.1370889580301
2.824,0.445392829703135,-1.16894194650539
2.826,0.445381036013307,-1.20367093352346
2.828,0.429429138079978,-1.23677471812715
2.83,0.415819952704301,-1.2731175125563
2.832,0.406148267726901,-1.30189432080029
2.834,0.402692186681414,-1.32649493623672
2.836,0.393164856250907,-1.3412102186692
2.838,0.3811109589208,-1.34706703565264
2.84,0.375212949019453,-1.3566975901802
2.842,0.361073184396334,-1.35606396963999
2.844,0.357453459961667,-1.3419814050551
2.846,0.350820765171225,-1.33962807561371
2.848,0.361602117065211,-1.30553346142342
2.85,0.362836258455568,-1.2999268208867
2.852,0.365168716052151,-1.29335232134995
2.854,0.376295371675077,-1.28277002222242
2.856,0.381756488787087,-1.27753018452018
2.858,0.375052767548869,-1.27287161622074
2.86,0.373597427994106,-1.25478209240856
2.862,0.380258045812458,-1.2305027333585
2.864,0.403424019902566,-1.19541260739341
2.866,0.416084621464433,-1.17455168267312
2.868,0.410854067565726,-1.17089332798553
2.87,0.401949082520581,-1.1625175557018
2.872,0.391160055068973,-1.14696188813324
2.874,0.387097124936653,-1.14179884042683
2.876,0.370818760895627,-1.1330659068194
2.878,0.367093613659505,-1.14265609241481
2.88,0.366369124344507,-1.15730573876936
2.882,0.380273600638038,-1.15983548446618
2.884,0.397134484424025,-1.16928650197438
2.886,0.407285685595106,-1.18596712591277
2.888,0.405047778290804,-1.19067367432833
2.89,0.406327637287665,-1.20359571142446
2.892,0.405382607284372,-1.21747730627781
2.894,0.397249733991297,-1.23179538309474
2.896,0.378308260009164,-1.25297038469754
2.898,0.381154950621123,-1.27319985471814
2.9,0.381985271990359,-1.29790466250175
2.902,0.392143336676083,-1.32557579352654
2.904,0.391354366288051,-1.36020526932928
2.906,0.397334176770043,-1.40543303528286
2.908,0.398086051777765,-1.42355314841924
2.91,0.40721225131625,-1.43888636016873
2.912,0.403078133623574,-1.44291042432122
2.914,0.422329850998151,-1.42273194114871
2.916,0.423475724976899,-1.40460754148065
2.918,0.434729157659805,-1.38942093999303
2.92,0.446602882629101,-1.3705474897474
2.922,0.456686287755423,-1.34670645629591
2.924,0.461841227514826,-1.32963528679469
2.926,0.457735692192317,-1.31886442709565
2.928,0.463436982121398,-1.31102698232547
2.93,0.461085517757056,-1.30780861964506
2.932,0.458849652572664,-1.32626514403873
2.934,0.442054086060578,-1.3465750185826
2.936,0.453353286668622,-1.35567958610223
2.938,0.451480268199034,-1.36013470316576
2.94,0.456008805837431,-1.36851717713313
2.942,0.461055766443162,-1.38118843842206
2.944,0.460357764238229,-1.38771533974797
2.946,0.456121538288169,-1.40277706401971
2.948,0.450289539092163,-1.39429559246758
2.95,0.448674403344626,-1.3942611925925
2.952,0.437772934702482,-1.39584261931452
2.954,0.432279949667149,-1.38737814377353
2.956,0.429196412827423,-1.37096801890319
2.958,0.420692086639341,-1.3624704343654
2.96,0.422584075439123,-1.3535951624343
2.962,0.43042193524632,-1.34256916313951
2.964,0.434041539179656,-1.34457565953207
2.966,0.430301941490853,-1.34349934938663
2.968,0.438567862067247,-1.3421814172355
2.97,0.439308086200398,-1.35509753450945
2.972,0.435324437436798,-1.36726465374181
2.974,0.438820913997861,-1.37638308805241
2.976,0.428992062945465,-1.38393412295254
2.978,0.431689674500467,-1.38640325721226
2.98,0.436437829518674,-1.37591673018264
2.982,0.428585116799419,-1.36498728908296
2.984,0.431823310869683,-1.34212508698512
2.986,0.439000071936984,-1.30531791917659
2.988,0.44874391398258,-1.30088024915775
2.99,0.442433238006148,-1.3037404367885
2.992,0.432565470594116,-1.29563446062881
2.994,0.430014727677167,-1.28408047618974
2.996,0.431025567618795,-1.27590633809644
2.998,0.433127661169812,-1.26656008858609
3,0.426511906338674,-1.25598952012554
3.002,0.424893706435035,-1.24193634246136
3.004,0.425325876767623,-1.23246765245087
3.006,0.418406620049114,-1.23475383848761
3.008,0.425019050641921,-1.22628881630341
3.01,0.434048941835688,-1.22877674232759
3.012,0.442731701048836,-1.25364431928656
3.014,0.435444487808415,-1.27473042751017
3.016,0.434754993030066,-1.30077896070374
3.018,0.437240729523123,-1.32111983783814
3.02,0.440860341935468,-1.34737297570589
3.022,0.44388609042183,-1.35889368590602
3.024,0.432563366070312,-1.36779925025263
3.026,0.418322213223675,-1.37824423693022
3.028,0.432100807793728,-1.3638150121359
3.03,0.439133060813296,-1.36124673534479
3.032,0.44502896183116,-1.37294547945611
3.034,0.443274899250849,-1.39541192251548
3.036,0.439941294294411,-1.41660482730119
3.038,0.441074606024529,-1.43092751470339
3.04,0.434424043038417,-1.43786194048641
3.042,0.434196373633293,-1.43145376226904
3.044,0.435557124273514,-1.41941026179157
3.046,0.440634046943959,-1.41100460486102
3.048,0.438787072706465,-1.36760353647125
3.05,0.434073737259257,-1.342863224389
3.052,0.433032118784379,-1.32625174293253
3.054,0.432664040638052,-1.31080805473371
3.056,0.429295060062558,-1.3048336822414
3.058,0.438141029615129,-1.32173429932534
3.06,0.443317210681389,-1.35111483508189
3.062,0.445078823298121,-1.38174157639264
3.064,0.452824757986554,-1.40377172342988
3.066,0.456649659134537,-1.42464892214681
3.068,0.451213410566669,-1.43878615714352
3.07,0.455990835165372,-1.43003670683294
3.072,0.457509808828995,-1.4221780288373
3.074,0.457793593855709,-1.4243270279965
3.076,0.448375431499733,-1.42141049058052
3.078,0.435357966190704,-1.40709635676647
3.08,0.418880609692381,-1.37967061353729
3.082,0.412635082532105,-1.34939875018355
3.084,0.409244729208804,-1.31740623563904
3.086,0.395633638133935,-1.28195315848353
3.088,0.403129337672892,-1.2452017941064
3.09,0.399861893486541,-1.23204930537323
3.092,0.402594541743684,-1.23598290864541
3.094,0.40554049387502,-1.24804230117649
3.096,0.409755246783422,-1.265521352972
3.098,0.416034016033202,-1.29472482503575
3.1,0.414176067922056,-1.32418031596133
3.102,0.409145812129103,-1.35426890742147
3.104,0.413213172585029,-1.37695640058639
3.106,0.408397057978691,-1.3815444353822
3.108,0.40984880393489,-1.37531625992681
3.11,0.416726168469337,-1.36084305847853
3.112,0.424679309420519,-1.34626876202272
3.114,0.427698795957662,-1.34041449873828
3.116,0.413603496293237,-1.32270463127075
3.118,0.420078703395422,-1.29658488598489
3.12,0.428084726947291,-1.27901183436469
3.122,0.431914295846298,-1.28674169919857
3.124,0.437476642165418,-1.29281897877524
3.126,0.431841914269678,-1.306014356356
3.128,0.441879363899697,-1.31506307301788
3.13,0.446340304391049,-1.32995440698256
3.132,0.449690618566954,-1.34988602382534
3.134,0.448861643950063,-1.37719689924609
3.136,0.448059716082892,-1.38799851021095
3.138,0.446703459885091,-1.402715103894
3.14,0.445692317335068,-1.40589402172771
3.142,0.443646178563402,-1.40386725301111
3.144,0.434044443524171,-1.39951353452289
3.146,0.423699712372805,-1.39405521520065
3.148,0.430648975965753,-1.36537372575662
3.15,0.432272653189327,-1.3421221316065
3.152,0.432700824132212,-1.3205627255107
3.154,0.426693468410983,-1.31332389437279
3.156,0.425227063890966,-1.30788675710247
3.158,0.427040956031595,-1.29678853866171
3.16,0.419851173422376,-1.3037017028291
3.162,0.417886210408816,-1.30914560400311
3.164,0.41652912255349,-1.32273210963459
3.166,0.413965075747536,-1.34398443767477
3.168,0.40681183342376,-1.3436062360041
3.17,0.391567759787573,-1.3406978956459
3.172,0.380481812045409,-1.33176475928596
3.174,0.365954953606362,-1.32062416384588
3.176,0.377177703350789,-1.31308087773036
3.178,0.381711183775933,-1.28824508403093
3.18,0.374747160651907,-1.27376736225405
3.182,0.38374544727631,-1.25296365538876
3.184,0.38388553928299,-1.23979086340918
3.186,0.394157532211131,-1.22840259794563
3.188,0.379459720983205,-1.232935822079
3.19,0.378948633411077,-1.2141056165822
3.192,0.375774144180946,-1.19698763312448
3.194,0.377667777268924,-1.17786973544403
3.196,0.381676637037786,-1.17218871227557
3.198,0.378155593277266,-1.16897004177657
3.2,0.374574221066653,-1.1541463303754
3.202,0.382047866031115,-1.13962385601444
3.204,0.388680336146072,-1.14133749937111
3.206,0.387721901618323,-1.14439762025003
3.208,0.391659905905525,-1.13619430170969
3.21,0.382989517028438,-1.13939579259359
3.212,0.384895859056207,-1.15300052466819
3.214,0.38631285032213,-1.16255402784218
3.216,0.394459578427527,-1.17345036671902
3.218,0.389349684412729,-1.18157501457509
3.22,0.388874661462179,-1.19742389908375
3.222,0.384123451862311,-1.21392280857461
3.224,0.373604440390439,-1.22161858614338
3.226,0.369678941034427,-1.21214757229895
3.228,0.362729457308916,-1.19709911701407
3.23,0.350662778543997,-1.18166005734794
3.232,0.34188499310638,-1.1664954604926
3.234,0.34060679475097,-1.15265149435318
3.236,0.333410733784973,-1.15298550996309
3.238,0.345288678853468,-1.15365756032906
3.24,0.350987078052905,-1.16626611810257
3.242,0.363305614554547,-1.1910815700047
3.244,0.371316967259262,-1.21581826658481
3.246,0.382362771868527,-1.25150799860969
3.248,0.392249396025971,-1.28536723903946
3.25,0.400512572956232,-1.32796269183654
3.252,0.394624362134536,-1.34400903463725
3.254,0.382417229918785,-1.35515986882027
3.256,0.382144365977606,-1.3485409687692
3.258,0.371472865127909,-1.31142792509136
3.26,0.362422657342676,-1.27577958092273
3.262,0.373340797849772,-1.2376877144524
3.264,0.395871059981489,-1.2188929250278
3.266,0.398243045660989,-1.21529693115978
3.268,0.399127034164851,-1.23081420666887
3.27,0.407255643099282,-1.24935949694561
3.272,0.425923895469937,-1.2839901123147
3.274,0.437230143311146,-1.3144896050399
3.276,0.438335038710157,-1.34833590097382
3.278,0.435635055911489,-1.36349217944229
3.28,0.426426992108586,-1.37071389066616
3.282,0.42010010232589,-1.36748435771374
3.284,0.420114502458714,-1.3589611319849
3.286,0.417977513496752,-1.35851147520769
3.288,0.432497560647135,-1.33476068744242
3.29,0.436939380927513,-1.32488192490077
3.292,0.441666200526397,-1.31797280209403
3.294,0.434540230741897,-1.31153118154003
3.296,0.424791928060531,-1.3125309466502
3.298,0.428470681450417,-1.29882972014789
3.3,0.422546958371846,-1.29719078124119
3.302,0.419878915409226,-1.28398817092332
3.304,0.428037542490894,-1.27198995505012
3.306,0.432072683195362,-1.26126703556264
3.308,0.432736249962305,-1.26590036666244
3.31,0.43932276591055,-1.26276479055725
3.312,0.425473679251319,-1.25633908468406
3.314,0.424891268177854,-1.24047912891645
3.316,0.432959012606729,-1.23606828776438
3.318,0.445796965715336,-1.23952183515383
3.32,0.44467386582562,-1.24832990981851
3.322,0.443255273807259,-1.25835758666615
3.324,0.449804030756766,-1.27428811073943
3.326,0.46799641708386,-1.28050374833241
3.328,0.459174117899039,-1.3110809256051
3.33,0.454362912875712,-1.32217924297092
3.332,0.451497341151482,-1.32696970656805
3.334,0.452980979094623,-1.32868067250986
3.336,0.453281820283556,-1.333829761025
3.338,0.447212496511188,-1.33600816624136
3.34,0.447744726263352,-1.34055296250321
3.342,0.440867511925632,-1.34330200711059
3.344,0.444997996488958,-1.34396334160309
3.346,0.447449450137587,-1.33283430339526
3.348,0.424190343579903,-1.34397997409854
3.35,0.411666579935699,-1.35284989273927
3.352,0.394705165296759,-1.33416591568347
3.354,0.395219799089945,-1.30117550666625
3.356,0.389748477621313,-1.26939000605651
3.358,0.395994004020922,-1.23502509006669
3.36,0.406899920061702,-1.21159693533547
3.362,0.414011308805036,-1.19630901245928
3.364,0.405245200951711,-1.19219691573371
3.366,0.411948336233241,-1.18733871266822
3.368,0.412897959090547,-1.21233532029438
3.37,0.421592266070488,-1.24977599549603
3.372,0.426087268015487,-1.3055570760543
3.374,0.413704687892109,-1.33456988389862
3.376,0.41051013213945,-1.33821466295704
3.378,0.408337648526982,-1.34291342918268
3.38,0.414278506961514,-1.34624666510733
3.382,0.412813924253119,-1.35102026828554
3.384,0.412988494927559,-1.35630272370177
3.386,0.411573209286136,-1.35068885959475
3.388,0.39232632819878,-1.34757941764479
3.39,0.397638425561068,-1.33429514490498
3.392,0.393086361198426,-1.32400583146433
3.394,0.387957480474349,-1.31448844357888
3.396,0.383675096741272,-1.30457466479033
3.398,0.386264175090015,-1.29958049006134
3.4,0.39627718147939,-1.29655350705868
3.402,0.394817488771823,-1.31059122311517
3.404,0.395514257919891,-1.31976200962938
3.406,0.391354523456792,-1.32864578782137
3.408,0.383827629507802,-1.32157376759324
3.41,0.382321548022979,-1.31864118836117
3.412,0.387328380560884,-1.30205661469801
3.414,0.382909833021519,-1.29695549607745
3.416,0.392971967012163,-1.28056116564301
3.418,0.376631964512862,-1.28361147625255
3.42,0.372824471703899,-1.2829059352346
3.422,0.371771370798745,-1.27268825092583
3.424,0.381190866804814,-1.26966012956171
3.426,0.386144240207464,-1.27666455766352
3.428,0.399422075802749,-1.29169436781004
3.43,0.406743904421325,-1.30606584639334
3.432,0.415824569918173,-1.32730164369685
3.434,0.42558168063809,-1.34934950829618
3.436,0.428720281446244,-1.37716842171526
3.438,0.438351411586836,-1.40370283304673
3.44,0.442728624479221,-1.41990884004003
3.442,0.438955988089019,-1.4215704844668
3.444,0.431367323825253,-1.40707252701991
3.446,0.426774181699662,-1.39993710714931
3.448,0.408865875152014,-1.37877037057235
3.45,0.399248967203327,-1.35532519686656
3.452,0.400330072266397,-1.33008660813501
3.454,0.40087340693716,-1.31802392308156
3.456,0.403246137494741,-1.31178488689932
3.458,0.404611437708675,-1.32430946169285
3.46,0.412177939535494,-1.33844105751354
3.462,0.410638578405057,-1.34990936352225
3.464,0.412171980600461,-1.35749086467473
3.466,0.410928987084967,-1.35977403488661
3.468,0.422786365951381,-1.36411076375365
3.47,0.428776101467188,-1.37250367971518
3.472,0.423646853093975,-1.36926466672365
3.474,0.419090375265211,-1.35519107803691
3.476,0.417096126887175,-1.33318572967314
3.478,0.409099810891777,-1.31846235408345
3.48,0.412159777605773,-1.3009043846867
3.482,0.415567162067429,-1.29522363636214
3.484,0.418912069727393,-1.29574126739956
3.486,0.427848743540551,-1.30134641517027
3.488,0.433191274017561,-1.33442877170912
3.49,0.428302073276334,-1.36386546578969
3.492,0.434270474026121,-1.38847610826621
3.494,0.431383393449783,-1.4099189653107
3.496,0.429667447647643,-1.42547655777958
3.498,0.427561610328935,-1.42562381045838
3.5,0.422390733666555,-1.42990704377685
3.502,0.422297349203345,-1.41644794406641
3.504,0.418505317906958,-1.39287868938185
3.506,0.401041122488895,-1.37536334753522
3.508,0.416713517204252,-1.34785406403801
3.51,0.420937117946686,-1.33300337412419
3.512,0.429412915921479,-1.32742609347832
3.514,0.436775929576358,-1.33390619299584
3.516,0.42862768993634,-1.35500693177212
3.518,0.434523897706723,-1.37943483511239
3.52,0.433448997799632,-1.4074357119607
3.522,0.430906359988689,-1.4337399287471
3.524,0.421741575116953,-1.45037364068774
3.526,0.420017051569636,-1.45664358151929
3.528,0.417934740815076,-1.44723946884507
3.53,0.409874219412338,-1.41459171075422
3.532,0.411983435128899,-1.38174731668621
3.534,0.408314184740322,-1.35457279346679
3.536,0.40629346172052,-1.32569209975707
3.538,0.395964324452567,-1.30024658003896
3.54,0.405846854647891,-1.29335727571571
3.542,0.41378873879213,-1.30208116167159
3.544,0.416204823841756,-1.324438668611
3.546,0.414353216714707,-1.33623548219605
3.548,0.417207111749261,-1.35281333771575
3.55,0.417342740922873,-1.36801229106427
3.552,0.426931512278569,-1.37408426785861
3.554,0.425100521142233,-1.38895980753812
3.556,0.426630836220962,-1.38347345838445
3.558,0.428150060147395,-1.37137469681403
3.56,0.413182953227755,-1.34741438102355
3.562,0.409607546463397,-1.3211091671648
3.564,0.40678119843634,-1.30920807503019
3.566,0.422174341100498,-1.2870529076401
3.568,0.413198654470799,-1.30204724416318
3.57,0.416964726812492,-1.29799979862077
3.572,0.417150560550996,-1.30691103343827
3.574,0.408253693057947,-1.31298543232777
3.576,0.397008391087972,-1.31613427887278
3.578,0.387224240737682,-1.30616667177983
3.58,0.382614661869115,-1.27882962954864
3.582,0.383181020998301,-1.23095937170985
3.584,0.412454456358363,-1.17984676591217
3.586,0.417654186380853,-1.14725930749419
3.588,0.413536829137587,-1.11092888427558
3.59,0.400310091894688,-1.07900373757187
3.592,0.394336462075553,-1.03937552747524
3.594,0.393499264619922,-1.02556834329467
3.596,0.389459147667874,-1.03152875380152
3.598,0.376774276625577,-1.03304250942491
3.6,0.36628727665468,-1.0372542060961
3.602,0.348070235161497,-1.04799548158415
3.604,0.344732700629083,-1.06207105189273
3.606,0.329948097643053,-1.07026124865139
3.608,0.332037861274952,-1.05912958425827
3.61,0.351764587967753,-1.03812687480532
3.612,0.372584412591453,-1.01042731662697
3.614,0.37788729003312,-0.975161931818296
3.616,0.38750831790052,-0.936508902773673
3.618,0.421003407476753,-0.906986287465011
3.62,0.46299654096992,-0.893979559139367
3.622,0.486062970360124,-0.905364890867876
3.624,0.505874990528877,-0.945265395336853
3.626,0.484371150971022,-0.992708458390773
3.628,0.487993571198659,-1.04366574867041
3.63,0.468835558815633,-1.09560402475806
3.632,0.464527371907134,-1.12243345543289
3.634,0.454895390689567,-1.13931166660593
3.636,0.453479723714695,-1.14733600166538
3.638,0.453431285040036,-1.13602942533759
3.64,0.449861116836569,-1.12897523460996
3.642,0.444057600388928,-1.12474269672748
3.644,0.450542279472393,-1.12770666841003
3.646,0.4417570777733,-1.14056538158669
3.648,0.434197894545723,-1.16607152368098
3.65,0.425048701530508,-1.20635845727192
3.652,0.412197746500707,-1.23181735999189
3.654,0.397183884460069,-1.25063529989274
3.656,0.395974333662602,-1.2422867445299
3.658,0.396149255151693,-1.24320685179336
3.66,0.403601666405719,-1.23148449536215
3.662,0.395078481919271,-1.22151956830103
3.664,0.399000399151756,-1.20661570430452
3.666,0.408245827754232,-1.19293379358934
3.668,0.39942469587624,-1.1757205688728
3.67,0.400902063166436,-1.16148256599977
3.672,0.402142908701877,-1.16261205115455
3.674,0.40438830697761,-1.17708460966977
3.676,0.404564663802226,-1.20119589446744
3.678,0.393327967912924,-1.21972112845256
3.68,0.389927610652684,-1.22725124989616
3.682,0.38285500804889,-1.23482893907431
3.684,0.378843177900952,-1.24009620657525
3.686,0.38004841548866,-1.2416319640063
3.688,0.383342574894345,-1.24312221686312
3.69,0.377240439380345,-1.23472443606746
3.692,0.378338044981588,-1.20798978871089
3.694,0.381319488017044,-1.17035249922157
3.696,0.37704174519133,-1.14033483847517
3.698,0.389410004123584,-1.12623899572172
3.7,0.395053213919942,-1.11307980877189
3.702,0.389788276467491,-1.11787995714062
3.704,0.392264562870829,-1.12970794621559
3.706,0.389415442014133,-1.14388609074359
3.708,0.386523823851824,-1.15865226442623
3.71,0.383283201392109,-1.18293406197316
3.712,0.395098284119016,-1.2058609550492
3.714,0.392159232502852,-1.21631762391091
3.716,0.418735418401554,-1.20552766481731
3.718,0.414086102805156,-1.18838759515396
3.72,0.411520941983243,-1.17509831171405
3.722,0.411537464084002,-1.16353165567373
3.724,0.418927983615551,-1.14544948460631
3.726,0.427115859405625,-1.13907517481017
3.728,0.434454604838237,-1.15040740243426
3.73,0.437027779774831,-1.17190055469887
3.732,0.436399855047861,-1.20671869823178
3.734,0.43626842351734,-1.23656550711201
3.736,0.438478679398952,-1.26834448517989
3.738,0.438329084271747,-1.29787448713679
3.74,0.440010120780101,-1.32084389251084
3.742,0.442150142167232,-1.34529754389554
3.744,0.444208577374134,-1.35529411684615
3.746,0.43436174671092,-1.35180779653715
3.748,0.426649091941052,-1.34430273094963
3.75,0.436123056070331,-1.32869174855324
3.752,0.439058691916375,-1.32433414571071
3.754,0.438473248035041,-1.31760238489392
3.756,0.447462026424568,-1.31298650247276
3.758,0.448708308378772,-1.32820230548954
3.76,0.44477521278947,-1.34808182126654
3.762,0.438433034548842,-1.35886166629232
3.764,0.43514647292514,-1.3618817846311
3.766,0.42318448375663,-1.37636430852501
3.768,0.425036270366485,-1.36125326392011
3.77,0.416223056400482,-1.35457296892198
3.772,0.407438944749134,-1.33771763202564
3.774,0.406891886394413,-1.32088144281567
3.776,0.417486125066355,-1.31290077486554
3.778,0.413726817810162,-1.30607893828995
3.78,0.413347238644948,-1.3050964529515
3.782,0.424871588696225,-1.29643254711756
3.784,0.425903398645607,-1.29453033698295
3.786,0.437203448808539,-1.29015145360239
3.788,0.457986254001923,-1.30081953378051
3.79,0.465243363897336,-1.3084400033716
3.792,0.456824674254546,-1.32018612611871
3.794,0.449069869784965,-1.32541672465212
3.796,0.447837449639164,-1.34392148364341
3.798,0.439203624887804,-1.36146945399412
3.8,0.43764240939326,-1.38612406183063
3.802,0.432602515603525,-1.41055184474833
3.804,0.424692189825204,-1.42697113910868
3.806,0.422405976421248,-1.42771447130929
3.808,0.412726334399865,-1.42469591511535
3.81,0.404590344219714,-1.41676190505688
3.812,0.39797090612732,-1.40206213125512
3.814,0.402703610306749,-1.38474981887951
3.816,0.394727500464443,-1.3570495007835
3.818,0.395051928231622,-1.32929832807326
3.82,0.392193459155002,-1.29448007211304
3.822,0.40166046500177,-1.25720390022134
3.824,0.410283795098632,-1.23362523507838
3.826,0.431003680439367,-1.2213901482691
3.828,0.439643573773268,-1.2223120768935
3.83,0.448994153381207,-1.23571065636945
3.832,0.445549639147746,-1.26254479788542
3.834,0.435501709948107,-1.30109488536052
3.836,0.443656570658775,-1.33759406869466
3.838,0.452851033827903,-1.37630473263472
3.84,0.459714169449806,-1.40140948140472
3.842,0.466504200734025,-1.41082109056827
3.844,0.467052615889118,-1.41115919876145
3.846,0.461478269651711,-1.40934533774833
3.848,0.473964124253129,-1.39388698456909
3.85,0.475101454056922,-1.37729063810896
3.852,0.462792033665634,-1.36236852536032
3.854,0.452651377028966,-1.34592052350472
3.856,0.455573916327021,-1.33580690104612
3.858,0.456275427099568,-1.33384866298296
3.86,0.465548881341107,-1.32056327848601
3.862,0.485056533307175,-1.32078224843108
3.864,0.503432756114897,-1.34395471407391
3.866,0.498538320650157,-1.36430487985881
3.868,0.486281712338492,-1.36675157274353
3.87,0.481758340575829,-1.35865253603087
3.872,0.484995274779514,-1.35325649824854
3.874,0.491330784106002,-1.35891897587855
3.876,0.473616016804779,-1.35694671443122
3.878,0.467080521732918,-1.36654357106201
3.88,0.460458416188724,-1.37217778279431
3.882,0.482123945897014,-1.36308796536535
3.884,0.481064232820861,-1.35167239241863
3.886,0.474157576225351,-1.35449749125715
3.888,0.515057108067201,-1.35872078893862
3.89,0.519804915986563,-1.36844176413214
3.892,0.528349363231072,-1.37584172783772
3.894,0.533314573067045,-1.37757663441637
3.896,0.545184337054188,-1.3804735528609
3.898,0.546186886812806,-1.38184383158086
3.9,0.550214789023072,-1.37585170442695
3.902,0.550431346337493,-1.37581122147414
3.904,0.550714386512622,-1.36786075858844
3.906,0.547458056450248,-1.35704907086862
3.908,0.555019153358232,-1.35722729213132
3.91,0.560663184751549,-1.36470039063592
3.912,0.557578379688995,-1.36752166733956
3.914,0.539125528783641,-1.35500789161224
3.916,0.52349858140722,-1.34346963512568
3.918,0.506146344640851,-1.32934696487951
3.92,0.502396496196106,-1.32187125897392
3.922,0.479160510712513,-1.31668457517068
3.924,0.466599238456956,-1.31802455783908
3.926,0.467600558868009,-1.30872933759475
3.928,0.468068382326763,-1.28047548210779
3.93,0.465277364427614,-1.25872290371224
3.932,0.459703236686204,-1.23683397537243
3.934,0.47086723251034,-1.2280880001156
3.936,0.478576668598125,-1.23251171896552
3.938,0.477032589205141,-1.23468400548032
3.94,0.479612252650853,-1.23226258592239
3.942,0.4887853960264,-1.22924652649719
3.944,0.493534805475971,-1.23550548546002
3.946,0.479650208346495,-1.24467642271121
3.948,0.462242940102837,-1.23325352629176
3.95,0.440096845410654,-1.22106235300601
3.952,0.425674276834723,-1.21019912718292
3.954,0.411851889601877,-1.20046510855758
3.956,0.388944275919056,-1.17914751151802
3.958,0.378383547012437,-1.15537769644719
3.96,0.375305591665094,-1.12064292860442
3.962,0.388579878094256,-1.09961841574534
3.964,0.393273078429892,-1.10332317488136
3.966,0.394056591516066,-1.11882987242177
3.968,0.395614434626663,-1.13571337864687
3.97,0.384425450809551,-1.14825543368268
3.972,0.380266356052653,-1.16405558049537
3.974,0.380714104092196,-1.16155879243849
3.976,0.37988998523841,-1.16096478128919
3.978,0.390406203690162,-1.14597173315692
3.98,0.396117161160697,-1.13940255266936
3.982,0.405144222082873,-1.12120428565666
3.984,0.421023785738756,-1.10257267498829
3.986,0.427125160721583,-1.08048145424661
3.988,0.430409343402573,-1.08437624642555
3.99,0.442843300996423,-1.09171656425368
3.992,0.4484835485692,-1.09304659793418
3.994,0.466536962055731,-1.1066978362028
3.996,0.487442909857025,-1.14419564093399
3.998,0.481461988507759,-1.19665265676053
4,0.478855166106552,-1.24736438398681
4.002,0.468322700673232,-1.28386807237922
4.004,0.461428342801655,-1.31126467284146
4.006,0.451683304601594,-1.34449390761491
4.008,0.438715933507924,-1.3598648793585
4.01,0.408740842410241,-1.35998849095487
4.012,0.387321715532709,-1.34987994780401
4.014,0.371850211097708,-1.32810805367204
4.016,0.361564226254788,-1.30435444733678
4.018,0.347418437499487,-1.27785397765226
4.02,0.337730256548444,-1.23495754717814
4.022,0.342970445807934,-1.18456433942739
4.024,0.362105361171555,-1.14573302974241
4.026,0.386710963359732,-1.09870170416557
4.028,0.402632930412691,-1.0440806274928
4.03,0.428091527132589,-1.0046931380187
4.032,0.442648744282074,-0.983586729523248
4.034,0.454791846176005,-0.969323287109546
4.036,0.460467059419158,-0.960283823022422
4.038,0.475327261196326,-0.968629053309286
4.04,0.482930929073312,-0.989887127866403
4.042,0.486590961575201,-1.01216774170817
4.044,0.492572372772804,-1.03579643171341
4.046,0.497673116546151,-1.05076464005728
4.048,0.506687360545835,-1.04497278851306
4.05,0.502307044901807,-1.05477077236922
4.052,0.496116972300601,-1.06563809021751
4.054,0.489798939694376,-1.0669020071948
4.056,0.476886145893009,-1.06229437204779
4.058,0.456784497525363,-1.06869303189933
4.06,0.455103053950216,-1.08871681972206
4.062,0.454895739706168,-1.1237831622676
4.064,0.473812536426722,-1.16881274412185
4.066,0.488755181595288,-1.2146286753751
4.068,0.510269173491475,-1.25062439091657
4.07,0.511890030191437,-1.29114413814457
4.072,0.50932856161237,-1.3350583467741
4.074,0.512424700147675,-1.37272438763956
4.076,0.517348942255791,-1.4122636302564
4.078,0.506277423954439,-1.43510775553655
4.08,0.487861249222461,-1.43798270139815
4.082,0.471126701199026,-1.42045327049963
4.084,0.466445011064842,-1.38337476791259
4.086,0.453713014742517,-1.34076342946153
4.088,0.459773461623098,-1.26746260828342
4.09,0.472824837606724,-1.20601659742779
4.092,0.476913960003031,-1.17667168132381
4.094,0.480030308372489,-1.15337144723508
4.096,0.480574473459836,-1.14863244391786
4.098,0.484757542620681,-1.14459840680475
4.1,0.472958590383852,-1.1637522020167
4.102,0.491107821874792,-1.1874716864095
4.104,0.498347749449653,-1.23476501073096
4.106,0.487136405580156,-1.28127306116474
4.108,0.481106788314908,-1.30056013916174
4.11,0.473331496308727,-1.31323334743262
4.112,0.465990352979407,-1.31568935457169
4.114,0.471861056489172,-1.31332739116961
4.116,0.472466550442618,-1.31000219188307
4.118,0.478946768238088,-1.31003068554014
4.12,0.47349680865462,-1.31576605329648
4.122,0.479693157231667,-1.33011818744947
4.124,0.474725271963651,-1.34946642602103
4.126,0.464766609874902,-1.35264211849552
4.128,0.458549026106025,-1.35585226001698
4.13,0.451506610360301,-1.35486954121757
4.132,0.457355455222441,-1.34673927411862
4.134,0.449325707939176,-1.33021570400922
4.136,0.443382175479177,-1.32344948930587
4.138,0.428815194238237,-1.32441359996495
4.14,0.42899874954829,-1.3364701456282
4.142,0.427791053600454,-1.33171452626471
4.144,0.426706394664713,-1.32423659626952
4.146,0.434594436358921,-1.32983019553629
4.148,0.435662327051264,-1.32835044321098
4.15,0.442843887682239,-1.33805212207932
4.152,0.451785754279382,-1.34440331497327
4.154,0.452602464899685,-1.33612290312698
4.156,0.44450604111407,-1.33464077478802
4.158,0.429636523597307,-1.31545165675714
4.16,0.426800493933664,-1.27966168093319
4.162,0.427675027182173,-1.25989335269239
4.164,0.445311256238269,-1.24815071748189
4.166,0.458129690201467,-1.26190215572886
4.168,0.429070664577655,-1.28360042030451
4.17,0.420182435343627,-1.30297647699935
4.172,0.4286124453084,-1.3095900822217
4.174,0.431359215475462,-1.33135817774379
4.176,0.433085942809673,-1.34970590401558
4.178,0.428914142786916,-1.34873443384394
4.18,0.425398575500776,-1.33546402326618
4.182,0.420030677433465,-1.30398423714429
4.184,0.417870351420797,-1.27861716205979
4.186,0.423381022050472,-1.26053238417341
4.188,0.407667276781615,-1.24454626015697
4.19,0.401244099533482,-1.22452316332984
4.192,0.412019352013159,-1.21086497132433
4.194,0.418313307381285,-1.20672259161723
4.196,0.440841320772046,-1.21088136099565
4.198,0.462507287823085,-1.23206447024033
4.2,0.458837623072894,-1.26433903072903
4.202,0.465219263038371,-1.29396268732323
4.204,0.462253347682401,-1.32589889466344
4.206,0.459939264650048,-1.35303490890752
4.208,0.445634852042431,-1.35776440996971
4.21,0.435351647817004,-1.36312761229647
4.212,0.434519397691093,-1.35089271650216
4.214,0.433272559396022,-1.34358870630005
4.216,0.421336174661494,-1.3305243081916
4.218,0.421741454987757,-1.32182706969315
4.22,0.422851915157721,-1.31663232887851
4.222,0.421703052488295,-1.3198956252444
4.224,0.421535668800685,-1.31193671538712
4.226,0.42240098577297,-1.29859558478489
4.228,0.413159004233241,-1.29361157321404
4.23,0.404418296325565,-1.27141948988979
4.232,0.396284808817126,-1.24502117496223
4.234,0.402283985796225,-1.22284469099554
4.236,0.397694973780377,-1.21591361113127
4.238,0.399884212158359,-1.2280877899803
4.24,0.392162714692441,-1.23428559979621
4.242,0.383409337581424,-1.23835839235563
4.244,0.370975615566281,-1.24767305936369
4.246,0.359383527910114,-1.24649516359841
4.248,0.350478890082613,-1.2346726161642
4.25,0.343701711457047,-1.20580519209188
4.252,0.344862660334194,-1.17990363637418
4.254,0.346203256696493,-1.15625412756441
4.256,0.352843604440327,-1.14287155294749
4.258,0.347830135504436,-1.13448816628286
4.26,0.340277324153245,-1.12239613149194
4.262,0.34050342718071,-1.11824451586021
4.264,0.337296220550301,-1.10877379017367
4.266,0.356565572269468,-1.09062418020606
4.268,0.357098949736272,-1.08394537305296
4.27,0.349136379714895,-1.08051077321827
4.272,0.341570201225664,-1.06591475680078
4.274,0.354149392120054,-1.05688777715572
4.276,0.372491396327431,-1.03504125768201
4.278,0.403240365745267,-1.01782074056195
4.28,0.423947657844318,-1.02396523873374
4.282,0.43641157400724,-1.04054966582927
4.284,0.448805052493414,-1.06940372837433
4.286,0.4562759678528,-1.08832891180025
4.288,0.45130538950205,-1.14131229798069
4.29,0.457049966364751,-1.18173368317795
4.292,0.450342352076687,-1.22705801181807
4.294,0.455174509565505,-1.25505530119654
4.296,0.450653593293319,-1.27739737340983
4.298,0.451648404208579,-1.2963045399872
4.3,0.446978540459405,-1.31257075824446
4.302,0.44907808928529,-1.30076808068289
4.304,0.452633701560777,-1.29567600871332
4.306,0.465291221258277,-1.2866641956319
4.308,0.45228887542025,-1.28980507533456
4.31,0.452045857605845,-1.29027512171605
4.312,0.447613412754039,-1.28673477794351
4.314,0.442246970590626,-1.26832141590592
4.316,0.448233417462696,-1.24211717582748
4.318,0.45743843611693,-1.21905910997335
4.32,0.470943102657548,-1.20147326018179
4.322,0.482858791633282,-1.19342349900511
4.324,0.491577506311725,-1.19621861057475
4.326,0.505334459277867,-1.19014947822444
4.328,0.497859912216184,-1.19780736427988
4.33,0.50912759960005,-1.2041845312727
4.332,0.510338370470816,-1.22211344420135
4.334,0.511340824544741,-1.25310757095701
4.336,0.511499388192585,-1.28228439131889
4.338,0.505512667662448,-1.30572042066592
4.34,0.495563056165206,-1.32124563725944
4.342,0.489212066670843,-1.33300118896577
4.344,0.510443491622444,-1.352763119664
4.346,0.53036864248994,-1.36282119930089
4.348,0.546911362404133,-1.37675149247961
4.35,0.547731989076451,-1.37156815742877
4.352,0.539149298087552,-1.35776841611073
4.354,0.52767061287129,-1.35923681612071
4.356,0.514014234128417,-1.35845120962377
4.358,0.50988901879204,-1.36701687666597
4.36,0.498215102292807,-1.36767642113533
4.362,0.489996545607392,-1.37284827466405
4.364,0.488880019974841,-1.40104379194121
4.366,0.480772209702079,-1.42335950925031
4.368,0.488489755090673,-1.42934816212886
4.37,0.490670360837843,-1.44096773243957
4.372,0.495325505615472,-1.45748572375897
4.374,0.500126243118954,-1.47310809417676
4.376,0.504430551635709,-1.47057776848263
4.378,0.496627956378436,-1.47274296455159
4.38,0.491487511821841,-1.47321118317148
4.382,0.483811169127004,-1.46404488288
4.384,0.476034299846238,-1.45175455105139
4.386,0.470839245601309,-1.43219811136104
4.388,0.466101245524646,-1.42483616261673
4.39,0.467532482574063,-1.41321958787465
4.392,0.463180449633653,-1.40207637665321
4.394,0.460352376762897,-1.40051364705381
4.396,0.458332894289921,-1.39797686624046
4.398,0.455958572447842,-1.39383003448061
4.4,0.465263189675261,-1.40302201073061
4.402,0.458948361878763,-1.41435420050839
4.404,0.448736522777285,-1.4223776297278
4.406,0.43848646198292,-1.43785317773536
4.408,0.432453455050227,-1.44403996168009
4.41,0.430109036824312,-1.45079113091118
4.412,0.434847039758629,-1.45082489909682
4.414,0.438937607932487,-1.45044586509845
4.416,0.44162583621408,-1.45301917361333
4.418,0.439476967361583,-1.44085210508352
4.42,0.436470925799509,-1.42380337419397
4.422,0.439241928014795,-1.41192735580732
4.424,0.440346240549698,-1.38726002812727
4.426,0.451540572617139,-1.37050485285919
4.428,0.460512422846491,-1.38129667360891
4.43,0.45475842931095,-1.3942111321935
4.432,0.451884386007576,-1.39627442625403
4.434,0.451057642448044,-1.39458991661709
4.436,0.447892405014833,-1.39118002101168
4.438,0.449839656111065,-1.38411812526747
4.44,0.443310265973354,-1.37456071244233
4.442,0.445461561319613,-1.36590597067877
4.444,0.444188634111937,-1.36387599957757
4.446,0.440396439642684,-1.35154907923012
4.448,0.430030065102883,-1.33743231347406
4.45,0.428551514691242,-1.31847601608266
4.452,0.419922302813618,-1.28874032332009
4.454,0.41730359412225,-1.27777095285954
4.456,0.402723088478252,-1.28143417975602
4.458,0.395583072105204,-1.27636171606826
4.46,0.394294400644307,-1.27474822952441
4.462,0.398751747774481,-1.26918027772939
4.464,0.414704717502259,-1.26762560413458
4.466,0.411146552440576,-1.27833697387163
4.468,0.412888807810212,-1.29228587188038
4.47,0.412355233278237,-1.31361935291597
4.472,0.409100038592948,-1.32087995427773
4.474,0.410089826882443,-1.31895609771092
4.476,0.401458505535465,-1.31403147338541
4.478,0.403072766758267,-1.30488356088811
4.48,0.408975113683031,-1.30815427103654
4.482,0.405836958547134,-1.30173572127625
4.484,0.407333580366952,-1.30737459017249
4.486,0.40813112979253,-1.32624687032389
4.488,0.409011979506501,-1.33093531404621
4.49,0.407513113845444,-1.34679950737297
4.492,0.407492827100499,-1.36625839544
4.494,0.409661022445238,-1.38268531618521
4.496,0.407785267061838,-1.39484141056898
4.498,0.412710495734316,-1.40673824956263
4.5,0.418299325426937,-1.42057662530718
4.502,0.411205715022762,-1.4254951316353
4.504,0.415625374841817,-1.41490738317399
4.506,0.416614270801175,-1.4132536594363
4.508,0.416910180151786,-1.39356473517062
4.51,0.414374864016936,-1.39141436389469
4.512,0.416062563954129,-1.36717268297676
4.514,0.419889373014425,-1.3485222654644
4.516,0.419041470472377,-1.33480179828865
4.518,0.417436507662802,-1.3197035584941
4.52,0.41983158874227,-1.30418786671014
4.522,0.406971801301337,-1.30365408225922
4.524,0.404433644649266,-1.30066262243564
4.526,0.38595202644966,-1.3003413996275
4.528,0.391722041510433,-1.28878538815285
4.53,0.390571124209389,-1.27625187622808
4.532,0.392055900532165,-1.26124654732446
4.534,0.394350168291457,-1.25384992150213
4.536,0.395458282883766,-1.25500869447652
4.538,0.390461223669281,-1.26598491567427
4.54,0.383094255461178,-1.27062022355812
4.542,0.379797678292278,-1.27255354364657
4.544,0.380295724483508,-1.27150968188963
4.546,0.403917676717499,-1.26403755208282
4.548,0.383262162720071,-1.26721072304256
4.55,0.379337872172869,-1.26577065607116
4.552,0.38331087951962,-1.24335243806217
4.554,0.396264311997762,-1.20537984431973
4.556,0.402237735730762,-1.1661940011399
4.558,0.432554229609909,-1.1315864441758
4.56,0.461711597264901,-1.10471539005546
4.562,0.481153864643204,-1.10733172247718
4.564,0.480980319748685,-1.12400198422721
4.566,0.483354788342135,-1.14751832341661
4.568,0.477437229372288,-1.17626362148728
4.57,0.492545486851106,-1.21100158606757
4.572,0.478742443817429,-1.25704958355038
4.574,0.47002555410719,-1.28609277588972
4.576,0.471486660913871,-1.29080643823636
4.578,0.479126458832153,-1.28796493507606
4.58,0.48318193213696,-1.28927983484138
4.582,0.482457190377203,-1.28986317370709
4.584,0.483333723762078,-1.2959524743156
4.586,0.478525546158932,-1.31332305219899
4.588,0.486915035269191,-1.3298570334633
4.59,0.472229764979456,-1.33614787695275
4.592,0.476997405168785,-1.33187084454177
4.594,0.483254202839226,-1.32586251312536
4.596,0.4865835760715,-1.32050396515019
4.598,0.484426653714584,-1.31691184029581
4.6,0.478561626459811,-1.31493326388926
4.602,0.475612768180959,-1.33276108720475
4.604,0.4762515617133,-1.34695149327075
4.606,0.449708495514202,-1.36358014506339
4.608,0.443310612186053,-1.35591669605838
4.61,0.43505109166836,-1.35650029049573
4.612,0.439018108033153,-1.35808658722363
4.614,0.442615798134191,-1.37829028589367
4.616,0.453591722170787,-1.39917540687058
4.618,0.458549657397121,-1.4143974869426
4.62,0.455576876894247,-1.42182095758949
4.622,0.449963653264285,-1.42551499151919
4.624,0.448524873640503,-1.42937826612613
4.626,0.433287095485685,-1.44678921610463
4.628,0.454257987462815,-1.43518644988123
4.63,0.458042881111466,-1.43310378661344
4.632,0.457431769536153,-1.42872600309437
4.634,0.452972731942063,-1.43093539053497
4.636,0.449336012182322,-1.4248522554338
4.638,0.448186269123414,-1.43041715951803
4.64,0.450492936218818,-1.42869074394484
4.642,0.442544577786528,-1.43477557403073
4.644,0.436235874983629,-1.42614093365055
4.646,0.433744333015704,-1.43636802420229
4.648,0.443773513881145,-1.43575741375001
4.65,0.444668763986246,-1.43735224444837
4.652,0.433920489057014,-1.43268397042361
4.654,0.425739090341005,-1.41971589115819
4.656,0.410437510831567,-1.41496444491763
4.658,0.415546579667551,-1.41390917406603
4.66,0.401994234048621,-1.39660388315813
4.662,0.397921551626379,-1.38262475008589
4.664,0.4045698395961,-1.36426615548576
4.666,0.410870133552698,-1.34329023073501
4.668,0.395806965575822,-1.34504952397175
4.67,0.391305975711768,-1.33893968373011
4.672,0.39469578853051,-1.3260652633614
4.674,0.400729645685134,-1.30885441703751
4.676,0.407243807496604,-1.29248532546356
4.678,0.409125417189618,-1.29392132204114
4.68,0.411767943568441,-1.29227935543419
4.682,0.417097102873072,-1.29451373239459
4.684,0.432379731307395,-1.30418653571517
4.686,0.444156056834092,-1.31939924701198
4.688,0.432133998783655,-1.33651171772767
4.69,0.440551866048067,-1.35400022573094
4.692,0.44791600129327,-1.38010816963671
4.694,0.45288222962509,-1.39924004229164
4.696,0.447164015143991,-1.4218835908056
4.698,0.440667137695154,-1.43113164866719
4.7,0.433219136828779,-1.4274780695734
4.702,0.423657436048248,-1.41944387759061
4.704,0.422952498969864,-1.40551761805053
4.706,0.419320764341749,-1.39553433815191
4.708,0.419016186752183,-1.37687013869041
4.71,0.423836823916232,-1.36534191682819
4.712,0.434465517417309,-1.34917788049857
4.714,0.435467221025702,-1.34689215822549
4.716,0.444647998461157,-1.36548506515625
4.718,0.453680426334037,-1.38882297216372
4.72,0.46230577019019,-1.42188934741009
4.722,0.465124334086846,-1.45564105648695
4.724,0.455667880713489,-1.47000624871008
4.726,0.45555535781774,-1.46556062192542
4.728,0.45173105908656,-1.45578864957475
4.73,0.43551882949461,-1.44021809839868
4.732,0.430895473623591,-1.40926162783649
4.734,0.424590449148905,-1.36916186515877
4.736,0.424370621761418,-1.34389902645457
4.738,0.433771930174341,-1.32759739488865
4.74,0.431178001091787,-1.32206039876846
4.742,0.432663804270808,-1.33071007833586
4.744,0.425492251676038,-1.33561311505596
4.746,0.406923586036137,-1.34098987511135
4.748,0.407023542378171,-1.34473812481536
4.75,0.401887571740098,-1.3477465096237
4.752,0.3934349041391,-1.34630296904011
4.754,0.397470355454467,-1.33704157630351
4.756,0.391897371871116,-1.32588150933773
4.758,0.393420732149786,-1.31656057293761
4.76,0.394606592778109,-1.31322836889279
4.762,0.3979169898349,-1.31350379612628
4.764,0.391831133176063,-1.30560740199493
4.766,0.397549171229519,-1.29393100569823
4.768,0.396265101292984,-1.29995019690883
4.77,0.391377722555849,-1.30724499736843
4.772,0.390334467720399,-1.30538735373781
4.774,0.388893913592742,-1.31022368458286
4.776,0.386191442130103,-1.31201504144755
4.778,0.384873100652948,-1.32151926132097
4.78,0.399168082218364,-1.33000956815354
4.782,0.404061058933337,-1.33470347427209
4.784,0.420205740343329,-1.34440808445075
4.786,0.422059158503503,-1.33687210629745
4.788,0.423371303359193,-1.33526526167128
4.79,0.422112428729693,-1.32873195285066
4.792,0.426900898791513,-1.32177212917896
4.794,0.433413551542382,-1.32974882905293
4.796,0.432941331471265,-1.35446627611058
4.798,0.432136215069587,-1.37494193022981
4.8,0.41722986133552,-1.39742701587109
4.802,0.419637067577627,-1.42471678459832
4.804,0.422060896075396,-1.46026620836014
4.806,0.41881471767277,-1.48407349780368
4.808,0.422352426955885,-1.49155531499424
4.81,0.421590546567549,-1.4933025623155
4.812,0.418207194618313,-1.48171072004725
4.814,0.414185489811603,-1.47464763201478
4.816,0.406361538664969,-1.46089759850863
4.818,0.406451045562329,-1.44463660660113
4.82,0.403799071198313,-1.42615087078988
4.822,0.406177159291635,-1.40506436150521
4.824,0.409279236303399,-1.38640841818905
4.826,0.403554881232305,-1.38824138653728
4.828,0.418459602125913,-1.37662518318703
4.83,0.431209778869515,-1.38662259019112
4.832,0.43098529313212,-1.39883886994622
4.834,0.419478821207857,-1.412097666731
4.836,0.417391931568688,-1.412335444663
4.838,0.413940150100772,-1.40862913276061
4.84,0.412985589224615,-1.39813123200279
4.842,0.409296104985536,-1.38559209830069
4.844,0.410467405903614,-1.3696874038855
4.846,0.410725435995379,-1.34891537300272
4.848,0.408872052526255,-1.35202476548392
4.85,0.410712182613663,-1.34535249673496
4.852,0.407148327154738,-1.34355217378467
4.854,0.402540615233537,-1.33675216191674
4.856,0.395256471283635,-1.3173017750816
4.858,0.398504277297304,-1.30750787770925
4.86,0.408439081439413,-1.29895306250519
4.862,0.412827465797731,-1.29590464958317
4.864,0.422916405465248,-1.2951986225572
4.866,0.423864264361585,-1.31139479320865
4.868,0.428271982858809,-1.31520650324416
4.87,0.420700731582518,-1.32456353037384
4.872,0.415995646493166,-1.32991583543106
4.874,0.413740505133257,-1.33656950878
4.876,0.409779567840308,-1.3462792605613
4.878,0.412355113082031,-1.35963541208018
4.88,0.412606147584567,-1.37608644935543
4.882,0.422207868311734,-1.38913680975828
4.884,0.434094427143948,-1.39620528011047
4.886,0.428009012576581,-1.4074954397053
4.888,0.434425862229457,-1.40266348874633
4.89,0.436196610361226,-1.40513739660302
4.892,0.430594038285519,-1.39970169711113
4.894,0.424219904088807,-1.38463058853231
4.896,0.423664460158578,-1.35873363203281
4.898,0.414307482638335,-1.34413780202142
4.9,0.411109366037958,-1.34088263206334
4.902,0.407446139843218,-1.33493704785153
4.904,0.409780838392401,-1.32205396648191
4.906,0.406692898735761,-1.32115407197108
4.908,0.412688290006378,-1.3269755146449
4.91,0.413594357011072,-1.33306417367653
4.912,0.416872842072399,-1.34677710235459
4.914,0.41523172856663,-1.36779475950396
4.916,0.415405963512205,-1.38761162930422
4.918,0.411680657804135,-1.40771547089497
4.92,0.410935339857976,-1.41516070633052
4.922,0.414350847605629,-1.41874654396776
4.924,0.412233593552859,-1.41277210018297
4.926,0.410799420055953,-1.4107817120534
4.928,0.419368412907644,-1.40485263242256
4.93,0.421180811987508,-1.37961593779631
4.932,0.420645963143118,-1.36546719118555
4.934,0.422073282591963,-1.35451249585778
4.936,0.423056145388753,-1.35586070454914
4.938,0.417397963116786,-1.34578832658602
4.94,0.412022777426704,-1.33859851443726
4.942,0.408489457829935,-1.32386452367123
4.944,0.413863798309294,-1.31867728252682
4.946,0.423263509785749,-1.32279182203743
4.948,0.431388103405382,-1.31770017780911
4.95,0.431948392657132,-1.31090790863945
4.952,0.430683096485469,-1.30749184513513
4.954,0.430327792731262,-1.3089003049017
4.956,0.439564229405795,-1.29134967360814
4.958,0.439494518832834,-1.29436306961218
4.96,0.436104544719405,-1.28914065888846
4.962,0.429258660167329,-1.29035614176055
4.964,0.434896810227893,-1.29948174416088
4.966,0.436293814275259,-1.31117495684597
4.968,0.424400838207913,-1.32095804689343
4.97,0.420013808316251,-1.33437758828732
4.972,0.425356349771427,-1.33829957675346
4.974,0.421379209070232,-1.34913733137854
4.976,0.418546426020223,-1.36071241040698
4.978,0.423533053067991,-1.37011800553405
4.98,0.422603488549527,-1.38035321092201
4.982,0.423859992515782,-1.39852395366814
4.984,0.415371230736628,-1.40950294336792
4.986,0.412594799044501,-1.4221928123527
4.988,0.414814565361242,-1.40819782893643
4.99,0.41526354205142,-1.39561763629879
4.992,0.414776529001494,-1.38901579300325
4.994,0.40871226579238,-1.3830588603977
4.996,0.407797600906657,-1.37248209044946
4.998,0.406985400217522,-1.36741564342107
5,0.396321206569241,-1.36394322026475
5.002,0.396009986776348,-1.37296587409743
5.004,0.389613913551447,-1.37390972148488
5.006,0.375802050251726,-1.37942242674581
5.008,0.389293350462344,-1.37611303005104
5.01,0.384741519526477,-1.38335314213478
5.012,0.386983249529116,-1.38543967988567
5.014,0.386639980687053,-1.39125468689164
5.016,0.385200329022615,-1.40845386888244
5.018,0.384419794176892,-1.40319376340791
5.02,0.383341756585396,-1.41028920947223
5.022,0.373048997841351,-1.42315049740863
5.024,0.363170751895013,-1.4276180901301
5.026,0.358798381631888,-1.40991611629632
5.028,0.3486471180012,-1.38331736555726
5.03,0.354424983107976,-1.34121001475884
5.032,0.357062062419878,-1.30052162105453
5.034,0.363975899736223,-1.26907347024138
5.036,0.371278339741444,-1.24416436664388
5.038,0.378496587267438,-1.23085443247322
5.04,0.381944917598753,-1.22746317170226
5.042,0.381758433940018,-1.2281705122066
5.044,0.379929290459154,-1.233074388339
5.046,0.377047054254735,-1.24728096626082
5.048,0.386889742865433,-1.26788305442622
5.05,0.379621881182636,-1.28644140737058
5.052,0.373612575398051,-1.29588612921314
5.054,0.376087408569759,-1.29782814594301
5.056,0.378532972717667,-1.28895712369676
5.058,0.387202804629934,-1.29731608177533
5.06,0.380745809253969,-1.29384445087458
5.062,0.382431389642031,-1.28517623807671
5.064,0.384242085903886,-1.28024942478296
5.066,0.387952453366958,-1.29332638401477
5.068,0.38255563041463,-1.28742885672388
5.07,0.38688546472608,-1.28124663776081
5.072,0.398731353514254,-1.28176622390172
5.074,0.402582917088108,-1.28444834857431
5.076,0.40347108851742,-1.28855575750708
5.078,0.4040299642048,-1.28639784744103
5.08,0.401043588060337,-1.28517500738354
5.082,0.405360563912253,-1.28870549222121
5.084,0.403187254049935,-1.29435550265987
5.086,0.394876010659132,-1.30594003397892
5.088,0.394361980367349,-1.31398585931718
5.09,0.39703913886706,-1.32894590606906
5.092,0.391814492329014,-1.34472064078567
5.094,0.395183361559117,-1.36065523967174
5.096,0.400896906185222,-1.36514989800928
5.098,0.399924700827079,-1.3673594130042
5.1,0.389968664272455,-1.38242052083837
5.102,0.386184847153813,-1.37180303847274
5.104,0.384036975982168,-1.35793902605373
5.106,0.381092924242039,-1.34626217638589
5.108,0.388303355049368,-1.31851482882118
5.11,0.390390407565728,-1.29833797287174
5.112,0.396997079841811,-1.27452338980677
5.114,0.406072576312321,-1.25363034716942
5.116,0.4099104169946,-1.25311167248898
5.118,0.423809533866227,-1.24883280510879
5.12,0.42703461143017,-1.2542156069802
5.122,0.432280306291327,-1.25522821056071
5.124,0.439105942884683,-1.26568613904775
5.126,0.434466897233336,-1.28522144079152
5.128,0.436008611543276,-1.30660101377093
5.13,0.430810020239888,-1.32416905840505
5.132,0.438578061164037,-1.34780416501413
5.134,0.444963353716178,-1.37398450427516
5.136,0.447400558367737,-1.38863814111479
5.138,0.448831647611172,-1.40327387227355
5.14,0.447172726063781,-1.40255797088508
5.142,0.437106739027685,-1.40361047987008
5.144,0.436362769646016,-1.40187202559684
5.146,0.429543983415942,-1.38268719927786
5.148,0.418898192913197,-1.37224266858524
5.15,0.413866892286499,-1.35502977054808
5.152,0.410398004931402,-1.33929725279665
5.154,0.413671387266001,-1.32782541862813
5.156,0.407501146180638,-1.33012937318859
5.158,0.406205131407153,-1.33047073491945
5.16,0.39980132305915,-1.33553299099884
5.162,0.405343890159042,-1.33647510484194
5.164,0.406155798102197,-1.3388281122544
5.166,0.414071942374411,-1.34794531650715
5.168,0.4107002953513,-1.3693913873646
5.17,0.406591002371321,-1.37812741881819
5.172,0.402108339905719,-1.38764952928552
5.174,0.40429807159857,-1.3897516134559
5.176,0.401809551925403,-1.39315379884009
5.178,0.400483031122789,-1.3859620859021
5.18,0.406035203401041,-1.39254552551346
5.182,0.408140785720484,-1.38408208955509
5.184,0.400148889884242,-1.38000539586005
5.186,0.407682687281033,-1.37089086909972
5.188,0.402070740171593,-1.35169702443582
5.19,0.407292784826179,-1.35336998940801
5.192,0.403976240968054,-1.35710926475289
5.194,0.400274025732296,-1.36548597254716
5.196,0.389857682548956,-1.36929658078525
5.198,0.386711989920026,-1.36078904125031
5.2,0.386294494332453,-1.35755279419066
5.202,0.380876656168661,-1.35424148540207
5.204,0.38023941080548,-1.34151532794794
5.206,0.373272234309721,-1.3463510401076
5.208,0.381204329291857,-1.33700002108404
5.21,0.380661206436195,-1.33592584104178
5.212,0.378434579139489,-1.32820859956532
5.214,0.374196182082518,-1.32731132928457
5.216,0.37751865416692,-1.33165475913961
5.218,0.372886017247611,-1.33706580026498
5.22,0.373146512641663,-1.3466176964617
5.222,0.376693656672553,-1.3601761011282
5.224,0.37519286165478,-1.36179521556637
5.226,0.382094274435367,-1.35214990298045
5.228,0.369526762300087,-1.36601353210222
5.23,0.371772828384752,-1.36650736354328
5.232,0.368755377406471,-1.34869081227041
5.234,0.364305382023157,-1.32895168643679
5.236,0.359468670036649,-1.30992982112885
5.238,0.359332695434488,-1.28705457202567
5.24,0.357357623530611,-1.27342341515839
5.242,0.362060869690821,-1.25757700173008
5.244,0.363707712221026,-1.26197956266076
5.246,0.374262898426078,-1.26579882080533
5.248,0.378595568565147,-1.28660954914564
5.25,0.377309265062347,-1.2968941169222
5.252,0.380399076374382,-1.32090978108418
5.254,0.377398359688519,-1.33755822738954
5.256,0.371919914142902,-1.3534368317947
5.258,0.374104667287922,-1.36824541847686
5.26,0.36508204407692,-1.38049896492489
5.262,0.362722094647209,-1.38237034434746
5.264,0.355680698235808,-1.3765102317998
5.266,0.362840437560781,-1.36703423292729
5.268,0.368981561536271,-1.35350434382612
5.27,0.361073997356397,-1.33631118708257
5.272,0.364476912825022,-1.31732198530156
5.274,0.373470791912125,-1.30797219797349
5.276,0.374420573843061,-1.29558879494268
5.278,0.388106810151886,-1.28868414762339
5.28,0.393319595369209,-1.28706644762176
5.282,0.39891126865416,-1.30347651118148
5.284,0.408449667056736,-1.31804988553623
5.286,0.417637200410804,-1.33753575877135
5.288,0.414089660958623,-1.35635348700829
5.29,0.417171715256879,-1.36398124157134
5.292,0.40948952145119,-1.363005165502
5.294,0.408259808895194,-1.36863780111163
5.296,0.397801853236917,-1.37579296319553
5.298,0.398601603474826,-1.36809426571411
5.3,0.390599432141817,-1.35800699008049
5.302,0.385193629098097,-1.34498721175338
5.304,0.382370883738859,-1.33184331574206
5.306,0.36997869114871,-1.32194125687795
5.308,0.376259482553373,-1.30342713933491
5.31,0.385514081704761,-1.29858097527581
5.312,0.388564748994084,-1.3069045913207
5.314,0.391204986629443,-1.31303440512708
5.316,0.390214110970148,-1.3331171499443
5.318,0.391227265162131,-1.34933979141321
5.32,0.38861131597727,-1.37000473994512
5.322,0.390094619665212,-1.37740765806607
5.324,0.396712480815628,-1.38146191818083
5.326,0.401137844927797,-1.37329642572892
5.328,0.383166522652272,-1.35292859384005
5.33,0.380685231761895,-1.33608150900012
5.332,0.395181189349228,-1.30851756485014
5.334,0.396406089689633,-1.29702904321946
5.336,0.406978415169595,-1.28446831423089
5.338,0.403049128691479,-1.28180973921844
5.34,0.409901891105433,-1.27922681869596
5.342,0.413415990149874,-1.28246283930081
5.344,0.407694502046898,-1.2999998337853
5.346,0.402912670827267,-1.3309068661692
5.348,0.413912359990576,-1.34081172999115
5.35,0.413931802965763,-1.36291811774239
5.352,0.415407587886582,-1.3837974448282
5.354,0.422093722627054,-1.39963196913959
5.356,0.423456760647404,-1.41682347295832
5.358,0.42103895409472,-1.42390060802819
5.36,0.416512835734478,-1.4304155475948
5.362,0.410170149502592,-1.42317290843247
5.364,0.40092751922076,-1.41980439752311
5.366,0.406749370154833,-1.37727193269166
5.368,0.395816962225593,-1.36343255676311
5.37,0.391633770560458,-1.34232837356524
5.372,0.392709370599578,-1.320824534549
5.374,0.396200923645527,-1.30626337510141
5.376,0.387877030222264,-1.31636410929367
5.378,0.39642647409242,-1.30517627949277
5.38,0.393678813923449,-1.29742757769082
5.382,0.395371669060647,-1.29962578730442
5.384,0.394031101510078,-1.30267092955612
5.386,0.398567155860916,-1.29842675792303
5.388,0.397435239601602,-1.31366551348151
5.39,0.395996562617668,-1.33628083034251
5.392,0.39011677277328,-1.33818800180009
5.394,0.38273036274051,-1.33687653664424
5.396,0.37347665519999,-1.32522704563538
5.398,0.373363016974042,-1.31143600375724
5.4,0.379781180844465,-1.28719966955055
5.402,0.389991842696329,-1.27337323909229
5.404,0.389471763696727,-1.26110243796913
5.406,0.391242848946099,-1.24769834202818
5.408,0.387561260145684,-1.2391584962076
5.41,0.389402488873524,-1.24314766769168
5.412,0.394333750074855,-1.25450434009008
5.414,0.402615681647487,-1.27065173735631
5.416,0.412152049017054,-1.29260659287443
5.418,0.424888345661378,-1.30829743023404
5.42,0.425287878887234,-1.32120024464518
5.422,0.42814838717348,-1.32776791994244
5.424,0.433591344266353,-1.32903601606312
5.426,0.426192753302888,-1.33101297300462
5.428,0.437423916726591,-1.3401085810341
5.43,0.442959651987431,-1.34376714023312
5.432,0.445338335100039,-1.34437912364983
5.434,0.451581061377593,-1.3513889031521
5.436,0.451109081935453,-1.35526633950238
5.438,0.457148269554934,-1.35961731196364
5.44,0.455716552347641,-1.36160400061457
5.442,0.458094411714353,-1.35823286224267
5.444,0.455239413161896,-1.34285065666341
5.446,0.463963983217698,-1.3355996809205
5.448,0.463759078790458,-1.34950764421301
5.45,0.452787509723508,-1.35745786666919
5.452,0.446477085567839,-1.37068534947176
5.454,0.446870355434365,-1.39201660674329
5.456,0.447828819852673,-1.41243374567907
5.458,0.443473812915189,-1.44425721520376
5.46,0.443408209064662,-1.46706135638796
5.462,0.44677215029541,-1.48932391412367
5.464,0.438087813113148,-1.50543211266556
5.466,0.441551501562958,-1.5038266554067
5.468,0.433502032234077,-1.50749011724779
5.47,0.439881060070501,-1.50950710895518
5.472,0.439110756639202,-1.50909616369229
5.474,0.435920655482074,-1.49837549269753
5.476,0.418879661550742,-1.48768537368188
5.478,0.41294557124555,-1.4734436895485
5.48,0.408952164470819,-1.46297280863989
5.482,0.400727860377615,-1.4439870837127
5.484,0.39724775415536,-1.43319344681125
5.486,0.406487957696274,-1.41021716843409
5.488,0.39047273464662,-1.41043690793614
5.49,0.389670429651117,-1.40012486102257
5.492,0.384883590414223,-1.39872864160945
5.494,0.379546395949807,-1.38109969312022
5.496,0.38014924018425,-1.37193190989113
5.498,0.387868955924555,-1.37197120938005
5.5,0.401825859903378,-1.37756809004968
5.502,0.39341326303239,-1.38524366596504
5.504,0.388349564359379,-1.38485782785308
5.506,0.366977077934994,-1.39091107295027
5.508,0.372901223986724,-1.37098630539615
5.51,0.370770919087547,-1.36017267361459
5.512,0.376325180533825,-1.3442472148772
5.514,0.380516585431963,-1.3256919627901
5.516,0.391099729934623,-1.30154485655834
5.518,0.394672821984127,-1.28220514815721
5.52,0.4005400388865,-1.2722986539667
5.522,0.406697234895308,-1.26645651228453
5.524,0.411049419009009,-1.26266586540089
5.526,0.413790998240148,-1.27162038864557
5.528,0.415138324100445,-1.29780014806227
5.53,0.406001912430973,-1.32784329628608
5.532,0.400649203512215,-1.35529692587006
5.534,0.393509651621683,-1.37478409987853
5.536,0.381833999850015,-1.39216332135204
5.538,0.393192099845141,-1.38978000800363
5.54,0.401552642489947,-1.39161109069249
5.542,0.402972324911747,-1.38366918999509
5.544,0.400678100692578,-1.36881415905509
5.546,0.391479044615639,-1.35875579120545
5.548,0.40094623036433,-1.33004205999798
5.55,0.399876795907642,-1.31288458084716
5.552,0.401294805498621,-1.30297548061802
5.554,0.404152188746674,-1.30298945254385
5.556,0.41748235286357,-1.31281655264695
5.558,0.407783660091107,-1.33750056136997
5.56,0.406581453847003,-1.3534288868212
5.562,0.401621854914073,-1.36770853117714
5.564,0.415000211411909,-1.38035990720244
5.566,0.426431302536745,-1.37774783332415
5.568,0.432295724795162,-1.39947159413457
5.57,0.439252065701636,-1.40540845362966
5.572,0.437324208081599,-1.40446028276895
5.574,0.441782950823767,-1.40651916770781
5.576,0.442055815482539,-1.40739622177312
5.578,0.436294538019999,-1.39592885720651
5.58,0.425466782021058,-1.38646233658119
5.582,0.421522060229615,-1.35797897078145
5.584,0.424091105957983,-1.33458925374465
5.586,0.435796100216725,-1.32594481017821
5.588,0.427481354314642,-1.32671827737469
5.59,0.419771998118776,-1.33514468604974
5.592,0.422965186656813,-1.34697827667993
5.594,0.423136064668479,-1.34828964512042
5.596,0.426838920626368,-1.34607810717692
5.598,0.419405849647657,-1.3442979763898
5.6,0.429475438076897,-1.33919886545048
5.602,0.433873162258119,-1.33618269282171
5.604,0.430818925725508,-1.34042356073306
5.606,0.435533270289617,-1.33196682132677
5.608,0.417759772838633,-1.32967677323958
5.61,0.412777508148245,-1.32225497211086
5.612,0.414517261033078,-1.31865519826772
5.614,0.418121514506746,-1.32752814658612
5.616,0.41236393176819,-1.33325116190745
5.618,0.409402074178406,-1.36047621046515
5.62,0.409752462187305,-1.37020738667987
5.622,0.393496213279572,-1.38597458997799
5.624,0.396470316488701,-1.38580619193242
5.626,0.40547928950807,-1.38415544357696
5.628,0.400615120206637,-1.38337192763825
5.63,0.392656345496339,-1.3897472498438
5.632,0.389704909638977,-1.38401548990344
5.634,0.386014698087452,-1.35031161397887
5.636,0.393901660791575,-1.32226952931267
5.638,0.405679299007434,-1.31359368399454
5.64,0.418866207110766,-1.31626814613027
5.642,0.423688305817464,-1.31171158956365
5.644,0.426862808530844,-1.3132782926468
5.646,0.430236830340063,-1.30974808867717
5.648,0.422345233871516,-1.30364241952881
5.65,0.419672701813151,-1.30215551315092
5.652,0.414407357702531,-1.30482200804529
5.654,0.4075221074419,-1.2963485711826
5.656,0.399023409634537,-1.29476848710361
5.658,0.393096022893208,-1.29676351642584
5.66,0.383467617625215,-1.29920270957715
5.662,0.385925106539738,-1.28195129304895
5.664,0.393245008731582,-1.27604574653757
5.666,0.39387038198101,-1.28032098084569
5.668,0.397845602202061,-1.29360655340983
5.67,0.39425343700019,-1.31133723215764
5.672,0.389192323250811,-1.31344255376057
5.674,0.383946851475387,-1.33594047842707
5.676,0.377168000212396,-1.35057110074496
5.678,0.379640715578943,-1.35834630590921
5.68,0.382102555669681,-1.3671590328658
5.682,0.383549801459956,-1.38166055173202
5.684,0.381627910499404,-1.39085869745928
5.686,0.384615872852479,-1.38996959661422
5.688,0.378142999264548,-1.39377635009443
5.69,0.375440654215431,-1.38258432133415
5.692,0.373167505357489,-1.36735801597093
5.694,0.372984015260982,-1.34905620826584
5.696,0.366998898762137,-1.33744856131854
5.698,0.373308677631369,-1.32750633216413
5.7,0.369863232380968,-1.32103262582113
5.702,0.36452217276299,-1.30850701219584
5.704,0.360625920566292,-1.27684276993316
5.706,0.373321995204101,-1.25364905767722
5.708,0.384312057997774,-1.25479117792413
5.71,0.392418484475837,-1.26620840405628
5.712,0.390604396602518,-1.28424229957057
5.714,0.381394673142163,-1.29589698798416
5.716,0.375297917807938,-1.30949335713191
5.718,0.370989466515166,-1.32404129713792
5.72,0.358480620708388,-1.32753775743855
5.722,0.353381476784299,-1.31318720631172
5.724,0.349215397304435,-1.29313022576476
5.726,0.365706887956003,-1.26947119907087
5.728,0.368205052222622,-1.25959477717287
5.73,0.375270613027872,-1.25997985823016
5.732,0.372719650536505,-1.26735961679597
5.734,0.364376041638578,-1.27499665865538
5.736,0.364670502517138,-1.29278577571788
5.738,0.362250312606811,-1.2900327486313
5.74,0.370783888512603,-1.29269225822765
5.742,0.374016574527589,-1.29791563799757
5.744,0.375803748371666,-1.29984927906879
5.746,0.3824190427459,-1.29030295806822
5.748,0.393521490903681,-1.30128279996023
5.75,0.401498548475558,-1.32126228533072
5.752,0.402444689323031,-1.32706235510076
5.754,0.404623026082471,-1.34214930273826
5.756,0.408834493886513,-1.33834049764357
5.758,0.415207412814765,-1.33953201133892
5.76,0.412467766746791,-1.33628357584814
5.762,0.396534622092391,-1.3295028301567
5.764,0.393491468961526,-1.32324072476118
5.766,0.393069016464071,-1.31420788959998
5.768,0.391170817183772,-1.31728605767924
5.77,0.38754368959471,-1.3154192282912
5.772,0.393816279560052,-1.32269321544985
5.774,0.39511824808932,-1.32736564364297
5.776,0.400580835712125,-1.33283069595874
5.778,0.401654321183082,-1.34385766502282
5.78,0.399358341522676,-1.35645697259074
5.782,0.400965094132576,-1.35911618700306
5.784,0.402822252508768,-1.36344218677606
5.786,0.396392609746617,-1.37345809178561
5.788,0.411051104732313,-1.3749349853553
5.79,0.407748995250743,-1.38312996892727
5.792,0.403204086098457,-1.38637461477725
5.794,0.396421906314571,-1.39212703628062
5.796,0.396481280732889,-1.39117432027878
5.798,0.388487176350737,-1.39270758268143
5.8,0.388442276325318,-1.38751765727
5.802,0.387245411126842,-1.37936300528346
5.804,0.388850356392896,-1.36856987813983
5.806,0.388048575032703,-1.35569472073838
5.808,0.390397144733132,-1.35318403191316
5.81,0.395218860960801,-1.34410714669856
5.812,0.401953205828607,-1.34028249844678
5.814,0.396460382540871,-1.34298102531062
5.816,0.38958392827488,-1.34896454180607
5.818,0.389563913193544,-1.35379325413222
5.82,0.392975090601818,-1.3499323843349
5.822,0.387501384360434,-1.34895260504075
5.824,0.388359143642174,-1.35305993803764
5.826,0.387257365815463,-1.36476159233905
5.828,0.386952027879178,-1.36505600977808
5.83,0.378419847692661,-1.35887834057432
5.832,0.380579323322127,-1.34786759357565
5.834,0.384389267900709,-1.34325469539988
5.836,0.38442572456725,-1.33241880809732
5.838,0.381457026213182,-1.33804735704984
5.84,0.380937601524588,-1.34812227674691
5.842,0.388250416678397,-1.3622448920269
5.844,0.383672733815736,-1.36991998324956
5.846,0.376184927490062,-1.38365088266183
5.848,0.391702829792154,-1.39055272875717
5.85,0.39160743696758,-1.39656202676646
5.852,0.393491920118435,-1.40264597341804
5.854,0.388574341899265,-1.40020273377531
5.856,0.38541525379758,-1.38232295519653
5.858,0.392471942619964,-1.37790628434669
5.86,0.394527519571008,-1.37128480452114
5.862,0.396923788014501,-1.3632371451878
5.864,0.39284356805108,-1.35082848259705
5.866,0.393788642180892,-1.34401536460949
5.868,0.394611327203884,-1.34239907836856
5.87,0.396795662400854,-1.34930836729296
5.872,0.400976506982393,-1.35836499719662
5.874,0.40083910161404,-1.36857986192788
5.876,0.412045653307917,-1.37464822958445
5.878,0.412519595791805,-1.38479502874149
5.88,0.42126455968515,-1.393148568364
5.882,0.418360352703074,-1.39596052843556
5.884,0.416892590946108,-1.39557312221107
5.886,0.410957725985979,-1.39771792874633
5.888,0.411496170789591,-1.37390078678461
5.89,0.410696582444582,-1.36166507703789
5.892,0.401693889738963,-1.34488546420613
5.894,0.395436862469138,-1.33324916765994
5.896,0.393695535522619,-1.33311181589448
5.898,0.398744472075374,-1.3340780340623
5.9,0.405617024984315,-1.34056749511743
5.902,0.415333631645304,-1.35764518592018
5.904,0.418126727262865,-1.38140049202855
5.906,0.420400735725723,-1.41266501124372
5.908,0.422277719490309,-1.41801588193347
5.91,0.421289783015203,-1.43281175526031
5.912,0.418107797871249,-1.4339480602448
5.914,0.414971828309506,-1.43991178291397
5.916,0.403944611159891,-1.43539114638086
5.918,0.410726413914657,-1.42576725049371
5.92,0.414900517087338,-1.42189349160432
5.922,0.403905801554761,-1.41347396323795
5.924,0.398150094330232,-1.41151461250647
5.926,0.3968370370059,-1.40135117041622
5.928,0.387540606606815,-1.40872544836183
5.93,0.389285604832382,-1.4097817958794
5.932,0.391489048716833,-1.40974260558915
5.934,0.394970818162332,-1.41379088516516
5.936,0.399637103387042,-1.41327360707748
5.938,0.395549286102835,-1.42142074260078
5.94,0.388418347356229,-1.41530113186498
5.942,0.390238574287001,-1.41598942524694
5.944,0.393058368837744,-1.4142108364991
5.946,0.399662692477204,-1.39635312862732
5.948,0.395266533336753,-1.39766932759014
5.95,0.383955330853838,-1.40262744211766
5.952,0.38007686325542,-1.40741409319643
5.954,0.37614803887108,-1.40840687389801
5.956,0.382764455624143,-1.40407963956415
5.958,0.373253972057954,-1.40448649183761
5.96,0.368786323635097,-1.39539827182214
5.962,0.375864812982461,-1.3845925545078
5.964,0.386378080892995,-1.38168198291923
5.966,0.391923498266573,-1.38655827620868
5.968,0.382058045327327,-1.38956111946222
5.97,0.376710343574912,-1.3973482956318
5.972,0.37198742002799,-1.39386194691607
5.974,0.368469920885511,-1.39341872513219
5.976,0.368901654663933,-1.38408702684848
5.978,0.362909935074797,-1.36496868405772
5.98,0.356352604802571,-1.35250279135685
5.982,0.350518534526569,-1.33702265811881
5.984,0.352179514993394,-1.31949976110142
5.986,0.358786515727349,-1.30746238102023
5.988,0.368245367857236,-1.287986254961
5.99,0.37837015397494,-1.28712677504417
5.992,0.38318633464916,-1.29045298795583
5.994,0.394973944435887,-1.298219887897
5.996,0.394581647166285,-1.30341734736492
5.998,0.393643542071944,-1.31166945327138
6,0.395730334481995,-1.3202507713763
6.002,0.395291345648318,-1.31417912685624
6.004,0.392248002309335,-1.30894071948056
6.006,0.40356670327497,-1.29560271400888
6.008,0.389328221746047,-1.28939988305353
6.01,0.38668312067323,-1.27692123512207
6.012,0.384126779084089,-1.26708568223848
6.014,0.391127907865326,-1.27411395488975
6.016,0.391082944529312,-1.27988540144239
6.018,0.392906861798908,-1.29525815698353
6.02,0.399522000207404,-1.31132326555736
6.022,0.403436084947118,-1.34000645768662
6.024,0.400913403877381,-1.37296666314476
6.026,0.384304915136226,-1.40241467560785
6.028,0.387387442848904,-1.4121835400373
6.03,0.391149769147248,-1.41118603867672
6.032,0.388112658122329,-1.39895169160119
6.034,0.38640126932959,-1.38442352206257
6.036,0.392827011691378,-1.35662381119054
6.038,0.388979418502071,-1.34649399919088
6.04,0.388394316512565,-1.33318429421233
6.042,0.386115737314244,-1.32043361629023
6.044,0.384777658022442,-1.30888587295766
6.046,0.377987786846454,-1.30188844677466
6.048,0.382542133468121,-1.30188084981815
6.05,0.384226467893509,-1.3114832872586
6.052,0.388175340289798,-1.33030821149292
6.054,0.388377963893147,-1.35619785408691
6.056,0.393634721420622,-1.38963847597931
6.058,0.395465608959222,-1.42241966549531
6.06,0.397581599344378,-1.45197900874816
6.062,0.400503103622175,-1.46639690770448
6.064,0.393782820931641,-1.47081516881282
6.066,0.386455078303094,-1.46428017720659
6.068,0.389202835792334,-1.43460885632394
6.07,0.389149914336665,-1.40811561756951
6.072,0.384815757543901,-1.38341207985679
6.074,0.384766068408324,-1.35799914120836
6.076,0.381609143483319,-1.33761937342866
6.078,0.388295104511645,-1.32743108421672
6.08,0.394173060830749,-1.32032334665039
6.082,0.388766093736248,-1.32773389988011
6.084,0.381638946885345,-1.32909829334696
6.086,0.37446291744203,-1.33380066803691
6.088,0.379254079080128,-1.33644382486139
6.09,0.382731169346607,-1.33509614477126
6.092,0.37937854865073,-1.32467142996281
6.094,0.373708193689287,-1.314980005899
6.096,0.372998119164989,-1.31177345595038
6.098,0.363998357199761,-1.28229675375331
6.1,0.364413735472086,-1.25169154780939
6.102,0.369188294361008,-1.2112469279585
6.104,0.37241983931927,-1.17042762562437
6.106,0.385176098913172,-1.13284961660645
6.108,0.387523467708864,-1.10365023572476
6.11,0.394893066981819,-1.09574897391855
6.112,0.400459631585742,-1.10119687568335
6.114,0.397125062111859,-1.12319071101323
6.116,0.39637380137812,-1.13371376261134
6.118,0.400673861963174,-1.17014387548037
6.12,0.40406836704828,-1.20855524726329
6.122,0.410870691019458,-1.24842789266061
6.124,0.417702826814805,-1.28818454955182
6.126,0.412134599047859,-1.30716864581101
6.128,0.40722323143578,-1.33848165622803
6.13,0.399511602639288,-1.33186532334163
6.132,0.393951981435555,-1.3190417411775
6.134,0.384837349300738,-1.30555969896435
6.136,0.38198867104094,-1.28880454438547
6.138,0.374937774729157,-1.2904047745035
6.14,0.377439848658889,-1.28680880054559
6.142,0.385208306431131,-1.28792072646172
6.144,0.385813878743344,-1.29187552950253
6.146,0.386856550480059,-1.30448633187869
6.148,0.38012978276045,-1.31946236745524
6.15,0.372463771829363,-1.3209573807404
6.152,0.360682298195802,-1.32595922997684
6.154,0.358099228505102,-1.32610376536754
6.156,0.363252934041349,-1.32314849119895
6.158,0.361726621685354,-1.3133895906749
6.16,0.372486366077802,-1.29876893587048
6.162,0.376260864847527,-1.2946875129074
6.164,0.383735138321847,-1.30583463796351
6.166,0.39146113441883,-1.31908379090917
6.168,0.387395413731912,-1.33781875457617
6.17,0.393428826150359,-1.34660585030076
6.172,0.380291658639967,-1.34857448733163
6.174,0.373148461781638,-1.34746737919796
6.176,0.363686430842307,-1.32982565411119
6.178,0.355014256698811,-1.31430697676739
6.18,0.354771793559779,-1.30886896751313
6.182,0.353628952484797,-1.29935385172962
6.184,0.357554194744837,-1.29642882256197
6.186,0.369536744633305,-1.29869390950959
6.188,0.363510253339208,-1.2890039231256
6.19,0.3641774089822,-1.29292437079905
6.192,0.364639338993588,-1.28156399390018
6.194,0.367408342854514,-1.29413159715844
6.196,0.363527347234897,-1.29946077511492
6.198,0.359995064048569,-1.30348385845486
6.2,0.351238108595013,-1.29747646510788
6.202,0.347384299626416,-1.28029663066733
6.204,0.354259936266709,-1.26314862138893
6.206,0.353833503297455,-1.24678938940959
6.208,0.338556136418327,-1.25061027263309
6.21,0.33619828852565,-1.24701467592794
6.212,0.336807552979884,-1.25214985511593
6.214,0.334939800444607,-1.25318395173126
6.216,0.34218477096587,-1.26100883191962
6.218,0.344820527853067,-1.26511700347467
6.22,0.35808701581734,-1.27163635890739
6.222,0.351998490705354,-1.28110223339352
6.224,0.351310279951886,-1.27771632288751
6.226,0.351625792799422,-1.2670079740776
6.228,0.355497288804106,-1.2609557350515
6.23,0.365818836891592,-1.25542180517467
6.232,0.370350750287587,-1.24939954252298
6.234,0.365061767634121,-1.24960011724993
6.236,0.363486642095128,-1.2556115224132
6.238,0.369589295762014,-1.26266921869718
6.24,0.370245350310327,-1.27431901116065
6.242,0.369969235446051,-1.27693775540101
6.244,0.364998626821895,-1.28708034215102
6.246,0.359853817550795,-1.28148888917625
6.248,0.357750202128268,-1.28298611355936
6.25,0.342303297885211,-1.27856328880533
6.252,0.324652999258696,-1.2627927024644
6.254,0.323749495241502,-1.24662437854028
6.256,0.324264817760773,-1.22423373356501
6.258,0.322488978697343,-1.20500369272772
6.26,0.324534683944799,-1.18568527577027
6.262,0.330548747161839,-1.16800188092245
6.264,0.342326522819058,-1.16396598853409
6.266,0.351762762124561,-1.1647481773348
6.268,0.358500562770241,-1.17910695513914
6.27,0.362630167423569,-1.19305337275216
6.272,0.366868895247351,-1.21044989697673
6.274,0.365427858505505,-1.22514467849402
6.276,0.373986538052641,-1.24457918733587
6.278,0.385421537348146,-1.26701950481802
6.28,0.384456696253514,-1.28140137694076
6.282,0.385806403774006,-1.28608846561168
6.284,0.389534760828557,-1.28412075834606
6.286,0.396070590568597,-1.28225298794304
6.288,0.39454541881481,-1.29052260436816
6.29,0.392129099059254,-1.29144499441013
6.292,0.388493525701632,-1.29511296624998
6.294,0.387839210323057,-1.29466242401283
6.296,0.390912337315324,-1.29154555487279
6.298,0.387718585617015,-1.29559554328742
6.3,0.379641560586778,-1.29209793002426
6.302,0.381512762281955,-1.29556590381938
6.304,0.386672829167983,-1.29908646528528
6.306,0.40408676245363,-1.31821892803931
6.308,0.401853843158551,-1.33202922241225
6.31,0.407998873270639,-1.33306393162814
6.312,0.409840832575246,-1.33642872225921
6.314,0.41588993205115,-1.33317730641373
6.316,0.418496374125038,-1.32591141824753
6.318,0.414761140832626,-1.32562659681034
6.32,0.414742080066485,-1.32296100520158
6.322,0.405581150841991,-1.33221698633354
6.324,0.399356276577348,-1.33667294187804
6.326,0.405906020192547,-1.33284241220266
6.328,0.399462286515147,-1.33381706178344
6.33,0.401027382647621,-1.33544627020621
6.332,0.411985732702283,-1.34516073694479
6.334,0.407758901765073,-1.34940679045803
6.336,0.405068577424225,-1.36959255816345
6.338,0.410747141497246,-1.38651345121706
6.34,0.404513234235756,-1.39775322779986
6.342,0.399187306824659,-1.39664640237348
6.344,0.403279441901768,-1.38613576731663
6.346,0.418426488448365,-1.37362997203008
6.348,0.409438566623068,-1.36230733003269
6.35,0.398399706823611,-1.34772035706895
6.352,0.396965209256335,-1.3391366281035
6.354,0.397035846634553,-1.32715392352324
6.356,0.3952039324633,-1.32416230877045
6.358,0.391228569503738,-1.31802026595778
6.36,0.387578025539543,-1.31660350617352
6.362,0.38449424558724,-1.3141787051471
6.364,0.389363294680111,-1.32385879979546
6.366,0.387206533193634,-1.33658384074106
6.368,0.390062526182207,-1.34925798975739
6.37,0.394925513196852,-1.35974175938527
6.372,0.390579887432574,-1.3665019998122
6.374,0.392362549166428,-1.37181492739149
6.376,0.385380537377073,-1.37806137732028
6.378,0.391195535189985,-1.36303703345079
6.38,0.389325990062838,-1.35548248512101
6.382,0.385883496895223,-1.34506379624942
6.384,0.39154200009128,-1.33579921500314
6.386,0.394547007781906,-1.33272260815844
6.388,0.403715960544854,-1.35286547952946
6.39,0.416086967020249,-1.37286113439051
6.392,0.418211282779967,-1.40056275976149
6.394,0.423149131035984,-1.42699117783528
6.396,0.420365141401552,-1.45168557862111
6.398,0.421385804867709,-1.46506470738494
6.4,0.415754110722152,-1.47696046769318
6.402,0.409665759136754,-1.4637337807546
6.404,0.396948031435367,-1.44442668608376
6.406,0.39713621784947,-1.41388854287801
6.408,0.380148126378366,-1.39049762981308
6.41,0.374287676630523,-1.35715078198111
6.412,0.378789090683195,-1.326456297755
6.414,0.390905487444351,-1.30554606981395
6.416,0.401679893884235,-1.30054268230129
6.418,0.409628023428394,-1.30294981891354
6.42,0.416078275787894,-1.31511872791568
6.422,0.431751595216149,-1.34170977419346
6.424,0.439128789379048,-1.37562086377504
6.426,0.435957434474038,-1.41037314671744
6.428,0.440373600980729,-1.42583635109505
6.43,0.43811488549276,-1.43331639404386
6.432,0.433786821009817,-1.43553077899748
6.434,0.4238803028532,-1.41917704758012
6.436,0.414650875212654,-1.40137980572638
6.438,0.4119081884464,-1.38419844089698
6.44,0.407895980581666,-1.36909389271754
6.442,0.405931140750548,-1.35534721077758
6.444,0.403214551908295,-1.35319897060477
6.446,0.410769085854976,-1.3709287077089
6.448,0.41877096835601,-1.38675126420472
6.45,0.420754623408261,-1.41087634534165
6.452,0.425532580453777,-1.43989131463368
6.454,0.429134344863487,-1.46467844873948
6.456,0.420634101564249,-1.47755810021968
6.458,0.41088556174284,-1.47601258275738
6.46,0.395106783959052,-1.45499751096185
6.462,0.392078223089363,-1.42701224172625
6.464,0.375844940659174,-1.39340264764803
6.466,0.360754370831846,-1.34173244942877
6.468,0.352264015782073,-1.29516400017607
6.47,0.355128068009701,-1.25559511913591
6.472,0.369635914647443,-1.23367631109242
6.474,0.369410791459287,-1.23836864836354
6.476,0.365929818248316,-1.26106618942573
6.478,0.364384753695998,-1.28184479486904
6.48,0.357815413812673,-1.28909299704332
6.482,0.360549321934239,-1.29752068318063
6.484,0.36348127677391,-1.29238860350041
6.486,0.353128501177971,-1.29680167941668
6.488,0.361621182418726,-1.27547652536512
6.49,0.359857247320089,-1.25611592336272
6.492,0.362652561394387,-1.23954238261371
6.494,0.361544322817919,-1.22776640882343
6.496,0.363642032283297,-1.22287499410842
6.498,0.371440855975271,-1.23687174472725
6.5,0.37215394226166,-1.2546175924237
6.502,0.371700290703008,-1.27299807916552
6.504,0.381484772839001,-1.29373189646855
6.506,0.394779027374253,-1.31787481383259
6.508,0.395198228107276,-1.34361640735843
6.51,0.39686573799578,-1.3599007663222
6.512,0.396295685232658,-1.37159297955237
6.514,0.390815831540202,-1.37223029320712
6.516,0.379965817184393,-1.36944664481154
6.518,0.374331513010573,-1.35545460971999
6.52,0.364859304207726,-1.34868762693641
6.522,0.360539319157914,-1.32897559663565
6.524,0.368911636748864,-1.3116695716687
6.526,0.370652638935124,-1.29552860994326
6.528,0.36684757359594,-1.29701348392923
6.53,0.375411457575776,-1.30164604987075
6.532,0.374090607349769,-1.31770886398257
6.534,0.377151529313442,-1.33488829849639
6.536,0.377893456256016,-1.36263454820776
6.538,0.379734387059503,-1.38691451087096
6.54,0.37997346778292,-1.41540111988154
6.542,0.38085182917082,-1.42733421376907
6.544,0.376301331822187,-1.42423649183701
6.546,0.364602651996873,-1.42518014420564
6.548,0.374187441199233,-1.39560237294636
6.55,0.374152388171136,-1.37683804882421
6.552,0.371796658334813,-1.35095629054653
6.554,0.373009504186223,-1.32994250861719
6.556,0.374282288749392,-1.31655004500258
6.558,0.389648946051501,-1.3126595024351
6.56,0.389683997308967,-1.31092998642849
6.562,0.389562012268743,-1.31781681200488
6.564,0.379641968672723,-1.32447416520855
6.566,0.37707747260607,-1.33033086583593
6.568,0.377816348111167,-1.33884528195619
6.57,0.378419873200575,-1.34703933841736
6.572,0.378576810324435,-1.3531061781471
6.574,0.378807548269037,-1.36322057862448
6.576,0.38762896710717,-1.36358675957327
6.578,0.386409175241323,-1.36542305049346
6.58,0.393909376741728,-1.35490107220278
6.582,0.395376814346864,-1.34969698018775
6.584,0.40018047608493,-1.3500426795571
6.586,0.40123242204765,-1.35396097140215
6.588,0.409791867962201,-1.35041176579485
6.59,0.403548912296252,-1.35611286796602
6.592,0.413326682939992,-1.37191144040917
6.594,0.413654759845906,-1.38895856977826
6.596,0.401797276362933,-1.41419816494997
6.598,0.400897498039673,-1.4297766285006
6.6,0.395445746097946,-1.43175960396125
6.602,0.38679717163217,-1.43325828550323
6.604,0.392030414095722,-1.42422733678582
6.606,0.395126044551681,-1.40489576356059
6.608,0.392088642283235,-1.38576923081008
6.61,0.390266664571251,-1.36013746009116
6.612,0.384345308472561,-1.35035201505147
6.614,0.383639438300563,-1.32952027277383
6.616,0.393101569129013,-1.32678862532443
6.618,0.391117366519598,-1.32730175629279
6.62,0.389416018323392,-1.34321872662202
6.622,0.395043778868533,-1.36203908196492
6.624,0.391077097318074,-1.37951907309244
6.626,0.388400360832894,-1.40713401791125
6.628,0.401107794966106,-1.42524621930529
6.63,0.398340622824815,-1.44488098328366
6.632,0.398504337606159,-1.45897981192775
6.634,0.395667575085217,-1.4540781645862
6.636,0.38362426073,-1.46079045518515
6.638,0.376812896487809,-1.43141490643133
6.64,0.373300695811813,-1.39611444766318
6.642,0.36988767616847,-1.37155455488049
6.644,0.366977397044137,-1.33932536164403
6.646,0.37086431228134,-1.31364469413732
6.648,0.369688643469497,-1.3129406970058
6.65,0.381806591536192,-1.31095436427568
6.652,0.393309124037817,-1.31987485363072
6.654,0.399002101402162,-1.33826788664409
6.656,0.403607460979384,-1.35853412870263
6.658,0.405822626821351,-1.37787216456962
6.66,0.410435300162817,-1.40160039616856
6.662,0.406299469938518,-1.42371693756494
6.664,0.412084267954112,-1.43569299207012
6.666,0.397203672718156,-1.4493201199872
6.668,0.401173448046251,-1.4315677328818
6.67,0.396370136478879,-1.41405006031531
6.672,0.399534404854458,-1.39210872282194
6.674,0.405783151421278,-1.3703054493169
6.676,0.398184649870964,-1.35835547388235
6.678,0.402330969456785,-1.33430681068458
6.68,0.398461340610829,-1.3173815127635
6.682,0.399348542157226,-1.30556119044628
6.684,0.402565598834479,-1.30247051035458
6.686,0.395641818072087,-1.3161433038257
6.688,0.404881573869258,-1.32413100790542
6.69,0.402023134299789,-1.33648736649604
6.692,0.405156176252867,-1.3536792994458
6.694,0.408458526470468,-1.36515071628871
6.696,0.400309281418803,-1.37999939272866
6.698,0.400203614078348,-1.39142926912603
6.7,0.389064818094899,-1.3936778213745
6.702,0.38111508315241,-1.38494676663565
6.704,0.381486652306793,-1.37047159592622
6.706,0.36995192998951,-1.35975645827695
6.708,0.38616611841027,-1.33745697366769
6.71,0.387539064499324,-1.33264074769754
6.712,0.381703348840641,-1.32574106653925
6.714,0.383648354903607,-1.31177469473141
6.716,0.390088503616039,-1.3086574095784
6.718,0.392243868187419,-1.31809420564055
6.72,0.400260759340528,-1.31399411123147
6.722,0.406513867346642,-1.32263593759047
6.724,0.412729925330477,-1.33675059448673
6.726,0.425524299285185,-1.34495860900945
6.728,0.422464157540388,-1.37051430667224
6.73,0.421633138742698,-1.37847294351304
6.732,0.413294737121579,-1.38356664139431
6.734,0.403892612765315,-1.39153461723202
6.736,0.395409424384801,-1.38207574201952
6.738,0.396907300249802,-1.35669232528554
6.74,0.398714903454062,-1.32902858667549
6.742,0.399012313086352,-1.31050101058788
6.744,0.41014652015842,-1.29337804687954
6.746,0.404212901725405,-1.29526998986683
6.748,0.429726798926204,-1.29358398130021
6.75,0.429818263037752,-1.31610783074538
6.752,0.430004738186188,-1.34706138891668
6.754,0.427135036271258,-1.38312722059621
6.756,0.431015672297596,-1.40175181063096
6.758,0.423257913461773,-1.41342747773942
6.76,0.420117679751876,-1.41652319925642
6.762,0.412078149798632,-1.41200918981435
6.764,0.406264251131949,-1.38437111603731
6.766,0.411714034421037,-1.35505279522928
6.768,0.409098218831423,-1.32795499045026
6.77,0.420543888796761,-1.30047875465843
6.772,0.42380071056286,-1.2911074593031
6.774,0.421439436802078,-1.29197672895376
6.776,0.422005317772038,-1.29473935447516
6.778,0.435838333999015,-1.31369514220144
6.78,0.438972473938542,-1.33475267581676
6.782,0.436551719947908,-1.36598985429139
6.784,0.441831991969789,-1.38040548959829
6.786,0.430709578357629,-1.39212593190146
6.788,0.439747930177437,-1.38937586155953
6.79,0.429354774425513,-1.3725520097581
6.792,0.41818465216288,-1.35702869289289
6.794,0.409667975333791,-1.33592379286413
6.796,0.41302466518743,-1.30742778211262
6.798,0.421207782514072,-1.30508139981633
6.8,0.416265430930567,-1.30681067411894
6.802,0.407960872579537,-1.31181367798577
6.804,0.403441740142329,-1.30922385305156
6.806,0.403018521023213,-1.31084666056924
6.808,0.424454672910086,-1.3041933135392
6.81,0.424384857359795,-1.30021681751373
6.812,0.423352688765939,-1.28492716840719
6.814,0.420260051018902,-1.25635179412378
6.816,0.413147684612018,-1.22138174310482
6.818,0.426160396586363,-1.19922506055505
6.82,0.423226315811574,-1.1951215330427
6.822,0.417694605818928,-1.19508872638114
6.824,0.408205102921286,-1.21890672421299
6.826,0.389876116453449,-1.24094011429249
6.828,0.391423549988385,-1.26232964954041
6.83,0.379151079344566,-1.27583563988363
6.832,0.362376623169052,-1.27704446222303
6.834,0.352281572532104,-1.27572263658575
6.836,0.356062568278795,-1.26167389107344
6.838,0.369326337597938,-1.23130024534612
6.84,0.38297473722821,-1.20413234275606
6.842,0.375984912180349,-1.17944174695886
6.844,0.372659469588646,-1.14721662693987
6.846,0.370748949629138,-1.11957099770869
6.848,0.375472169026935,-1.09204599749705
6.85,0.370231752176438,-1.07619406774851
6.852,0.357604566237792,-1.07468674658491
6.854,0.360909010397618,-1.08361053797011
6.856,0.363172202629595,-1.11487064149748
6.858,0.371553860928687,-1.14611452775841
6.86,0.371272225816435,-1.17840669808844
6.862,0.379735959639986,-1.18672223566225
6.864,0.388034746157801,-1.18036694886205
6.866,0.411487796506531,-1.16710870649911
6.868,0.417293951382085,-1.12895952518662
6.87,0.42979160559216,-1.09043515129033
6.872,0.433438851175587,-1.06807353038402
6.874,0.436747685072532,-1.040557399496
6.876,0.448282264433669,-1.01267355473035
6.878,0.449585415271951,-1.00170641290219
6.88,0.456076291084508,-1.00163943641853
6.882,0.46058290533048,-1.01212519928643
6.884,0.46127441249632,-1.02079860375423
6.886,0.474018262783216,-1.04264806896448
6.888,0.463516253620893,-1.07921668907144
6.89,0.45549087991049,-1.09884646363876
6.892,0.442455186417752,-1.11861632313109
6.894,0.429720949718348,-1.12791295728855
6.896,0.418748644637652,-1.11987113591768
6.898,0.403890239112409,-1.12091584708973
6.9,0.387755243296151,-1.11295080117877
6.902,0.394338013160918,-1.0968275365895
6.904,0.401534516902337,-1.10616518429662
6.906,0.405181718697024,-1.11313912053002
6.908,0.396030279598902,-1.13915974315517
6.91,0.39681413474554,-1.1462856328716
6.912,0.387515225707801,-1.14464412593465
6.914,0.395143683321103,-1.15338131516894
6.916,0.39532653528763,-1.14469795185053
6.918,0.392775573156374,-1.15055820968844
6.92,0.389743838904868,-1.15638068748
6.922,0.382968377163368,-1.16862416064696
6.924,0.382547909371495,-1.18338320124016
6.926,0.389487733065675,-1.19338601072829
6.928,0.377614390933255,-1.20727870127808
6.93,0.367761204969041,-1.21740430531498
6.932,0.362316321099574,-1.21439303880215
6.934,0.359501490410569,-1.20065788834084
6.936,0.348900849035291,-1.17418720880708
6.938,0.349719390782321,-1.14164712868505
6.94,0.353774154479698,-1.09413824253701
6.942,0.351269353210072,-1.05547156135623
6.944,0.33969886151797,-1.01824086506299
6.946,0.345441223915654,-0.970412882378682
6.948,0.357123694187637,-0.937896874659325
6.95,0.38695669293138,-0.898827767614996
6.952,0.423248853573609,-0.876475088693993
6.954,0.429430990623135,-0.881959441877576
6.956,0.428199321194888,-0.896256786065803
6.958,0.41471794397557,-0.920080116739699
6.96,0.419360580594182,-0.931721659672002
6.962,0.426696509988629,-0.945591857755076
6.964,0.428672915201342,-0.968676509867453
6.966,0.397608933838417,-1.0046814882868
6.968,0.401438438240255,-1.02175519951401
6.97,0.393092398730047,-1.03831843845769
6.972,0.388879078750362,-1.03647656078593
6.974,0.3966346348592,-1.02505619913134
6.976,0.410482537446755,-1.01916536036306
6.978,0.418530171132216,-1.01358103578921
6.98,0.430485829988331,-1.00733197981413
6.982,0.441649533584484,-1.00406890678103
6.984,0.462621059830525,-1.0137286274611
6.986,0.469141897700847,-1.05490985676039
6.988,0.472649263940882,-1.11446620191557
6.99,0.463000061179082,-1.17317646596972
6.992,0.467262172059316,-1.22002307043771
6.994,0.463754107001488,-1.27797969725386
6.996,0.466074198962031,-1.31642723534179
6.998,0.452588168492635,-1.32726244436141
7,0.453107050492323,-1.32919314305119
7.002,0.45279341206821,-1.32323519075093
7.004,0.468764765439727,-1.31538901812209
7.006,0.482068515808418,-1.31173215390064
7.008,0.493702765971266,-1.31423840878624
7.01,0.501272072532409,-1.30806863448322
7.012,0.500386625025297,-1.31621383988132
7.014,0.478026042431173,-1.34115019423417
7.016,0.461324656986114,-1.34957012922322
7.018,0.456065761395504,-1.35228059731894
7.02,0.44475018304543,-1.34793520048741
7.022,0.438325196839161,-1.34800191988423
7.024,0.440121213386583,-1.34279408614601
7.026,0.439150661057821,-1.32684154413765
7.028,0.440036888611357,-1.33374649504856
7.03,0.444402792176803,-1.34072590173125
7.032,0.439446797382663,-1.33905410685154
7.034,0.435083659274068,-1.34052907006379
7.036,0.435106097574185,-1.34263759219789
7.038,0.445606165666234,-1.32840882044264
7.04,0.449376753994998,-1.33517914914768
7.042,0.450005168494599,-1.33145072213072
7.044,0.448728288795363,-1.33003310423974
7.046,0.437195062553095,-1.31772789048168
7.048,0.436609000915357,-1.29705560478467
7.05,0.432785757118806,-1.28904713207662
7.052,0.435584709052985,-1.28636047349103
7.054,0.435506269160716,-1.29739675897141
7.056,0.435046118604198,-1.3043593068559
7.058,0.424282958261503,-1.31195314356214
7.06,0.434922065925066,-1.32558502295212
7.062,0.431726235214069,-1.33420694173337
7.064,0.429778992296046,-1.34145288014413
7.066,0.431825471134075,-1.34355462168392
7.068,0.420973630299844,-1.34799029450842
7.07,0.408704814090192,-1.35296263481147
7.072,0.409980379751888,-1.34620472536428
7.074,0.412106600822949,-1.33713749479425
7.076,0.425430081019408,-1.33607609353051
7.078,0.439800231778135,-1.34392735226935
7.08,0.450961200742265,-1.34246218428846
7.082,0.451519727920392,-1.3437343210911
7.084,0.453315792111163,-1.34394595161957
7.086,0.468800053572709,-1.33483713110399
7.088,0.466169260200563,-1.33756870470282
7.09,0.463393968094331,-1.33957883396183
7.092,0.463966431141133,-1.32761992101309
7.094,0.472754125600064,-1.3259873411708
7.096,0.465860763591952,-1.32700179191384
7.098,0.454662312852714,-1.3345287582674
7.1,0.43513094499275,-1.34079557259203
7.102,0.415909892803717,-1.32657273049802
7.104,0.416502572687922,-1.31905975409514
7.106,0.415581855434496,-1.29983248821381
7.108,0.410461234384115,-1.28971796673959
7.11,0.415970041407697,-1.28397149145575
7.112,0.405591227826453,-1.27617838535022
7.114,0.393226053092219,-1.28192331360291
7.116,0.37930992572698,-1.26552346406723
7.118,0.370677541163992,-1.2539140378242
7.12,0.370333006333396,-1.23122015659195
7.122,0.363770248770505,-1.21800868379606
7.124,0.356548941883487,-1.17646548981891
7.126,0.344780876199935,-1.14936426762183
7.128,0.354622802785808,-1.11192364754147
7.13,0.370768224878736,-1.08185845805957
7.132,0.385077326326635,-1.06667186363104
7.134,0.383171176768413,-1.06317370211504
7.136,0.372518970001458,-1.08216688926149
7.138,0.377658492681209,-1.09284893793415
7.14,0.372465281646941,-1.1090760376932
7.142,0.360948627997528,-1.12099714902585
7.144,0.35734157271339,-1.13665491041765
7.146,0.358692291607627,-1.15012120550058
7.148,0.368287188676561,-1.15789994816702
7.15,0.370750524831829,-1.16746449486425
7.152,0.372607817748762,-1.15696125118487
7.154,0.373179571587882,-1.1479041249618
7.156,0.381996063995594,-1.13425262032649
7.158,0.394475208395211,-1.1326699780542
7.16,0.399732703905635,-1.14897370876861
7.162,0.406061366663364,-1.1676845626284
7.164,0.397277664378479,-1.1821281240746
7.166,0.397945526161595,-1.18553818291062
7.168,0.378567140226126,-1.19069699022698
7.17,0.36726073968369,-1.19078793688668
7.172,0.370921138693777,-1.18471486632922
7.174,0.376641977667381,-1.17045627251891
7.176,0.381982940247555,-1.14793303102945
7.178,0.387561428306061,-1.12540710950583
7.18,0.40957116920697,-1.10378106568369
7.182,0.422803293376419,-1.09119772487025
7.184,0.42001767087129,-1.10153536810239
7.186,0.423113464662494,-1.09639762841497
7.188,0.410146498187775,-1.08197053095509
7.19,0.410668850753369,-1.07598518101397
7.192,0.409787590543427,-1.07253834036231
7.194,0.401448217841357,-1.0573615038822
7.196,0.413064121118314,-1.03700318920467
7.198,0.428748160021845,-1.03510917247198
7.2,0.444489773911146,-1.04479323338566
7.202,0.464222512144598,-1.06806309087644
7.204,0.464852559721965,-1.11651506528461
7.206,0.449030497617854,-1.16443015155778
7.208,0.450302389829085,-1.20960910108042
7.21,0.449507436572112,-1.2473688058768
7.212,0.452399879344262,-1.28169125100032
7.214,0.448741197963137,-1.29975175586928
7.216,0.451818490318449,-1.31969452342386
7.218,0.452554522281392,-1.33001567792018
7.22,0.443075153136086,-1.32916069685533
7.222,0.421397969565405,-1.32534922208661
7.224,0.418257859526224,-1.30827853030087
7.226,0.426054862504505,-1.28118457265114
7.228,0.414887643675925,-1.26269705343326
7.23,0.413395113300125,-1.24125332086702
7.232,0.414631323196256,-1.21923016154348
7.234,0.415766604418763,-1.20747034316032
7.236,0.40902922132314,-1.21918138407922
7.238,0.419864273445071,-1.20223983691395
7.24,0.409510460120139,-1.17972534752178
7.242,0.408916482203484,-1.17328845108579
7.244,0.411500163041309,-1.15333538046764
7.246,0.397088763739702,-1.14130365084113
7.248,0.416346616867457,-1.10570730684828
7.25,0.419411544943536,-1.09197180944988
7.252,0.424502253667718,-1.0615980924668
7.254,0.426356989913661,-1.03811468296033
7.256,0.424148054546971,-1.03908217018836
7.258,0.429578568331767,-1.03965873022372
7.26,0.434581269329606,-1.05955161321162
7.262,0.441197065692631,-1.09597255053192
7.264,0.436979625052118,-1.13708239349181
7.266,0.440033061789304,-1.17975789167031
7.268,0.446992175492474,-1.23059804084192
7.27,0.454443507727769,-1.28832425662031
7.272,0.456005624421389,-1.33688936134089
7.274,0.448423674807973,-1.36891086907186
7.276,0.441607915227167,-1.39420817628048
7.278,0.443789655611729,-1.38830838048988
7.28,0.43483528444069,-1.38824416748787
7.282,0.445306341005224,-1.36990414834071
7.284,0.438632481371965,-1.36034619991881
7.286,0.44509212768652,-1.36018615525012
7.288,0.462733446628653,-1.34541498280036
7.29,0.478394655119032,-1.34901168690483
7.292,0.48974909543701,-1.35725573014825
7.294,0.486410181564315,-1.37409694808184
7.296,0.483517556852305,-1.39601820699099
7.298,0.471048208025763,-1.42359748753682
7.3,0.462690932830446,-1.44640858602578
7.302,0.45694137122594,-1.4469632293118
7.304,0.45733931466044,-1.43881370903371
7.306,0.469868010244532,-1.40384922761704
7.308,0.469074466432519,-1.38262813793726
7.31,0.475945946388163,-1.34926836877769
7.312,0.476962492105608,-1.3294653507289
7.314,0.479493803380301,-1.32796795759233
7.316,0.472676753750008,-1.31978534602906
7.318,0.462197811018298,-1.32371153253033
7.32,0.461730590753521,-1.32725355248593
7.322,0.454911216594391,-1.34507265005651
7.324,0.453071346858157,-1.36754520012109
7.326,0.452728664373793,-1.37252457106399
7.328,0.439987435593171,-1.37741497678559
7.33,0.439552417404393,-1.36540924538679
7.332,0.42504934242176,-1.3462635558219
7.334,0.412042920809901,-1.31354520016406
7.336,0.405132857572643,-1.26494645104933
7.338,0.413192214484328,-1.22784503382011
7.34,0.420494792136762,-1.19931892615557
7.342,0.428648183104928,-1.1829632091461
7.344,0.43032298595075,-1.17770350174131
7.346,0.43500810450985,-1.17616100935712
7.348,0.441886383689265,-1.18111358981107
7.35,0.440490958096613,-1.18029887880514
7.352,0.439773734452464,-1.18091176823912
7.354,0.45117524614606,-1.19547965493235
7.356,0.450818754977834,-1.21617556286624
7.358,0.455874179002929,-1.24255424220093
7.36,0.459290174537917,-1.27699647346267
7.362,0.460095394677883,-1.3132860245907
7.364,0.473651160475583,-1.32596878425555
7.366,0.47803858092522,-1.33888444548044
7.368,0.464074629397548,-1.35268847752831
7.37,0.463506434557175,-1.37123499980281
7.372,0.452519316445801,-1.3742180671655
7.374,0.44273402155981,-1.34954266644711
7.376,0.431022852426003,-1.31621998688284
7.378,0.40615901708011,-1.28842918071003
7.38,0.403594076719737,-1.2427225813722
7.382,0.405854416613777,-1.21092236203893
7.384,0.420025814681656,-1.19093962818394
7.386,0.439477334691943,-1.20040965495851
7.388,0.459359388825408,-1.22981205377115
7.39,0.455744938944685,-1.2672031107983
7.392,0.46029255301193,-1.29156286387201
7.394,0.462933040450755,-1.30397815280729
7.396,0.468923339076997,-1.30763891642617
7.398,0.46310516798716,-1.31520882771019
7.4,0.466103594295677,-1.31864588442898
7.402,0.454152251803418,-1.31374070158149
7.404,0.433720326235171,-1.31045130449521
7.406,0.429969566158274,-1.30042952080374
7.408,0.428640887893098,-1.31957235803491
7.41,0.434249748344867,-1.33486623253557
7.412,0.431506633463817,-1.35438683203741
7.414,0.42355933988229,-1.35976256263402
7.416,0.409349353116297,-1.35281701640599
7.418,0.421777414884069,-1.33455133791155
7.42,0.417944714601348,-1.3210311805681
7.422,0.411803885130254,-1.30282902480975
7.424,0.400716146136087,-1.28574872834333
7.426,0.422623579201814,-1.27672936985749
7.428,0.422091127451455,-1.27881679206526
7.43,0.40820483013385,-1.2804079193953
7.432,0.393030694313809,-1.27775559871534
7.434,0.387732495752109,-1.27103183170225
7.436,0.394936671356282,-1.25118588036278
7.438,0.390328098930571,-1.24069589852024
7.44,0.406451574052602,-1.24352401154313
7.442,0.409985981585103,-1.25883371648007
7.444,0.415160536530466,-1.2805215324177
7.446,0.40639371764446,-1.29447937226169
7.448,0.417614430395641,-1.29096949029758
7.45,0.411813100137164,-1.29408758178949
7.452,0.406726172569861,-1.29430897473899
7.454,0.401816317738489,-1.28886944803656
7.456,0.400194831431368,-1.28412220736312
7.458,0.402223304445401,-1.2543257534803
7.46,0.416282372088904,-1.23334981357374
7.462,0.419773408807185,-1.22247072832716
7.464,0.429182281726525,-1.223176711337
7.466,0.447163197387698,-1.20705568342619
7.468,0.43815676879037,-1.21272300469093
7.47,0.429311191560268,-1.2202300837973
7.472,0.420974067189402,-1.22822535545505
7.474,0.421868204424753,-1.23682800997793
7.476,0.42380035592452,-1.24559903934729
7.478,0.413710927636554,-1.25873704412608
7.48,0.413199074948207,-1.27016051722652
7.482,0.403229223923884,-1.28513175566962
7.484,0.392999877071055,-1.29645840379811
7.486,0.383238055571083,-1.30629680774589
7.488,0.379333651837335,-1.30176961179439
7.49,0.370453361180268,-1.29146551299162
7.492,0.373721427058869,-1.2714305659723
7.494,0.389789809381991,-1.23442456716299
7.496,0.39562524077189,-1.19243302772995
7.498,0.413509564003768,-1.15423514598564
7.5,0.418102490510311,-1.14204153055728
7.502,0.422138395207146,-1.14664133113257
7.504,0.425788764459642,-1.14574407956491
7.506,0.417304560488703,-1.15128284287075
7.508,0.414922251205142,-1.14724129234464
7.51,0.407100826561014,-1.1476427641618
7.512,0.430117398175537,-1.15049087212717
7.514,0.44414150979757,-1.16812367015708
7.516,0.450220812965494,-1.19795051979349
7.518,0.450316051047638,-1.21718307994438
7.52,0.446443638715892,-1.22979943327427
7.522,0.43831128020586,-1.22844825123489
7.524,0.441700919469659,-1.2199312289602
7.526,0.440265030626905,-1.22408056671587
7.528,0.447417931462052,-1.22469470573824
7.53,0.453965517563239,-1.23163113794937
7.532,0.466420954081498,-1.25054056082496
7.534,0.466254179022489,-1.26618793092041
7.536,0.464712072939955,-1.29094132076677
7.538,0.452567433047325,-1.31948546296124
7.54,0.453447046153681,-1.33342366475221
7.542,0.45616137665887,-1.34243602153904
7.544,0.46970766194115,-1.35388770022745
7.546,0.484543867068713,-1.34894347853619
7.548,0.466424989692563,-1.36378214296738
7.55,0.450759698028946,-1.36625620643233
7.552,0.450732779948368,-1.34641209230238
7.554,0.448245089893781,-1.32604499993845
7.556,0.463968640423901,-1.30314391939331
7.558,0.463311713409137,-1.28332017296993
7.56,0.474888771207875,-1.26474523580607
7.562,0.485283450224122,-1.25163959518856
7.564,0.499368301244884,-1.23899954737218
7.566,0.511814577120294,-1.24856643583186
7.568,0.526072992907409,-1.25764582551696
7.57,0.5400089349819,-1.27797579141861
7.572,0.551196384720008,-1.30541885565958
7.574,0.552651289751909,-1.3359048161329
7.576,0.545247090596035,-1.36150597138824
7.578,0.541102025236805,-1.39020241367569
7.58,0.519899586675496,-1.40119985745623
7.582,0.507923243103516,-1.39975710181692
7.584,0.497499195305372,-1.38819357185111
7.586,0.491327552144964,-1.3712544362364
7.588,0.489776934161348,-1.35817025683192
7.59,0.476247510718348,-1.34982620816352
7.592,0.465992023278983,-1.34311636798576
7.594,0.46964759158513,-1.32699954999381
7.596,0.44304848924279,-1.3291837503083
7.598,0.450712414813232,-1.31756239633182
7.6,0.453583593277303,-1.32437144948647
7.602,0.448568778998373,-1.33725320483336
7.604,0.444722250738258,-1.34357523809854
7.606,0.441617014315801,-1.33915892835454
7.608,0.436240273622879,-1.32531126395481
7.61,0.435760584128826,-1.31393568331662
7.612,0.436223125491752,-1.2981245742023
7.614,0.433319401542298,-1.28592133426936
7.616,0.431771058850177,-1.29114176052384
7.618,0.423050183303616,-1.29888284780203
7.62,0.411785156181736,-1.31606740317808
7.622,0.420395199625782,-1.34224344092326
7.624,0.422049133510008,-1.37082893609353
7.626,0.436594481591426,-1.38645881154983
7.628,0.437204206458505,-1.40545709937034
7.63,0.441430769074755,-1.42155297078401
7.632,0.433218548248859,-1.41910882023757
7.634,0.42059918402509,-1.3999373347732
7.636,0.412776192074107,-1.36969958327333
7.638,0.409558026406081,-1.33752482415347
7.64,0.394256146495667,-1.29380773269492
7.642,0.386048692384589,-1.24650443513508
7.644,0.390900297399451,-1.20265286704289
7.646,0.407787622847842,-1.17144617742801
7.648,0.402180543849149,-1.16199762026449
7.65,0.3801461028074,-1.16281092777718
7.652,0.376065229599389,-1.13769684802302
7.654,0.397406251488764,-1.13109854969125
7.656,0.407524013467361,-1.12850392392183
7.658,0.399015606723801,-1.14109603615865
7.66,0.391871578953255,-1.1199254148664
7.662,0.395499815115107,-1.11066150222244
7.664,0.404822359034039,-1.09375184543812
7.666,0.41797816179337,-1.08640577323313
7.668,0.430201924451114,-1.08934584962529
7.67,0.436982197298179,-1.11116878616399
7.672,0.434161671324971,-1.13103519036877
7.674,0.427132966846224,-1.16393292990363
7.676,0.421702431198266,-1.17811504443089
7.678,0.429797807643123,-1.20340562702643
7.68,0.425272115793601,-1.21892433605988
7.682,0.428702713878453,-1.23418275619822
7.684,0.431828266207138,-1.26338959284594
7.686,0.448428131824743,-1.28578214127709
7.688,0.428252790125278,-1.30459710638343
7.69,0.422759796079351,-1.31992770141175
7.692,0.426335750486902,-1.32636132361063
7.694,0.43469655173679,-1.34122952414147
7.696,0.449713674002634,-1.34960706833141
7.698,0.453860778282173,-1.35184705525564
7.7,0.461319574230216,-1.35671359840886
7.702,0.459734794142099,-1.3617197690209
7.704,0.455980673346486,-1.36863304690135
7.706,0.435226231296981,-1.38408831659223
7.708,0.433466432706168,-1.36850232231564
7.71,0.427341508754965,-1.36749158966653
7.712,0.433764954183135,-1.36943814788744
7.714,0.433206553465413,-1.3747194963734
7.716,0.432888958866556,-1.38002117769074
7.718,0.426754890219055,-1.37553697267987
7.72,0.429120178691818,-1.37034454536114
7.722,0.423139931606322,-1.37302553839107
7.724,0.425572494085982,-1.36421406891206
7.726,0.437624091401813,-1.36433652477245
7.728,0.423105859290287,-1.36982198106609
7.73,0.423703014033692,-1.35824409351759
7.732,0.421177731762606,-1.36034861493246
7.734,0.419581282373683,-1.3611149203047
7.736,0.416742375196781,-1.35860971318828
7.738,0.399676040084567,-1.36639561360807
7.74,0.393330310653348,-1.36491969589371
7.742,0.384062921113089,-1.35102868890207
7.744,0.384332092356929,-1.33920090755314
7.746,0.389325890791091,-1.32110445964169
7.748,0.399396041966256,-1.31324719252109
7.75,0.411591546987292,-1.3081747231399
7.752,0.414219576840228,-1.310735797515
7.754,0.417132220520591,-1.31140128671782
7.756,0.418533151416127,-1.30344903087409
7.758,0.426513451425883,-1.30659942930417
7.76,0.423917430670529,-1.28037581155413
7.762,0.426015287758643,-1.26159641898699
7.764,0.4311620883961,-1.25802238151048
7.766,0.429674689105882,-1.26627010339869
7.768,0.433465494615287,-1.26469668674472
7.77,0.433139120425826,-1.2739623410311
7.772,0.431312229743998,-1.27337129054843
7.774,0.431122428640704,-1.27210108535586
7.776,0.437487468516064,-1.27743441287813
7.778,0.432873147665764,-1.29221254103641
7.78,0.433239269474452,-1.30360212342949
7.782,0.437239324803053,-1.31533597055008
7.784,0.442094461715643,-1.32619484687172
7.786,0.444640496250477,-1.34547021840127
7.788,0.443821682293266,-1.3538180965541
7.79,0.43766739254212,-1.36269932223902
7.792,0.432502779631447,-1.37619268809822
7.794,0.428371160773433,-1.37341584809228
7.796,0.423018912128422,-1.3657899421228
7.798,0.425071320263242,-1.36594681225139
7.8,0.418714461859231,-1.34766060025442
7.802,0.416226878431902,-1.3226350427475
7.804,0.417019624186131,-1.30421342182831
7.806,0.417768907429212,-1.2910921317086
7.808,0.43684786850254,-1.28649876644308
7.81,0.440286523306529,-1.30752057435985
7.812,0.437800522321441,-1.32127510819253
7.814,0.439054468443481,-1.33147040152083
7.816,0.430933606040461,-1.33819774566639
7.818,0.437105323200741,-1.35204224026005
7.82,0.437551146555451,-1.36311160698558
7.822,0.439472192753014,-1.35963990631119
7.824,0.438106536354925,-1.36321433150415
7.826,0.436946120614527,-1.37422132095861
7.828,0.428758926169427,-1.37488130909014
7.83,0.425571384601661,-1.37588327168335
7.832,0.420762057970782,-1.37123088452044
7.834,0.415585082898224,-1.37460782302264
7.836,0.404426794547457,-1.3614726373098
7.838,0.402887675392595,-1.3484151192963
7.84,0.406947665594912,-1.34290015249049
7.842,0.408656141661773,-1.32538542319602
7.844,0.408716628807659,-1.32257360492643
7.846,0.392923032510053,-1.31805322741566
7.848,0.402387893445072,-1.31527262449983
7.85,0.400309871541485,-1.32042707982538
7.852,0.408830448623827,-1.33433946314837
7.854,0.406393127676598,-1.34007546934772
7.856,0.394964465790459,-1.3461160456665
7.858,0.406114153825322,-1.34766249740443
7.86,0.412923159075363,-1.35499561588368
7.862,0.412740781703431,-1.37189694105751
7.864,0.413058888059718,-1.38756141791535
7.866,0.396071846365756,-1.40724734337575
7.868,0.390061278529916,-1.41166334518151
7.87,0.38623498965977,-1.41982780596947
7.872,0.381153839066781,-1.41163206660487
7.874,0.372307953227024,-1.39396141857757
7.876,0.365404281638392,-1.38103053228854
7.878,0.371333670020253,-1.35798805172011
7.88,0.378483246944875,-1.35314671642328
7.882,0.388786968328198,-1.35442347090644
7.884,0.389558522878938,-1.35721145092404
7.886,0.372531531150838,-1.35860762483035
7.888,0.37663018249687,-1.34013002624938
7.89,0.375717156505866,-1.32542800459532
7.892,0.36138804034094,-1.30141976127801
7.894,0.367316475934364,-1.27729227900675
7.896,0.355523633208221,-1.26224371529274
7.898,0.373766504904055,-1.25093642782106
7.9,0.377875094072752,-1.25589727064092
7.902,0.384241933928734,-1.25566849837138
7.904,0.395110705230819,-1.25991389992025
7.906,0.395031094664068,-1.26702502640695
7.908,0.416879513911824,-1.27275597092965
7.91,0.421663748948878,-1.27786930423391
7.912,0.426149790905078,-1.28630401949039
7.914,0.435533670055436,-1.29537649104973
7.916,0.437248783928893,-1.30145006010869
7.918,0.434137172183693,-1.30304288526964
7.92,0.432508168620695,-1.30585861716039
7.922,0.420993598234284,-1.31016915867534
7.924,0.420824066247763,-1.31117417058979
7.926,0.416228272628085,-1.32551430417146
7.928,0.418896537478302,-1.33377773821767
7.93,0.417194568546123,-1.34203518159377
7.932,0.414217576810202,-1.35798905904011
7.934,0.418190406331378,-1.37237157823306
7.936,0.429615011841392,-1.36591620695308
7.938,0.423396821496395,-1.38785890383193
7.94,0.421396222748691,-1.39823949488488
7.942,0.414840627912426,-1.39691841684695
7.944,0.411296825896808,-1.37879739508601
7.946,0.409692141160894,-1.36149492192193
7.948,0.418332131202435,-1.34644459398923
7.95,0.426297965880134,-1.33624788291622
7.952,0.451641913401423,-1.33493533648453
7.954,0.456981329898332,-1.3494736405973
7.956,0.460415964951388,-1.37849502929234
7.958,0.447858795043841,-1.39398493185359
7.96,0.443354977577429,-1.38952556455381
7.962,0.436083373071723,-1.39131814504836
7.964,0.431089727855091,-1.39029985822741
7.966,0.42413874707038,-1.38800576032023
7.968,0.420896915889627,-1.37884557822751
7.97,0.420350633906801,-1.36399901462471
7.972,0.425997830472028,-1.3625574880618
7.974,0.42384173494366,-1.3578316198756
7.976,0.422312700073707,-1.35464264617982
7.978,0.436657324624046,-1.33306174991844
7.98,0.446305203921062,-1.34147596779401
7.982,0.44733250797834,-1.34778063632264
7.984,0.440443837122172,-1.3405856437241
7.986,0.432403047943927,-1.33436389691191
7.988,0.435074456719196,-1.33403631941473
7.99,0.438113450390138,-1.33918021524004
7.992,0.433490450199877,-1.34409148231704
7.994,0.426172709885138,-1.35940058823539
7.996,0.421036711279813,-1.35981038069943
7.998,0.410567855163077,-1.38476568570259
8,0.405022911165101,-1.38903774629458
8.002,0.407508965458305,-1.37879357556961
8.004,0.40992213848402,-1.36980586658035
8.006,0.415236460938185,-1.36218173860686
8.008,0.421569104625005,-1.35705686410754
8.01,0.421328671224356,-1.35758154856268
8.012,0.416759896394664,-1.35542354314918
8.014,0.409611575019696,-1.35473896692335
8.016,0.406152014492232,-1.34099334148898
8.018,0.398525585565094,-1.32931269523712
8.02,0.389957844487609,-1.31888736320338
8.022,0.385548170538467,-1.31486632880524
8.024,0.382256120731182,-1.30615679577728
8.026,0.384713519732068,-1.3149794385899
8.028,0.393310207804834,-1.29649729533099
8.03,0.40103793013184,-1.29254983994252
8.032,0.412638393113691,-1.290055358115
8.034,0.418197744279892,-1.29477181816708
8.036,0.413463000288062,-1.30065009969575
8.038,0.411714298976164,-1.2877090913725
8.04,0.411463235163111,-1.28089148705989
8.042,0.402593625584846,-1.27122221339448
8.044,0.403016679458732,-1.26352667781534
8.046,0.390432244780029,-1.25385670137565
8.048,0.400860323135922,-1.25596658871623
8.05,0.416273265616312,-1.2654009361818
8.052,0.425343452676942,-1.27488610675891
8.054,0.436958167705692,-1.29306207701219
8.056,0.440527101758663,-1.31460065223705
8.058,0.432508406045269,-1.34389078008563
8.06,0.436280099055812,-1.35684806027222
8.062,0.438252874545801,-1.36153778565295
8.064,0.436930443376219,-1.36541555257321
8.066,0.436534473730924,-1.36521715250479
8.068,0.431585942746599,-1.36397299311164
8.07,0.429083087331313,-1.34817535620782
8.072,0.427377358017778,-1.3349751775734
8.074,0.438672294691943,-1.32234597043864
8.076,0.44341841905404,-1.31252599994871
8.078,0.456966844287224,-1.31429759718358
8.08,0.453771846045872,-1.32117191816608
8.082,0.462839701819092,-1.33653937903925
8.084,0.491623795295392,-1.3540840489221
8.086,0.518160051659301,-1.37812708892125
8.088,0.501285563250047,-1.40655551110574
8.09,0.50154723058526,-1.42936145790945
8.092,0.500085263508115,-1.43934897195724
8.094,0.504719178375529,-1.45046720406986
8.096,0.511096752932347,-1.45296578922257
8.098,0.506592912965442,-1.43966716086203
8.1,0.499756965808824,-1.41976882007051
8.102,0.491405511267309,-1.39478090513648
8.104,0.48534942987083,-1.36397212919233
8.106,0.480509544453061,-1.34184426101581
8.108,0.483057164415495,-1.33185544914524
8.11,0.481369164063312,-1.33771978916234
8.112,0.472221348049679,-1.33880864991497
8.114,0.466751114398942,-1.33161875726845
8.116,0.469048561084291,-1.32067178064031
8.118,0.460828178965147,-1.31939037720242
8.12,0.461955954709391,-1.3020612186904
8.122,0.461354996459638,-1.28943479649988
8.124,0.470857215179225,-1.26728779107119
8.126,0.491681154199625,-1.24074628472251
8.128,0.511315624342349,-1.23424729477264
8.13,0.520057144738797,-1.24063574542756
8.132,0.5130284901794,-1.23969923528142
8.134,0.497276726919218,-1.24014254499427
8.136,0.486354658417219,-1.23815155100874
8.138,0.473671976764239,-1.24608710506739
8.14,0.462712956516359,-1.25120408692875
8.142,0.450313396125358,-1.26585440925602
8.144,0.45833097719789,-1.28131024125505
8.146,0.45902866013321,-1.29577373377072
8.148,0.448220702623713,-1.32186664980947
8.15,0.439539653421676,-1.31420240133667
8.152,0.446762990918015,-1.29823642455618
8.154,0.443423842117893,-1.28925237090278
8.156,0.435505329098416,-1.27432995153767
8.158,0.433414917227061,-1.25521859686243
8.16,0.428040781099223,-1.24766784462831
8.162,0.423747726438775,-1.24689743281588
8.164,0.417667566989447,-1.25489169211458
8.166,0.430628872592308,-1.25553325342445
8.168,0.434272808654701,-1.27696799175246
8.17,0.426953647813869,-1.30191819843403
8.172,0.428849463402483,-1.31441720801216
8.174,0.436041338338257,-1.31133524826092
8.176,0.439675534038726,-1.32810696420256
8.178,0.447363258104869,-1.33534592831626
8.18,0.450958360480143,-1.34215609696838
8.182,0.447353422677774,-1.34937759837707
8.184,0.440375644909079,-1.35666107829972
8.186,0.439128910944574,-1.34630138751351
8.188,0.429663323783363,-1.33694556439385
8.19,0.433678754069279,-1.32193878628016
8.192,0.436441730389247,-1.30887934208784
8.194,0.436842925370108,-1.30038549206336
8.196,0.44558175095488,-1.3062606581079
8.198,0.448541486569351,-1.2953661310612
8.2,0.442510597014843,-1.29511237958222
8.202,0.43883912184906,-1.29046531783402
8.204,0.442708732712403,-1.28383991275326
8.206,0.442483681436542,-1.28979873074805
8.208,0.431940112156656,-1.29963551219105
8.21,0.437269677097718,-1.31597131929463
8.212,0.429543240049386,-1.32845194997421
8.214,0.430487470656462,-1.34744525874771
8.216,0.428726817736337,-1.36657221021395
8.218,0.427532269731618,-1.38265351377341
8.22,0.436905297831653,-1.3922077508345
8.222,0.436526567302204,-1.38931293463817
8.224,0.436509768068868,-1.38395105018476
8.226,0.429279212556774,-1.37439568569754
8.228,0.437773752369385,-1.36199087160882
8.23,0.435353271346698,-1.36225149655842
8.232,0.424716197463272,-1.34592880277607
8.234,0.417873325823048,-1.33119018408759
8.236,0.419442397663152,-1.31551715422244
8.238,0.430952963599809,-1.30338962268017
8.24,0.441117864509542,-1.2850960449621
8.242,0.446368254694814,-1.29037554580671
8.244,0.439699109471109,-1.30170296502656
8.246,0.427934403934656,-1.32063166503367
8.248,0.418379940361443,-1.32984037126647
8.25,0.415769790586503,-1.34515986969012
8.252,0.40290996970459,-1.33857309819178
8.254,0.387826566736176,-1.32625975679229
8.256,0.379261306609619,-1.3007116304451
8.258,0.372120164120552,-1.28970087659738
8.26,0.382897379130242,-1.2647849480755
8.262,0.38630102350348,-1.25689997056807
8.264,0.394205293636161,-1.25515877997534
8.266,0.406376724029895,-1.26082308086221
8.268,0.411616711178113,-1.28169865876169
8.27,0.414894085721533,-1.29897506907876
8.272,0.41191319849136,-1.31441516696594
8.274,0.407080891453208,-1.32369447448178
8.276,0.4005605176778,-1.32847187272337
8.278,0.393542445925396,-1.32976439047537
8.28,0.381083818796835,-1.32359442232368
8.282,0.376219462468235,-1.31228241801811
8.284,0.38208766927153,-1.29020158374787
8.286,0.392859930144099,-1.26531372443163
8.288,0.389842390869226,-1.2462126420153
8.29,0.402882966024149,-1.22256938798998
8.292,0.409019827768505,-1.2088718504984
8.294,0.418061830526456,-1.20479857652696
8.296,0.422189664242039,-1.21784961608869
8.298,0.422744401959799,-1.23560528790307
8.3,0.414748349496005,-1.24953021639037
8.302,0.413706260191118,-1.2743963257491
8.304,0.41300681305464,-1.2914685793165
8.306,0.406864744282938,-1.30847977819985
8.308,0.414374008382736,-1.31415982337755
8.31,0.420103763414815,-1.31452481532533
8.312,0.425319631746521,-1.30132707977942
8.314,0.435171972818036,-1.28854044195954
8.316,0.436546840981487,-1.27156441522072
8.318,0.449820906563119,-1.27592433916392
8.32,0.444912496863282,-1.28795140691303
8.322,0.447167211027852,-1.30279566630915
8.324,0.441277900642791,-1.31036215418051
8.326,0.44469551830622,-1.32542893265081
8.328,0.44392289850254,-1.35132515728438
8.33,0.440558454720046,-1.36037068088391
8.332,0.429652401388179,-1.36977140088486
8.334,0.422718021655013,-1.37812602580649
8.336,0.414289498816978,-1.38401279243966
8.338,0.404156220159616,-1.3962067702876
8.34,0.388938269483434,-1.39021254695643
8.342,0.381635486695517,-1.36977430135291
8.344,0.370459958364396,-1.34273875648185
8.346,0.372142692573512,-1.31424511420529
8.348,0.387090812005026,-1.28226443516631
8.35,0.397166330054018,-1.27279409701365
8.352,0.40040916923868,-1.26165055720915
8.354,0.409304745650874,-1.24961035275296
8.356,0.40871211863648,-1.23943901139171
8.358,0.415640993338355,-1.23873824944652
8.36,0.413639229933676,-1.24548844558351
8.362,0.416497498830221,-1.26276877216593
8.364,0.402983633243443,-1.277893511365
8.366,0.407465935786052,-1.28748820433103
8.368,0.413526762882499,-1.28740901796042
8.37,0.423132686564695,-1.28312813598322
8.372,0.427431432504504,-1.28316938324286
8.374,0.429408595433998,-1.27938090197256
8.376,0.449168008379606,-1.28059441934569
8.378,0.437083433995921,-1.29873057869071
8.38,0.432251122409453,-1.30182184375891
8.382,0.427254179196006,-1.30862958037202
8.384,0.430014269387451,-1.30057466918201
8.386,0.424857723789513,-1.29928059483463
8.388,0.43731453505227,-1.30358929474228
8.39,0.438581714185216,-1.30704587382495
8.392,0.439725691910611,-1.3204937875086
8.394,0.450493342698689,-1.33634197084766
8.396,0.455658942596167,-1.33666794279706
8.398,0.45805800238727,-1.34848083737158
8.4,0.46074669600191,-1.34364798560106
8.402,0.46534030339637,-1.33415999238106
8.404,0.470323418918609,-1.31895218544897
8.406,0.469355306844004,-1.3003270244281
8.408,0.477813753756148,-1.26600151305336
8.41,0.460690566533598,-1.2407419908925
8.412,0.441915261425076,-1.22327540668396
8.414,0.428939436253275,-1.20414307205258
8.416,0.439813542899411,-1.19480740847463
8.418,0.434981302180956,-1.1935479268522
8.42,0.430385950708828,-1.21428225365218
8.422,0.425066571813112,-1.23728943607158
8.424,0.430537443620273,-1.25243321259065
8.426,0.435643624253529,-1.25067930072729
8.428,0.435726397765087,-1.25742212860763
8.43,0.42828585301563,-1.25764116020147
8.432,0.422716516146935,-1.26751514226115
8.434,0.417717813754926,-1.26869958556502
8.436,0.422476870307638,-1.2555873230989
8.438,0.414054878703672,-1.24989973178841
8.44,0.407851720066761,-1.24434948595386
8.442,0.396702008977543,-1.24683823682943
8.444,0.394877118500355,-1.22959451060812
8.446,0.381724452537756,-1.24102019174449
8.448,0.396505167756482,-1.2219842768033
8.45,0.405769061499583,-1.21061655474711
8.452,0.408097877754138,-1.20138701173325
8.454,0.411232186773175,-1.18781350167613
8.456,0.423906311144494,-1.15923996583499
8.458,0.433549469476385,-1.14136520197505
8.46,0.446584512187063,-1.1273860641545
8.462,0.451615240679765,-1.12884265706064
8.464,0.456967501940783,-1.13933279893406
8.466,0.46206677706316,-1.16216178410848
8.468,0.449838515990517,-1.20090285087292
8.47,0.442676070300599,-1.22422844034944
8.472,0.439118450589682,-1.24604240155373
8.474,0.44432871958021,-1.24127742477248
8.476,0.462471970059066,-1.22959564579866
8.478,0.464200232411315,-1.23748529852351
8.48,0.46530674669609,-1.23874762028864
8.482,0.459101783036333,-1.25654431968867
8.484,0.455104851863116,-1.27114590281996
8.486,0.448189950059128,-1.28099087598556
8.488,0.438922454156648,-1.27431383175731
8.49,0.426173899498612,-1.2697483806405
8.492,0.420952545337058,-1.25755253596326
8.494,0.414708344619984,-1.25234928023387
8.496,0.420809495781053,-1.24780049197676
8.498,0.424331561501727,-1.26491391808931
8.5,0.416669763414288,-1.28526354633227
8.502,0.423759342806569,-1.31671762860812
8.504,0.421216914927978,-1.33080203072002
8.506,0.407614085873802,-1.34646578414393
8.508,0.412745061788247,-1.33847436739232
8.51,0.401005453440925,-1.31970052070682
8.512,0.392292923423514,-1.30156455600697
8.514,0.379590265964182,-1.28831887913985
8.516,0.361803770604159,-1.25755480777299
8.518,0.350923326172554,-1.23290640096323
8.52,0.344598249730471,-1.20423985214944
8.522,0.354012989613234,-1.16733902788698
8.524,0.368244251631982,-1.1462884347611
8.526,0.368478684419828,-1.15543464277522
8.528,0.389795732906614,-1.16322694633033
8.53,0.395481851016615,-1.17474730180885
8.532,0.402849442099937,-1.18611268292954
8.534,0.411529126363143,-1.19933493411571
8.536,0.415699364603137,-1.21502193193526
8.538,0.418049829244382,-1.21746859620402
8.54,0.404826960105531,-1.22658500413734
8.542,0.387710587290618,-1.22428659477466
8.544,0.374173380121845,-1.21612627265922
8.546,0.367163985616514,-1.20965775907937
8.548,0.35115593327786,-1.20256028451259
8.55,0.34404448105412,-1.18179468858225
8.552,0.341586269227224,-1.14933893558154
8.554,0.355513962177248,-1.1233996180296
8.556,0.373781614145846,-1.10024377235457
8.558,0.385762098026337,-1.08526797331147
8.56,0.397998088643435,-1.06276144788499
8.562,0.409179945768312,-1.04295721343218
8.564,0.426356088680963,-1.02133921564169
8.566,0.44407650205416,-1.00341976858445
8.568,0.457343376180389,-1.00875631310255
8.57,0.468011151747606,-1.01448583593599
8.572,0.470769338081729,-1.03232255314911
8.574,0.462673325868368,-1.04843900038654
8.576,0.464627111542329,-1.05834431744514
8.578,0.456867873730977,-1.07233921101611
8.58,0.469518387773426,-1.08236688046434
8.582,0.484961101488016,-1.08956390771443
8.584,0.508681844321132,-1.10582061313929
8.586,0.522965520324402,-1.11623000078714
8.588,0.503278035761785,-1.15837174644599
8.59,0.499356307226063,-1.18341704349437
8.592,0.484712246875303,-1.21510690376253
8.594,0.493842959794726,-1.24838182457487
8.596,0.488217130621093,-1.27532900950746
8.598,0.500386144117986,-1.28045518402621
8.6,0.499938870584515,-1.29527671259468
8.602,0.485848231656115,-1.30147007497911
8.604,0.477288323955188,-1.2996262745666
8.606,0.493722643560293,-1.28310253473835
8.608,0.492791439516697,-1.28217533602296
8.61,0.487889333721074,-1.29580468952397
8.612,0.490612525322808,-1.3077612744171
8.614,0.493244445723466,-1.32820277378471
8.616,0.492849095629679,-1.34595278621244
8.618,0.498192797034897,-1.34777564634432
8.62,0.495957789500695,-1.35494271063241
8.622,0.492229132616803,-1.3576770414055
8.624,0.497785209291263,-1.34313675785387
8.626,0.490231318546691,-1.30944050196684
8.628,0.473699968488023,-1.28070552581386
8.63,0.453431696323971,-1.24151154371024
8.632,0.446474628072158,-1.20871693420273
8.634,0.435052668412159,-1.17871301979133
8.636,0.440736960243301,-1.15917724429023
8.638,0.433410943968719,-1.158068098456
8.64,0.434911352773578,-1.1497500922148
8.642,0.443152932003552,-1.15157969625821
8.644,0.448183060163354,-1.16816006838176
8.646,0.444830981316139,-1.18800422253874
8.648,0.42387587130288,-1.19990383451094
8.65,0.418359988394124,-1.20704498574978
8.652,0.426197769838269,-1.20167278123585
8.654,0.420708712783752,-1.19184066903123
8.656,0.421666910207827,-1.18844008327884
8.658,0.437472764617333,-1.17036103491955
8.66,0.448521887984455,-1.1600566857701
8.662,0.454816205792592,-1.15505042012126
8.664,0.457006696259891,-1.15971121586677
8.666,0.456621657389231,-1.16346687857815
8.668,0.453491139077055,-1.17491814444857
8.67,0.465999511273535,-1.18020494546328
8.672,0.476767479265482,-1.2088741859005
8.674,0.482032991750323,-1.24544641666873
8.676,0.484711406452146,-1.27860388608571
8.678,0.493717960552733,-1.33290949574289
8.68,0.496085112787049,-1.38287764839522
8.682,0.50097538728604,-1.43038188886171
8.684,0.502011226850699,-1.47348520326791
8.686,0.504485199029583,-1.50040707929468
8.688,0.48797085277956,-1.51215246059844
8.69,0.485114180554132,-1.51474575115893
8.692,0.477249013636066,-1.49385936421849
8.694,0.467957605683949,-1.46057297654566
8.696,0.460846914770935,-1.43472904062475
8.698,0.455582809730212,-1.39007062495848
8.7,0.460831664161525,-1.34823905215819
8.702,0.469618857873877,-1.32287306813134
8.704,0.474328548950182,-1.30448856577231
8.706,0.45498495804247,-1.31740339439999
8.708,0.44667020282031,-1.31848228757333
8.71,0.437103109384416,-1.32932125722712
8.712,0.430966384597804,-1.33455898945455
8.714,0.430878196467226,-1.34685644577754
8.716,0.428462456324725,-1.3600703811284
8.718,0.428540071473576,-1.37791340656786
8.72,0.420572394513209,-1.37907200077994
8.722,0.417798106091459,-1.36729474405997
8.724,0.409524857314563,-1.36263743986563
8.726,0.409528753752621,-1.34167478170107
8.728,0.402591560838902,-1.30640776581472
8.73,0.394539523829387,-1.25661946236791
8.732,0.393128372751269,-1.21625019504237
8.734,0.404337188789092,-1.19228776171477
8.736,0.420763503232979,-1.17500644309357
8.738,0.43015846927115,-1.17159661086241
8.74,0.436343267172435,-1.18341765450113
8.742,0.436777899192125,-1.19495233182755
8.744,0.440083945921021,-1.20279052512644
8.746,0.444244398234727,-1.21206147595065
8.748,0.459902480635342,-1.21412748592512
8.75,0.46065389139303,-1.22500422386472
8.752,0.455032491313144,-1.23317529484395
8.754,0.457887059595575,-1.24766784776152
8.756,0.453040326553361,-1.25873106835457
8.758,0.443241600582091,-1.28461698855256
8.76,0.438280474983938,-1.31807670555604
8.762,0.439746257830919,-1.35597276052174
8.764,0.444732970738378,-1.38055430847055
8.766,0.439160118289893,-1.40829068498532
8.768,0.448927031293288,-1.42250509616981
8.77,0.456458819148687,-1.43985262150399
8.772,0.471316152428404,-1.45319703075441
8.774,0.474808525803217,-1.4650484442908
8.776,0.486515333922201,-1.46866645782925
8.778,0.485730878540541,-1.47869945795252
8.78,0.493572245783538,-1.47260966290639
8.782,0.503126822555784,-1.46879016501842
8.784,0.500443353485526,-1.45605280830302
8.786,0.511904883449814,-1.44430559654061
8.788,0.509904305476186,-1.43745478860652
8.79,0.500846728644907,-1.43546693278975
8.792,0.498705796764586,-1.43907553109642
8.794,0.495259474170146,-1.43365570091152
8.796,0.488838904286061,-1.44710162199975
8.798,0.477238262613333,-1.43967505089344
8.8,0.465946666375685,-1.44508776382828
8.802,0.454669531999236,-1.43406288718369
8.804,0.457340797260012,-1.41997645795802
8.806,0.45505936324506,-1.40425934687362
8.808,0.460951558982189,-1.38423524696379
8.81,0.463379245713214,-1.37474109496533
8.812,0.464995320666087,-1.36734929734321
8.814,0.472368359815238,-1.36423915081944
8.816,0.464569746737491,-1.36956503703385
8.818,0.452742652310118,-1.37205770424383
8.82,0.426062127062803,-1.37266257116114
8.822,0.413185962777399,-1.36837417781789
8.824,0.413250454221613,-1.35697685496668
8.826,0.398996341539934,-1.34177627220795
8.828,0.384159976030062,-1.30422045640434
8.83,0.372540075981383,-1.26955907555881
8.832,0.376934741832088,-1.23734752917346
8.834,0.373371256604523,-1.20177138995492
8.836,0.372589157863113,-1.18052504648619
8.838,0.381812902356602,-1.17365267801652
8.84,0.381319047584412,-1.16020992696715
8.842,0.383881442834834,-1.15572516610992
8.844,0.385105672584541,-1.15831452872761
8.846,0.373660964878374,-1.16704236775981
8.848,0.370836137678185,-1.16113433022171
8.85,0.367212253940126,-1.15834810609958
8.852,0.375357956274801,-1.16570009396545
8.854,0.385307622030413,-1.18385173117945
8.856,0.377305258060656,-1.19781714141845
8.858,0.369291649364727,-1.19632101941059
8.86,0.362542816656443,-1.1791737824648
8.862,0.363051273452436,-1.13906646473112
8.864,0.366378731976982,-1.10943865930369
8.866,0.357504348850136,-1.10273969957668
8.868,0.37236234759321,-1.07999481441286
8.87,0.357201260061846,-1.08154908126005
8.872,0.350502177076036,-1.08286171883213
8.874,0.345099214226935,-1.08500989159298
8.876,0.346826812835056,-1.08677780445649
8.878,0.356938675222553,-1.10477738948602
8.88,0.356906420517287,-1.1304187946579
8.882,0.354721055326323,-1.14954217224682
8.884,0.355280800443646,-1.15395203005101
8.886,0.361634511567938,-1.16326534450864
8.888,0.378080564646774,-1.1560868893884
8.89,0.387204857147579,-1.15824272232764
8.892,0.396161620688795,-1.16074445412168
8.894,0.409317806573169,-1.16794881665256
8.896,0.416543374662055,-1.18098201380766
8.898,0.434207848687691,-1.1707961454479
8.9,0.442593134317329,-1.18526470779251
8.902,0.449011421983257,-1.20103069545804
8.904,0.453550689623808,-1.23011428194235
8.906,0.449222526194255,-1.26386974949874
8.908,0.447016712077687,-1.28403466197305
8.91,0.438681486784054,-1.30445049048439
8.912,0.423120252292437,-1.32029116828446
8.914,0.415170904489344,-1.31806175304478
8.916,0.40051873906803,-1.3163225756284
8.918,0.401505856766614,-1.28306548857907
8.92,0.414258917023998,-1.24977006256054
8.922,0.431830450284529,-1.22660338823111
8.924,0.430626613863479,-1.20906443759873
8.926,0.432814677991889,-1.20505149012351
8.928,0.438668854577572,-1.20547092564105
8.93,0.434005247894569,-1.21392914555051
8.932,0.43644583419025,-1.22530369355036
8.934,0.435925533177145,-1.23806722572294
8.936,0.451774874661114,-1.26459474750034
8.938,0.447808383049903,-1.29269075168071
8.94,0.439376092859855,-1.31343302904268
8.942,0.434983436740044,-1.32204061009878
8.944,0.436817817688887,-1.31418327942273
8.946,0.431525180499063,-1.31577416260092
8.948,0.43379454547937,-1.31422192533836
8.95,0.44042198765629,-1.30893988540899
8.952,0.447796124713134,-1.30566768529623
8.954,0.446252951624161,-1.31020285654343
8.956,0.435901525959819,-1.31907415542084
8.958,0.436373333842575,-1.32752792963537
8.96,0.438618435005876,-1.34371539278194
8.962,0.436969640439385,-1.35355453996949
8.964,0.432434842300097,-1.36835941710931
8.966,0.437684289094076,-1.36035329659231
8.968,0.42254588342891,-1.36837163688654
8.97,0.412411600284792,-1.35220990573607
8.972,0.41024941265252,-1.33725285127851
8.974,0.415274006234436,-1.3258477796807
8.976,0.411969152421894,-1.31729456524945
8.978,0.417762378155648,-1.29567856879768
8.98,0.417304432298258,-1.29393715163488
8.982,0.411708130618198,-1.2893036918976
8.984,0.413639547373317,-1.2871257833133
8.986,0.419906458854185,-1.27071786628843
8.988,0.414808955847466,-1.27748462680354
8.99,0.415777778550181,-1.28283965108
8.992,0.414136419352323,-1.29589940326029
8.994,0.410828839491649,-1.31247494522273
8.996,0.408560246868796,-1.33179685096819
8.998,0.411376192734902,-1.34422726537837
9,0.407885385575289,-1.36445964272559
9.002,0.401698444045307,-1.38402967979412
9.004,0.402142520070267,-1.39215944067791
9.006,0.394117910347246,-1.4031977044836
9.008,0.394706396789893,-1.38427067056895
9.01,0.391260750433487,-1.37504828589388
9.012,0.380686364233272,-1.36200257640629
9.014,0.381050297329241,-1.34868675739971
9.016,0.372094764541162,-1.34148787759268
9.018,0.384135938058886,-1.33287691630876
9.02,0.380677640146108,-1.32726503867067
9.022,0.376295903443827,-1.33700142161924
9.024,0.370019912512107,-1.33193098604259
9.026,0.369290560790928,-1.32678390746177
9.028,0.374057009606725,-1.32624826062168
9.03,0.383107391598026,-1.32315327708131
9.032,0.393926148796403,-1.32543970912851
9.034,0.408181220703088,-1.32003709100565
9.036,0.400774082799477,-1.32447794615249
9.038,0.396935084565364,-1.30811940068039
9.04,0.406674788756245,-1.29201757230657
9.042,0.413821147347388,-1.28350643388257
9.044,0.417300941249141,-1.28078965600774
9.046,0.393549842655652,-1.28265743352218
9.048,0.403633123460826,-1.26651639175059
9.05,0.404934497387309,-1.26822371945248
9.052,0.402389230070516,-1.28310110248967
9.054,0.395911286034636,-1.30874197362209
9.056,0.393073685779658,-1.31554547653544
9.058,0.394909328356402,-1.34580672632366
9.06,0.391358196070177,-1.3567685732831
9.062,0.385785183428736,-1.35603440379407
9.064,0.386396477423615,-1.34691737231185
9.066,0.390076457968374,-1.32802528926077
9.068,0.394545512613886,-1.30483464890846
9.07,0.401358497973957,-1.28740477782639
9.072,0.411414934228971,-1.27569133740844
9.074,0.417078105901699,-1.27586405408688
9.076,0.409184157587973,-1.28805852699461
9.078,0.419227716956557,-1.29646250533611
9.08,0.419435984380032,-1.31288112437148
9.082,0.41938356515935,-1.33667532156552
9.084,0.421839831634997,-1.36464449498347
9.086,0.427636444885784,-1.38657229848643
9.088,0.43254206139124,-1.40711157409265
9.09,0.43476169204749,-1.43503433591064
9.092,0.430022771634058,-1.45305248707601
9.094,0.411283182238453,-1.45264913183366
9.096,0.407689244043891,-1.42314464786055
9.098,0.404539917031061,-1.3952775370009
9.1,0.405822101120327,-1.36027604313901
9.102,0.421603059209399,-1.33089251761103
9.104,0.423397357135727,-1.31552414295905
9.106,0.425484098777229,-1.30639275027968
9.108,0.411860473463701,-1.29999669684688
9.11,0.411691663985145,-1.29777434586135
9.112,0.422255238639152,-1.30579935376963
9.114,0.418793074290994,-1.31752314349969
9.116,0.401649539389217,-1.34097796669765
9.118,0.407469691718826,-1.35451739282702
9.12,0.405162714017317,-1.34842995408778
9.122,0.395581083277799,-1.34133961005851
9.124,0.39556770066599,-1.33867662400743
9.126,0.390583834590522,-1.32910648260411
9.128,0.39339389120915,-1.31301574398081
9.13,0.392150248069479,-1.29043065854416
9.132,0.396820240460981,-1.27312811982415
9.134,0.394591788351991,-1.26629907725838
9.136,0.397254838675707,-1.26743662084998
9.138,0.39624219348483,-1.27331034158048
9.14,0.393894559886926,-1.28519256019295
9.142,0.394325872101851,-1.29951040162892
9.144,0.398361344359345,-1.33327016959101
9.146,0.411487603397165,-1.35770686460739
9.148,0.405994807526743,-1.36969486200781
9.15,0.406262050484743,-1.37171032220454
9.152,0.406468495533192,-1.36199932422853
9.154,0.395894515310033,-1.34138560865374
9.156,0.390779280321664,-1.30202638357386
9.158,0.395918053483928,-1.26510265813431
9.16,0.407287771368376,-1.22362827677424
9.162,0.424836363582974,-1.19765369925707
9.164,0.422351718596007,-1.20209476697528
9.166,0.424941279160309,-1.19594986802745
9.168,0.410066232031424,-1.19235744309877
9.17,0.415055032440048,-1.19197030884852
9.172,0.418600109431559,-1.19401479163598
9.174,0.417831814139681,-1.20743723551724
9.176,0.42740436274827,-1.20379236780425
9.178,0.425500934471994,-1.19526266687397
9.18,0.425881808104042,-1.18144346905557
9.182,0.427578221725063,-1.1645914027381
9.184,0.431170369367351,-1.16388118840667
9.186,0.431845114023406,-1.17523346765659
9.188,0.427389169034632,-1.18298631916943
9.19,0.419526683741675,-1.18511502114621
9.192,0.420238116225741,-1.19767333610768
9.194,0.421118348111935,-1.21700934449171
9.196,0.419428774470848,-1.25235039284374
9.198,0.435764396774788,-1.26699416552121
9.2,0.434855421456068,-1.28663087707709
9.202,0.437769171326397,-1.30897300239576
9.204,0.447830631446147,-1.32107114372375
9.206,0.453556016604248,-1.34262811498533
9.208,0.442044504742821,-1.35881388992539
9.21,0.432531351656166,-1.37005337243327
9.212,0.434884806651525,-1.37530335341972
9.214,0.43183465447125,-1.39845597984247
9.216,0.423477734136113,-1.43181063800024
9.218,0.411618017551993,-1.4431998711952
9.22,0.402379696849983,-1.44575544116384
9.222,0.404722298792318,-1.4322061987171
9.224,0.403893334167976,-1.41265853852959
9.226,0.397229658484987,-1.38741224639697
9.228,0.384689579599036,-1.36066462562497
9.23,0.382680433357506,-1.33588242423145
9.232,0.374894812149336,-1.31101435205072
9.234,0.388821766205868,-1.30021366536017
9.236,0.376226036186604,-1.2859231239585
9.238,0.368219519997693,-1.27527234555574
9.24,0.372202275763721,-1.24927844988167
9.242,0.371728450670876,-1.21772078562322
9.244,0.382682790421725,-1.17451247142614
9.246,0.408332308617388,-1.1442336458921
9.248,0.43389706973155,-1.10359223192755
9.25,0.452281778901413,-1.08300169234584
9.252,0.463374225911784,-1.07585721925657
9.254,0.476756363073354,-1.0858625360572
9.256,0.477336397391981,-1.09580810683697
9.258,0.472899072542766,-1.13126122851012
9.26,0.480345969678058,-1.16159076928309
9.262,0.486289749439628,-1.19855340907213
9.264,0.490804518834495,-1.24162947850197
9.266,0.489197226652365,-1.28646763731852
9.268,0.486850512366074,-1.3139793398591
9.27,0.484751775462992,-1.33274906992116
9.272,0.480172438505459,-1.34840575647735
9.274,0.470870764053515,-1.3501160436581
9.276,0.474651028491106,-1.35438035012033
9.278,0.476320004646757,-1.33162881322313
9.28,0.482981748368034,-1.30670335373529
9.282,0.48756684149775,-1.29397611137578
9.284,0.488907962473962,-1.29617503809804
9.286,0.494385000022222,-1.31318130996839
9.288,0.475980050658462,-1.33167616861326
9.29,0.463569587467881,-1.33662908481847
9.292,0.457217244090163,-1.34376932472431
9.294,0.447684127219708,-1.35380582797328
9.296,0.443655081567774,-1.3476179228532
9.298,0.424404773080718,-1.34232868199243
9.3,0.419975117772866,-1.3352439205518
9.302,0.414450310452909,-1.33262812217483
9.304,0.413637874691125,-1.33133516969627
9.306,0.41540006780063,-1.33407603525902
9.308,0.416544149091024,-1.34780253291601
9.31,0.41340162045834,-1.36645379034121
9.312,0.407594601774404,-1.37895958368228
9.314,0.406087305730758,-1.38673102965233
9.316,0.411757749717915,-1.38814733104097
9.318,0.395195655512782,-1.39107015594492
9.32,0.387803720595169,-1.38674999548251
9.322,0.365266256905922,-1.38182710139552
9.324,0.348638940799425,-1.35367572043124
9.326,0.364370969697516,-1.30329595774947
9.328,0.343982780212274,-1.26391863063123
9.33,0.34928861219035,-1.22268438500343
9.332,0.367189979155546,-1.17715074894309
9.334,0.385316666998773,-1.14874252342219
9.336,0.399553818066524,-1.13510170116906
9.338,0.40113086347994,-1.11910525885956
9.34,0.416460770532996,-1.11946252055327
9.342,0.410853824913209,-1.13239980566881
9.344,0.39514568464621,-1.15562153485424
9.346,0.39369604051725,-1.19039940409384
9.348,0.386258772770795,-1.22601745760899
9.35,0.395825367640747,-1.26375463399974
9.352,0.403683600612621,-1.2983019236927
9.354,0.408685351995175,-1.33136902801672
9.356,0.415675454299935,-1.34755022385919
9.358,0.414659031414351,-1.35253189105887
9.36,0.410845801305363,-1.35066009778613
9.362,0.404893999239409,-1.3483221013038
9.364,0.396912632450429,-1.3423834346592
9.366,0.38250379736155,-1.32510981168915
9.368,0.375935493302419,-1.31168183253796
9.37,0.374187851842229,-1.29595541059186
9.372,0.38566382812997,-1.2914592674577
9.374,0.381338086905617,-1.29094677552867
9.376,0.373781200108509,-1.29173234589916
9.378,0.3764011281161,-1.29177502467485
9.38,0.372753967947549,-1.29117689849095
9.382,0.388163989893446,-1.28653565854289
9.384,0.392982460750727,-1.28710133999351
9.386,0.392595041527372,-1.26663584278612
9.388,0.395739847055331,-1.26530682726513
9.39,0.401079412545894,-1.25912662654618
9.392,0.407709094156951,-1.26177470144534
9.394,0.412012072648511,-1.26342892084131
9.396,0.413442208960391,-1.26992057076006
9.398,0.405761745181904,-1.27778809071379
9.4,0.396449274487773,-1.2831728071484
9.402,0.398211322245902,-1.27228757827699
9.404,0.397469896936912,-1.27549110219643
9.406,0.397420399815948,-1.27400895403957
9.408,0.389048218649533,-1.27863428376241
9.41,0.373905640438451,-1.26558282146783
9.412,0.379309688820834,-1.23497839416879
9.414,0.378141435670296,-1.21594472486324
9.416,0.381086187633814,-1.19360598945175
9.418,0.398364180137738,-1.16913957037828
9.42,0.408843592180202,-1.16000988920263
9.422,0.401039729473618,-1.14851177966008
9.424,0.400508895566823,-1.13631573243037
9.426,0.413968816010644,-1.13890763108082
9.428,0.428862778190799,-1.1563506544457
9.43,0.430342155967627,-1.18330183647472
9.432,0.432101633827941,-1.20153160382282
9.434,0.441978485875921,-1.22943775458086
9.436,0.450363428370687,-1.23984301809412
9.438,0.435907379664022,-1.25869166401126
9.44,0.424688003518098,-1.26743415296269
9.442,0.416809789806923,-1.25555409559209
9.444,0.419023933947757,-1.25359049566084
9.446,0.405538227471904,-1.24002840675928
9.448,0.395507565041499,-1.22723096840454
9.45,0.389161828421507,-1.20749133392903
9.452,0.393395579974526,-1.19566561399104
9.454,0.395248689185424,-1.18687235465898
9.456,0.403025340362419,-1.19416782312778
9.458,0.396927390867175,-1.20372008131888
9.46,0.404122088831207,-1.21805022394439
9.462,0.40353764728815,-1.24286788470522
9.464,0.399874121636763,-1.27019732370955
9.466,0.396105320151909,-1.291055481813
9.468,0.371607828572238,-1.29271393692901
9.47,0.366222695183094,-1.28054604323888
9.472,0.359762426888699,-1.25472443552473
9.474,0.360467353307523,-1.22409698948827
9.476,0.355998555970816,-1.19791416735221
9.478,0.365120843435177,-1.17207827449312
9.48,0.356948333021887,-1.15604732776849
9.482,0.357700728293134,-1.1454834705626
9.484,0.370214220708844,-1.14735863169734
9.486,0.373521972408827,-1.1493096597174
9.488,0.382737047866353,-1.16177435152327
9.49,0.397737713495739,-1.17877259056562
9.492,0.410452952621182,-1.21198407867418
9.494,0.424552888143311,-1.24806363031258
9.496,0.429727702313094,-1.28901736927196
9.498,0.443496451491172,-1.31946827841633
9.5,0.451070192638721,-1.34776741385555
9.502,0.452339221942548,-1.36391356405863
9.504,0.458188329443371,-1.36999827678197
9.506,0.448882674228077,-1.36910993286351
9.508,0.442184255462953,-1.35329118224438
9.51,0.431048403294486,-1.34415130305208
9.512,0.417471767669506,-1.32556633475658
9.514,0.410532207857034,-1.3195700992425
9.516,0.405973878382768,-1.32293911913122
9.518,0.4103717642649,-1.32259521107338
9.52,0.40477955278428,-1.33074521719796
9.522,0.396471696718422,-1.3373931013305
9.524,0.389088702773629,-1.34641071256441
9.526,0.391978623052036,-1.33875346602381
9.528,0.380238912417317,-1.33683569747813
9.53,0.376596672685386,-1.3287043390201
9.532,0.380603061229288,-1.3206801662303
9.534,0.381297934776112,-1.31051096604525
9.536,0.375683169214105,-1.31823580100548
9.538,0.380321007824698,-1.31910779466077
9.54,0.381266711522498,-1.32729372759766
9.542,0.372584843115625,-1.34521281688467
9.544,0.372783627630348,-1.35031148987378
9.546,0.37534887137854,-1.34407038945653
9.548,0.37040638861915,-1.34989043544709
9.55,0.377158475004526,-1.35043343119984
9.552,0.382359745163361,-1.34299316438983
9.554,0.378748836931665,-1.32967574092642
9.556,0.373705831552631,-1.31604110812829
9.558,0.377102335599541,-1.29294544590296
9.56,0.383615755683617,-1.28262231344948
9.562,0.381696835223976,-1.28895988691857
9.564,0.379604960914779,-1.29319495265473
9.566,0.378023932257087,-1.29673209985485
9.568,0.38272847966579,-1.29416055295766
9.57,0.389947928216691,-1.29872271187152
9.572,0.38334011447992,-1.29089626823042
9.574,0.389057223785811,-1.27914999287512
9.576,0.387718825236453,-1.2728034193373
9.578,0.392225538725271,-1.25433103619715
9.58,0.390114624314601,-1.25254733679921
9.582,0.389148905797409,-1.25430267045788
9.584,0.394787150024722,-1.26992396658824
9.586,0.401823083559627,-1.2943908647957
9.588,0.400010439168273,-1.32523243031466
9.59,0.404226790090617,-1.34968328284734
9.592,0.414204379103584,-1.36315086145999
9.594,0.424363053464752,-1.37087175755646
9.596,0.437667653022131,-1.37344735722162
9.598,0.432661035502967,-1.38149032121624
9.6,0.426726448645432,-1.37740693296328
9.602,0.424713172131985,-1.35400227056974
9.604,0.421547604503659,-1.32453740568392
9.606,0.42033313566707,-1.31393006992319
9.608,0.427159761350655,-1.30287525508363
9.61,0.42413059707493,-1.3030610330859
9.612,0.418545992912899,-1.31758588743045
9.614,0.415054849989015,-1.3326226802846
9.616,0.420362784592079,-1.34502009283893
9.618,0.427031550949357,-1.3552863934579
9.62,0.424661471793423,-1.37329740032152
9.622,0.424530286215462,-1.37410613585984
9.624,0.423194140034699,-1.35969504150486
9.626,0.428051151595365,-1.3703334902937
9.628,0.426676312257835,-1.36566458561577
9.63,0.417320193982146,-1.35264142337001
9.632,0.413613322255951,-1.33440957052369
9.634,0.413701963296724,-1.31206421899426
9.636,0.413136708958575,-1.31134342695651
9.638,0.417678564476991,-1.31316827056111
9.64,0.422776791695429,-1.32320316540581
9.642,0.423059897331009,-1.34457946935149
9.644,0.424099653934815,-1.35277714868653
9.646,0.428539433356804,-1.36098532918652
9.648,0.426303123869609,-1.38416485244982
9.65,0.421001546768727,-1.39286408296289
9.652,0.415878477358098,-1.3977778419885
9.654,0.402375819606453,-1.39587948872431
9.656,0.400314389507437,-1.39132367905788
9.658,0.393525427004131,-1.37999926832353
9.66,0.395467577499934,-1.36160986528854
9.662,0.396885175363495,-1.3360495902031
9.664,0.399190683506375,-1.32305633605969
9.666,0.395602523514136,-1.3183059832578
9.668,0.407093992217973,-1.31478689630938
9.67,0.412550246609318,-1.31586932297554
9.672,0.416718827252115,-1.34088633469339
9.674,0.413012824706738,-1.37130836267227
9.676,0.409331834123508,-1.40750323296856
9.678,0.405135751006801,-1.42703687707027
9.68,0.406615706199127,-1.44605856627747
9.682,0.401476825962261,-1.46481019001766
9.684,0.39865403965165,-1.47372214562
9.686,0.399526142637418,-1.46504613508318
9.688,0.388364690599612,-1.46163202578881
9.69,0.37668559651016,-1.44151753410928
9.692,0.377121127020613,-1.42272863471706
9.694,0.369251303563527,-1.40180143328445
9.696,0.342406541495466,-1.3793007515682
9.698,0.355378179230338,-1.36097564326048
9.7,0.348153697035454,-1.34693834468487
9.702,0.353059706480502,-1.33665465932226
9.704,0.355942017380974,-1.33344393690746
9.706,0.36831838295927,-1.34559223142004
9.708,0.382166338244606,-1.36872039497189
9.71,0.390447610700867,-1.39224819921767
9.712,0.392555500169928,-1.41133073577728
9.714,0.394023592443558,-1.42616815676465
9.716,0.386874202872556,-1.42800270587753
9.718,0.370264380373242,-1.41918230066779
9.72,0.360873201785446,-1.39602552519667
9.722,0.357947991177479,-1.38346946241045
9.724,0.356346132333775,-1.36965759349706
9.726,0.356362319756142,-1.35712705791164
9.728,0.355521603647941,-1.34898060775429
9.73,0.351742867193166,-1.34539470515101
9.732,0.348647613288761,-1.33395762036694
9.734,0.346776707775318,-1.32550481877128
9.736,0.337008419200751,-1.33272653236167
9.738,0.360866330940607,-1.3354012078454
9.74,0.357130642379131,-1.35170629085443
9.742,0.354484200993182,-1.36241518732704
9.744,0.35340600668631,-1.36341454129631
9.746,0.353409134334925,-1.3633880116189
9.748,0.356509101194022,-1.35117342998302
9.75,0.358736501806985,-1.3424739946786
9.752,0.362463545512135,-1.33214964642721
9.754,0.365400740228411,-1.32804806783472
9.756,0.367382114626129,-1.31144912533647
9.758,0.353391923866904,-1.31337863331966
9.76,0.352369961201149,-1.29421307758991
9.762,0.353451516769925,-1.27742934914854
9.764,0.364714777660219,-1.26262632680153
9.766,0.365357048676433,-1.25934382298934
9.768,0.369908714261868,-1.24899249998889
9.77,0.37873517284069,-1.24626971428228
9.772,0.390010677197634,-1.25610682919119
9.774,0.389574990244789,-1.25915394131855
9.776,0.382741213343324,-1.28196639630929
9.778,0.389470704840345,-1.27697956690356
9.78,0.395070614369335,-1.29799834469333
9.782,0.402241031680253,-1.32928677691377
9.784,0.403016878114752,-1.36136834318378
9.786,0.399073225918849,-1.38498839593081
9.788,0.392442912260834,-1.40006844898868
9.79,0.390957715195177,-1.41575198584128
9.792,0.388255722306372,-1.42053201268401
9.794,0.388528087471251,-1.42248271553483
9.796,0.367877424784614,-1.43403262839695
9.798,0.382709602900783,-1.42292214179794
9.8,0.381566233287929,-1.4150776077761
9.802,0.381646985183378,-1.40891319000888
9.804,0.390457532866117,-1.40026351571226
9.806,0.392047024216916,-1.39987760250424
9.808,0.39515128619717,-1.41038415244721
9.81,0.399442071476311,-1.41519794643829
9.812,0.392414639888649,-1.42344022539948
9.814,0.393424715495258,-1.42688269837967
9.816,0.386513330160361,-1.44426521968286
9.818,0.396870562982332,-1.43772239136568
9.82,0.392135448687454,-1.44855913142228
9.822,0.389893616875126,-1.45448199953934
9.824,0.385357754573248,-1.4579362561411
9.826,0.377012210005042,-1.44516836963666
9.828,0.375528709290862,-1.4386567911643
9.83,0.370873581646603,-1.41897327866807
9.832,0.370492996993369,-1.40494207127686
9.834,0.371636562102755,-1.39629640360443
9.836,0.37148125782251,-1.39869410847158
9.838,0.377716938812271,-1.39633259883828
9.84,0.380260073004222,-1.4003691644912
9.842,0.379990404072246,-1.40003590788144
9.844,0.379342183504579,-1.40331735905278
9.846,0.37464212738092,-1.41827542373254
9.848,0.376720448380745,-1.41230661008734
9.85,0.371079718013089,-1.40158573375764
9.852,0.373595897879393,-1.39509262442007
9.854,0.372310649292642,-1.38338117758034
9.856,0.363579772599469,-1.3664869634085
9.858,0.378011473517218,-1.34877753800649
9.86,0.383783400110177,-1.33693891869071
9.862,0.383633824509398,-1.32478881422151
9.864,0.385443265514692,-1.31950193121238
9.866,0.390166965490403,-1.32610148999229
9.868,0.388476165675621,-1.33130459465532
9.87,0.388297387781219,-1.34486131066012
9.872,0.387522333423884,-1.36103116102478
9.874,0.389437079598222,-1.36826814974314
9.876,0.401130606221981,-1.36781243541168
9.878,0.391434325731343,-1.39990226222432
9.88,0.385739976114675,-1.4125382019636
9.882,0.385793497883693,-1.42002024896005
9.884,0.381765049510581,-1.4205592567644
9.886,0.372156028259121,-1.4140261432224
9.888,0.38507801132496,-1.39302942338599
9.89,0.38226857181024,-1.38365848287703
9.892,0.385401046506471,-1.37396640210911
9.894,0.391050613548292,-1.36815291814222
9.896,0.38840604588949,-1.35623545881357
9.898,0.39078939503744,-1.36092344076365
9.9,0.38400459496249,-1.36092158494476
9.902,0.387466438130924,-1.35671991317539
9.904,0.384658038881657,-1.36489027942669
9.906,0.375678580444787,-1.36469256929122
9.908,0.382632623659967,-1.36714244203589
9.91,0.377751105298106,-1.36345131166416
9.912,0.373243751660588,-1.36762802894491
9.914,0.37120791681783,-1.36450379767591
9.916,0.376011157360439,-1.36141075438768
9.918,0.367316094550921,-1.36041375956672
9.92,0.363739139210152,-1.34691488284914
9.922,0.358316616658763,-1.34073634857767
9.924,0.355030576352948,-1.33114752747439
9.926,0.361014958156255,-1.3281649618927
9.928,0.347373461082795,-1.32947047806368
9.93,0.340692477388498,-1.32138806992951
9.932,0.345473048995913,-1.31727309302638
9.934,0.343669097622899,-1.31214661514665
9.936,0.354091541085079,-1.31046090759702
9.938,0.350569364052534,-1.3101781658302
9.94,0.359595361488046,-1.31583723998106
9.942,0.360357756756016,-1.32839375414476
9.944,0.361017172962688,-1.35657306275462
9.946,0.352458303058292,-1.36636896791599
9.948,0.357004613778451,-1.36459255694398
9.95,0.350063711727564,-1.36285603252004
9.952,0.344037860869757,-1.3538998396439
9.954,0.342794703114012,-1.34322919668262
9.956,0.338663031062185,-1.3376465294491
9.958,0.338963386439509,-1.32424466934297
9.96,0.341764154791573,-1.31523533981939
9.962,0.345001845608564,-1.30457922447495
9.964,0.333513797773054,-1.30069219696483
9.966,0.346972964297076,-1.30592051023976
9.968,0.347244079401827,-1.30983535778849
9.97,0.342236662908756,-1.32062151462729
9.972,0.349520043297739,-1.33052790957599
9.974,0.340272712632142,-1.33367701099137
9.976,0.327146095162048,-1.3439818487128
9.978,0.336705768982523,-1.35004690404957
9.98,0.341685587030978,-1.34657781937808
9.982,0.337236197445339,-1.3482732801467
9.984,0.335707978688914,-1.34692384411551
9.986,0.329061908113428,-1.33456091568895
9.988,0.324337325842586,-1.3263020533188
9.99,0.329495234491213,-1.31510269372052
9.992,0.333891245258597,-1.29987900821673
9.994,0.343214225370879,-1.28706866993642
9.996,0.35354676053443,-1.27226010398511
9.998,0.367650591847465,-1.27575642914701
10,0.377980672763014,-1.27906732333635
10.002,0.379547933292481,-1.27864850801649
10.004,0.379627081857309,-1.29211756179495
10.006,0.385825928350518,-1.30183761938395
10.008,0.383192485267032,-1.31959215644684
10.01,0.382527330675749,-1.33143048817071
10.012,0.375622324012621,-1.3468789943554
10.014,0.378241074824964,-1.34175879510223
10.016,0.36571241507645,-1.34770562286539
10.018,0.358541590289208,-1.33584541685266
10.02,0.356493979024554,-1.32531515698524
10.022,0.361646084103473,-1.31768737721826
10.024,0.372158164658294,-1.30777371768575
10.026,0.378854337561134,-1.30627891308968
10.028,0.377534786705776,-1.31811517970594
10.03,0.378273841125441,-1.32928472770787
10.032,0.371605598870977,-1.33481826927153
10.034,0.366057384015659,-1.33810019650812
10.036,0.358586175038428,-1.33160589036787
10.038,0.350410540243462,-1.32996776322678
10.04,0.353996474117667,-1.31510442273922
10.042,0.363123433782687,-1.30230191839282
10.044,0.366952676918104,-1.29209032140658
10.046,0.360157185313577,-1.28494007307483
10.048,0.369372961469089,-1.28694285727085
10.05,0.37212900524573,-1.29373790209517
10.052,0.369135805377411,-1.29766844648607
10.054,0.370431541019953,-1.30787322153672
10.056,0.376630522332512,-1.31440625620985
10.058,0.373557094109585,-1.34051485159304
10.06,0.37330660415967,-1.34906645491371
10.062,0.368206923488493,-1.35786394752712
10.064,0.367078087959477,-1.36086330525821
10.066,0.352258425511888,-1.35816505773702
10.068,0.361236705910576,-1.34778725654391
10.07,0.360341283515931,-1.33889878627769
10.072,0.370715862296215,-1.32809579690557
10.074,0.387153297564291,-1.32598604790448
10.076,0.385382982417003,-1.31849483505896
10.078,0.389458975064364,-1.32766353264989
10.08,0.376961688494418,-1.33426254072081
10.082,0.369007883327255,-1.33835274511477
10.084,0.370396247839443,-1.3397247307563
10.086,0.368722699951549,-1.35034598544494
10.088,0.369087893473142,-1.35928265290422
10.09,0.371002446276357,-1.36316390797128
10.092,0.368288390566733,-1.369318261724
10.094,0.364489512408405,-1.37231275068557
10.096,0.372083392329516,-1.36405297652496
10.098,0.345719364576922,-1.36681436930293
10.1,0.348812050825387,-1.35036364199471
10.102,0.341476888390645,-1.33339910706474
10.104,0.342174445774833,-1.31659712309741
10.106,0.341702580185549,-1.31590688828452
10.108,0.336757871194946,-1.29900930265001
10.11,0.33957090901867,-1.2933282169068
10.112,0.346474287622712,-1.28604795719093
10.114,0.34969132597105,-1.2893777978201
10.116,0.353732234218822,-1.29067951059173
10.118,0.359319414121589,-1.28980263651674
10.12,0.365196340459149,-1.30180573568161
10.122,0.365777442274319,-1.31217472381591
10.124,0.361852714030303,-1.3259661947962
10.126,0.355372951289397,-1.34776554139538
10.128,0.354813960528243,-1.35266024809406
10.13,0.357149780987558,-1.35445384993324
10.132,0.355175381900019,-1.35085687417111
10.134,0.355790604180679,-1.34522738306608
10.136,0.350227469885871,-1.34662604081286
10.138,0.354322091113686,-1.33713825941019
10.14,0.346220389212708,-1.32783651484355
10.142,0.348557619298904,-1.31732413232157
10.144,0.345695859550282,-1.30897012191058
10.146,0.350736496632297,-1.30988505749823
10.148,0.352018091648171,-1.31222682759441
10.15,0.35192665750508,-1.31310245982837
10.152,0.355515733107835,-1.31734666823037
10.154,0.360523485728491,-1.32753632803728
10.156,0.364176458952012,-1.31356917720242
10.158,0.359011953933667,-1.32014367020091
10.16,0.35680409371528,-1.32495239078006
10.162,0.354136683100834,-1.32657646397536
10.164,0.354305852015831,-1.31812603873468
10.166,0.360762723367148,-1.30973655705686
10.168,0.350661726091044,-1.30843976423047
10.17,0.347771148197343,-1.30283022172948
10.172,0.346286429501841,-1.3029974023407
10.174,0.348800607117051,-1.3048930589573
10.176,0.336421080748805,-1.30669851899802
10.178,0.339440540254712,-1.31160451680959
10.18,0.346103002961663,-1.32291239292982
10.182,0.340418057159093,-1.32549962271808
10.184,0.337585687515094,-1.33471298121325
10.186,0.338917246694662,-1.3405889534934
10.188,0.336801981102343,-1.34609658026343
10.19,0.340157736655356,-1.34978030428552
10.192,0.335511136445942,-1.34421492611785
10.194,0.331565939236455,-1.33226369235367
10.196,0.336209554697548,-1.3078066683437
10.198,0.327932488938842,-1.29705477092453
10.2,0.327081635501386,-1.28681947137662
10.202,0.319886218682189,-1.26516564462185
10.204,0.31880402004094,-1.24161692886348
10.206,0.325745147122637,-1.23534046532269
10.208,0.329045112111689,-1.22848479804987
10.21,0.339882034462953,-1.23849467000948
10.212,0.34585676172033,-1.24882959838975
10.214,0.348884907973636,-1.25459614301857
10.216,0.36535525649603,-1.25993445905416
10.218,0.353442580015427,-1.28165799168847
10.22,0.350521378147927,-1.2894288620694
10.222,0.354222262956507,-1.27988379566566
10.224,0.352593415069093,-1.27845536019229
10.226,0.353663290920062,-1.28335255166903
10.228,0.342693811023179,-1.27503757615238
10.23,0.336899066411578,-1.27573496620205
10.232,0.331274481074759,-1.26470518657076
10.234,0.32849415060016,-1.26098739791521
10.236,0.320463122743314,-1.25618567759035
10.238,0.327636554196483,-1.25427563848838
10.24,0.331173846514069,-1.25847311279912
10.242,0.328362756520583,-1.27256587171165
10.244,0.336063527852402,-1.28062169459777
10.246,0.347788018110977,-1.29452292466014
10.248,0.347936302769897,-1.3018826697499
10.25,0.34853557446338,-1.30467928769659
10.252,0.346930954623147,-1.31266958447136
10.254,0.352751600839834,-1.31079268801916
10.256,0.347004956964353,-1.30696740526088
10.258,0.356110636947364,-1.29980625944782
10.26,0.355997494160388,-1.29365434027782
10.262,0.362004656127807,-1.29150803013783
10.264,0.364884776340803,-1.28763035631074
10.266,0.362096829200869,-1.28553446460716
10.268,0.374570787942234,-1.29596697561339
10.27,0.375526461190045,-1.31010576802758
10.272,0.375888902591564,-1.32504387640642
10.274,0.374234745542506,-1.33746032188565
10.276,0.384650183255654,-1.35506913511957
10.278,0.381948653926347,-1.37097983465512
10.28,0.384120097956671,-1.38513216880551
10.282,0.380155618725931,-1.38958471109362
10.284,0.37626907468617,-1.3824296850875
10.286,0.373072664346718,-1.37127968161668
10.288,0.366133567361661,-1.35107232707959
10.29,0.359540887818277,-1.33440647572193
10.292,0.357310164381989,-1.32036449023724
10.294,0.353984569563154,-1.30924669008795
10.296,0.362737844855453,-1.29792352057847
10.298,0.364002725797924,-1.29824433152087
10.3,0.373634586574245,-1.30882082778654
10.302,0.384862909955574,-1.32821236103414
10.304,0.391701206585939,-1.34962473958763
10.306,0.394126160144133,-1.3618700583759
10.308,0.404431449683629,-1.38735995541885
10.31,0.403635114176584,-1.40433954322578
10.312,0.407166270348062,-1.41167918690804
10.314,0.401782969821803,-1.41074257682178
10.316,0.393307134323393,-1.38790883150479
10.318,0.396148181488597,-1.38173980824604
10.32,0.387508423198862,-1.36553556894207
10.322,0.38515859218565,-1.35465793192496
10.324,0.389907771498385,-1.34432796542265
10.326,0.388941660743281,-1.34305837285937
10.328,0.405825388432956,-1.34702878891317
10.33,0.409843986542232,-1.3633141306104
10.332,0.417709402199653,-1.3865887003374
10.334,0.421109933381247,-1.40640650409177
10.336,0.423307418778431,-1.43783608524199
10.338,0.419977155993331,-1.44375803916254
10.34,0.420593827864346,-1.45398585505919
10.342,0.412395162087098,-1.44269707458162
10.344,0.403498693782076,-1.41987905434242
10.346,0.395529832532379,-1.40398282862174
10.348,0.401088527484527,-1.36598966320495
10.35,0.404356949772334,-1.3446384084455
10.352,0.41413969197809,-1.33617975807832
10.354,0.416474515643168,-1.33473195976346
10.356,0.41676342159303,-1.33930837678119
10.358,0.420088801004387,-1.3574804067137
10.36,0.420897186668108,-1.36949300663887
10.362,0.424977273028491,-1.39251676633521
10.364,0.424037810568463,-1.41455524680241
10.366,0.42856956617979,-1.42822779606269
10.368,0.424630658392383,-1.44337590502826
10.37,0.426620715782676,-1.44330474867227
10.372,0.424739844633324,-1.44257824291414
10.374,0.421343645662196,-1.4333285604309
10.376,0.418388803581872,-1.42277248608209
10.378,0.421879020899395,-1.41057193004334
10.38,0.418941462347424,-1.40656577148689
10.382,0.422412361505183,-1.40112141132032
10.384,0.421551473378807,-1.40421469383336
10.386,0.423442457606698,-1.41009536194506
10.388,0.422990682854791,-1.42050873584113
10.39,0.424858041510195,-1.44385329354027
10.392,0.420335863204405,-1.46386786586114
10.394,0.41633096328672,-1.47059262971658
10.396,0.416341136210972,-1.47332452263191
10.398,0.411444947364564,-1.47718517250677
10.4,0.411201991594516,-1.46644324397306
10.402,0.404721941541435,-1.43873682427155
10.404,0.400985467630638,-1.41506087344137
10.406,0.407283593356745,-1.39073128720711
10.408,0.406148900180852,-1.37291569708055
10.41,0.408626541828976,-1.37493893486252
10.412,0.40802546510745,-1.37738514960623
10.414,0.406964964396586,-1.38702549674497
10.416,0.412862778045494,-1.41074286429368
10.418,0.415279032252634,-1.43057343165066
10.42,0.411368355088411,-1.46523832363923
10.422,0.412165024307388,-1.48823834498238
10.424,0.416393149680598,-1.50546566367982
10.426,0.412535329765043,-1.51605055938298
10.428,0.397618813654649,-1.49818463532304
10.43,0.382251420097043,-1.47640245872188
10.432,0.377073923396991,-1.4489829286152
10.434,0.370121807683968,-1.40704771505881
10.436,0.36872211836715,-1.36469116604978
10.438,0.370498829336143,-1.33564612254989
10.44,0.375495576554399,-1.31857892155564
10.442,0.382177440849376,-1.32021834786536
10.444,0.379927830743288,-1.32738631802535
10.446,0.37826610731745,-1.34022094315242
10.448,0.377569088852941,-1.3534753838155
10.45,0.377598179931058,-1.36202466154715
10.452,0.366859785910829,-1.35762966304154
10.454,0.360247144458324,-1.35065633758152
10.456,0.354916358968978,-1.3434867895656
10.458,0.360319246860827,-1.30312451840556
10.46,0.364415726364568,-1.27844384862181
10.462,0.348635704684084,-1.25456473308056
10.464,0.349593671784781,-1.22604447649191
10.466,0.345320786608745,-1.21712600310907
10.468,0.358859822875971,-1.20506794119648
10.47,0.359342957377179,-1.21641648238776
10.472,0.369835781828532,-1.23116289998217
10.474,0.377153046421914,-1.26051951729055
10.476,0.381175701313359,-1.2907600459745
10.478,0.379541998779815,-1.31621251618463
10.48,0.381604923545619,-1.33902454332985
10.482,0.378281051120979,-1.35777370981468
10.484,0.373011362673753,-1.36578526893834
10.486,0.368223060617835,-1.37759865387479
10.488,0.369394098734506,-1.37496448751929
10.49,0.35761641213673,-1.36033588360309
10.492,0.347801820166783,-1.33148096154807
10.494,0.344577698466779,-1.29991284730358
10.496,0.354876017142158,-1.28846082429674
10.498,0.355329847406945,-1.28342463206038
10.5,0.365547267582612,-1.29549741638313
10.502,0.356048472842545,-1.30421210281289
10.504,0.370076220248976,-1.31252297409995
10.506,0.378161158511635,-1.31101787925249
10.508,0.371927295361454,-1.32286561497002
10.51,0.376836306155904,-1.33171555386928
10.512,0.376368675142279,-1.34642262939763
10.514,0.366469804505038,-1.36077301108664
10.516,0.35948998425733,-1.36564304283642
10.518,0.35291763277427,-1.33743170124899
10.52,0.358954627289032,-1.31817213135856
10.522,0.362888324722789,-1.30864948152309
10.524,0.368000889436745,-1.29516786549204
10.526,0.368633863187423,-1.29880378459021
10.528,0.368803003783798,-1.31484673401024
10.53,0.377263390473041,-1.33249036772414
10.532,0.37475756995322,-1.3551177527567
10.534,0.374812404155137,-1.37183052866132
10.536,0.363544388871768,-1.37729074105333
10.538,0.376143875276129,-1.35381472546273
10.54,0.380616775152053,-1.32086287375471
10.542,0.383890818452063,-1.28268458793781
10.544,0.384050048008468,-1.23545440257738
10.546,0.384659678429663,-1.18705845631111
10.548,0.390607955773542,-1.14853955705943
10.55,0.408631140380143,-1.13283895285114
10.552,0.421185226877619,-1.14047829414017
10.554,0.422706770013347,-1.16252453687728
10.556,0.416955736575593,-1.19373221429457
10.558,0.413851017365418,-1.24230197992562
10.56,0.413425948558767,-1.29968035409903
10.562,0.422412471507335,-1.33525984994792
10.564,0.426796918559157,-1.35704652744339
10.566,0.434244322822149,-1.38376976316137
10.568,0.432280183375905,-1.38907791778187
10.57,0.436696446315362,-1.38932019008053
10.572,0.428460255820694,-1.38008511514251
10.574,0.428697070142822,-1.35667318304884
10.576,0.415652045816463,-1.3519211279522
10.578,0.427994594596875,-1.35441143350393
10.58,0.42151840373451,-1.36222113265682
10.582,0.42085735725874,-1.36956215508155
10.584,0.419565165018169,-1.38980388955482
10.586,0.42614182140118,-1.42280551084614
10.588,0.430859420651333,-1.44705488521904
10.59,0.42879833962635,-1.47206779733629
10.592,0.423654975765488,-1.47455301685378
10.594,0.418851935859135,-1.47263754532449
10.596,0.416552890895441,-1.45534226380311
10.598,0.40646583880242,-1.42615640928713
10.6,0.409397988568768,-1.39186401747919
10.602,0.417379244740285,-1.36328486655275
10.604,0.420610405705604,-1.34894785184439
10.606,0.420357203783306,-1.354704464462
10.608,0.421285522250614,-1.3489614193576
10.61,0.418032823603317,-1.34445454681657
10.612,0.411976942833349,-1.34485419432402
10.614,0.419215057512607,-1.36183602266253
10.616,0.423994692623217,-1.36588701221395
10.618,0.431081426295053,-1.38156165766097
10.62,0.425321008336263,-1.38028326596947
10.622,0.429774088843559,-1.38736618292613
10.624,0.423598719892745,-1.36848033741344
10.626,0.409413689237567,-1.34608772023577
10.628,0.426155330534879,-1.30349860795919
10.63,0.431833724290453,-1.27540273384093
10.632,0.436247239411985,-1.25624115330734
10.634,0.43329337917927,-1.2598026037972
10.636,0.4234687914914,-1.27531645917271
10.638,0.427954576069154,-1.29305579818818
10.64,0.419176959845555,-1.31223642978226
10.642,0.424248591286028,-1.32148975251492
10.644,0.430355642194312,-1.33766888502189
10.646,0.434961689667403,-1.35699974412579
10.648,0.45017635534606,-1.3619575783391
10.65,0.449826188357562,-1.38065753806072
10.652,0.443592277188716,-1.39298736065818
10.654,0.439948299874686,-1.40058517692043
10.656,0.446869455796596,-1.3942091588304
10.658,0.433792243968789,-1.39870537106777
10.66,0.439119077327965,-1.39696752225046
10.662,0.433685608748126,-1.39438014688837
10.664,0.421267920904603,-1.38496571721197
10.666,0.416728434287389,-1.38390096836158
10.668,0.416208198691002,-1.37122024877991
10.67,0.418730800955055,-1.37054384019389
10.672,0.414580344614164,-1.37256381013513
10.674,0.410772226995846,-1.36521185931977
10.676,0.413567629643952,-1.35787338750034
10.678,0.415517772206206,-1.36596544514885
10.68,0.416346261961884,-1.37201282463261
10.682,0.417437226460496,-1.38759780560468
10.684,0.416936794232691,-1.39367218461179
10.686,0.41766099206257,-1.4165482833275
10.688,0.423724857035927,-1.42178649779879
10.69,0.420000903529117,-1.43027099601345
10.692,0.417402255427096,-1.43520508400291
10.694,0.41211034224629,-1.43217771622841
10.696,0.409581121548866,-1.43273000086337
10.698,0.40449733678013,-1.428941470744
10.7,0.400694875537455,-1.41811656277516
10.702,0.392731402097883,-1.40523540896529
10.704,0.389408770859335,-1.39476140448001
10.706,0.384760076517266,-1.3847652539617
10.708,0.379785114717709,-1.36782817163284
10.71,0.380942950646375,-1.36456154865322
10.712,0.37286142485346,-1.35582408498834
10.714,0.391744430279785,-1.35093313000178
10.716,0.389715759172022,-1.35376150453998
10.718,0.413481639492138,-1.35620993808288
10.72,0.41921898475234,-1.36531670670289
10.722,0.4199346249903,-1.37045202964974
10.724,0.416048318410967,-1.37551800350711
10.726,0.414636237285764,-1.37755990114706
10.728,0.421503696133304,-1.37764458088243
10.73,0.418413023264939,-1.37940540262745
10.732,0.419764017660783,-1.38292944049046
10.734,0.420012146765403,-1.38244228479063
10.736,0.415067951373967,-1.3922361063503
10.738,0.414693654458698,-1.39217044029735
10.74,0.412520274632799,-1.39881200103542
10.742,0.403730608509379,-1.3982318032719
10.744,0.396576744463707,-1.38413994612447
10.746,0.391835832792494,-1.36986626114134
10.748,0.383321894466093,-1.3540639336641
10.75,0.381814497179772,-1.3425587217593
10.752,0.378202839878034,-1.32984084495453
10.754,0.380743697110558,-1.3090306678566
10.756,0.375818261875079,-1.29532068161263
10.758,0.380101897415361,-1.29982364991636
10.76,0.376300786903891,-1.29972151726486
10.762,0.380087076801464,-1.30703326477117
10.764,0.385320051613155,-1.31910583715332
10.766,0.391956020806031,-1.34104896176706
10.768,0.392413543720451,-1.36317794131979
10.77,0.387211833962168,-1.38011842438865
10.772,0.379769176052134,-1.38461187171362
10.774,0.379610507309055,-1.39869137561902
10.776,0.367536539314128,-1.39354753883002
10.778,0.366901655278711,-1.3893860418305
10.78,0.365540944048317,-1.38625474802445
10.782,0.364667052151614,-1.37696125391004
10.784,0.365269927786486,-1.37365411759105
10.786,0.358957639409015,-1.37036419364368
10.788,0.362904282835521,-1.35678260769934
10.79,0.366977554486707,-1.34840502048367
10.792,0.36734471554629,-1.33731721442617
10.794,0.373543784407137,-1.3305404859874
10.796,0.385709609141695,-1.31342056216367
10.798,0.381334696455573,-1.32611556462141
10.8,0.38514298254262,-1.33206745528081
10.802,0.390521436839902,-1.33345530562465
10.804,0.396000607836409,-1.33547493495578
10.806,0.405794392110661,-1.32846110710949
10.808,0.405542083085541,-1.3362155460913
10.81,0.404871756390385,-1.34744283621337
10.812,0.412657537592335,-1.36534821820468
10.814,0.400495645467401,-1.37377245877419
10.816,0.40213412387136,-1.36471697408707
10.818,0.387080211601492,-1.37003944339163
10.82,0.382589075199189,-1.36086073751651
10.822,0.387490509836915,-1.35677607204269
10.824,0.388506195585025,-1.35189545219435
10.826,0.392013572768317,-1.34414897500034
10.828,0.386250696836927,-1.34439263565368
10.83,0.388791325336062,-1.33706559753614
10.832,0.390999584716784,-1.34101138249903
10.834,0.392873735742841,-1.34315002958438
10.836,0.388639262636427,-1.34253074600863
10.838,0.389059536840464,-1.34021887782951
10.84,0.378324421325213,-1.3465401673608
10.842,0.368298151344801,-1.35100963020934
10.844,0.361769384645482,-1.35454691495266
10.846,0.350327382276388,-1.35316746318796
10.848,0.345064087812645,-1.36212871643516
10.85,0.344917117909346,-1.3707764482298
10.852,0.340970120256907,-1.37568326882224
10.854,0.332221256184043,-1.37426585431645
10.856,0.338398597528785,-1.3518936254758
10.858,0.335138893003512,-1.35071384452296
10.86,0.340859647323001,-1.33358962259869
10.862,0.339320794928724,-1.32458122984462
10.864,0.339577608232167,-1.31864133794696
10.866,0.326616877667419,-1.30659266150341
10.868,0.327245327637362,-1.2922855278871
10.87,0.327867283440844,-1.27870365271196
10.872,0.328957868672363,-1.27560902113813
10.874,0.333395585010362,-1.27598709180283
10.876,0.328718741009896,-1.28768758859814
10.878,0.339652792867622,-1.2864437953319
10.88,0.335366347770184,-1.29422856726411
10.882,0.33746439620031,-1.30528209523623
10.884,0.335724428136469,-1.30336111256742
10.886,0.349636633221763,-1.30272617603458
10.888,0.340317813661445,-1.30579776956444
10.89,0.343608452722481,-1.30127675059452
10.892,0.341946368695939,-1.29571874437598
10.894,0.336127969484733,-1.28265394874418
10.896,0.342296130930305,-1.27108049700021
10.898,0.339276886402776,-1.25822104293637
10.9,0.343986474006154,-1.24581436720413
10.902,0.341948827979075,-1.23619482272553
10.904,0.347159211654085,-1.2356109226417
10.906,0.339633218036643,-1.23388023417074
10.908,0.348841457106191,-1.2343644901503
10.91,0.352987494914934,-1.24444211355521
10.912,0.34865981838718,-1.25323725102515
10.914,0.340987727567481,-1.26908134449146
10.916,0.345330248160806,-1.27116354137474
10.918,0.348763419760389,-1.28458915548501
10.92,0.346781557916765,-1.28550058286749
10.922,0.348513915373404,-1.28481048999322
10.924,0.344233669374626,-1.27265078013647
10.926,0.342363810095715,-1.25005296876993
10.928,0.345020477127147,-1.23844425400755
10.93,0.352622586532004,-1.2310665035223
10.932,0.349500158585986,-1.22668616370514
10.934,0.348968870385365,-1.22582033453611
10.936,0.349526194263019,-1.22279973837173
10.938,0.351667305003189,-1.23261060730837
10.94,0.355774543436567,-1.24591527049583
10.942,0.360183534978815,-1.25999140205101
10.944,0.361746364424431,-1.27174575991162
10.946,0.376040317221014,-1.28855077825983
10.948,0.381349517766764,-1.30635878549874
10.95,0.389573888361878,-1.32144216678577
10.952,0.386240696145276,-1.33355379175207
10.954,0.387897269275373,-1.3360889386909
10.956,0.380108047217178,-1.34619093725994
10.958,0.379918376367915,-1.3377358129708
10.96,0.377469891260711,-1.34094386189849
10.962,0.370206893468144,-1.34270638047121
10.964,0.362228902100799,-1.33919783485345
10.966,0.355577086600642,-1.33121758816137
10.968,0.36087392955134,-1.32635371367633
10.97,0.364000500654755,-1.32193970323056
10.972,0.363930583916999,-1.3154283765219
10.974,0.36081792246783,-1.31528187216595
10.976,0.350922018536999,-1.31716028456094
10.978,0.359856534249304,-1.32192406078228
10.98,0.361007734544926,-1.33490156307832
10.982,0.361140431726986,-1.33861079464774
10.984,0.363209806013614,-1.34533676852102
10.986,0.367770875830918,-1.3491632133772
10.988,0.363966532822662,-1.34656638988924
10.99,0.365195915909016,-1.34486784134407
10.992,0.363471675856111,-1.34782108523984
10.994,0.359655871613437,-1.34185957957501
10.996,0.349079417066654,-1.33678855424092
10.998,0.355636479483715,-1.32394213419162
11,0.351770873248729,-1.31056606277328
11.002,0.353873167402569,-1.30499339573199
11.004,0.353427947816238,-1.30065045119199
11.006,0.349946849878425,-1.30970256407974
11.008,0.359005021273381,-1.30359986826665
11.01,0.363983427570629,-1.31250527880575
11.012,0.358148019790863,-1.32053217127686
11.014,0.36070140144218,-1.32296456232931
11.016,0.368616859450644,-1.31965743101639
11.018,0.366469381291689,-1.31465262677016
11.02,0.374911199431612,-1.30617936124436
11.022,0.374212939722341,-1.30230845783247
11.024,0.377619737405957,-1.28688152940294
11.026,0.377831831213691,-1.28639680215183
11.028,0.375699361836231,-1.2831731831119
11.03,0.374945939569301,-1.28177822876982
11.032,0.373362402949443,-1.28901393679875
11.034,0.371651868751878,-1.29648815214097
11.036,0.37947776016308,-1.30223802214428
11.038,0.374426172425335,-1.31099154002926
11.04,0.373861968459004,-1.3228471574124
11.042,0.377165708458991,-1.33084996260822
11.044,0.379093412720392,-1.33760828151431
11.046,0.36641050649984,-1.35149018897812
11.048,0.373878943252862,-1.34418845849612
11.05,0.37547385954456,-1.33857824235515
11.052,0.376861374281164,-1.3285716348798
11.054,0.369884784223663,-1.32355006573528
11.056,0.38658105199329,-1.31392184986835
11.058,0.385866324574404,-1.32667597792765
11.06,0.389496591698605,-1.33819275126914
11.062,0.394995820871583,-1.35490032099686
11.064,0.398642206658668,-1.36193614956986
11.066,0.402271669477588,-1.36921197721658
11.068,0.399085926762472,-1.39489036746083
11.07,0.405410985485504,-1.40400479331381
11.072,0.40286356610942,-1.41471731019531
11.074,0.398885763392415,-1.41737138592773
11.076,0.407460351597152,-1.42654200726335
11.078,0.398651322880723,-1.4132775446495
11.08,0.392242696299773,-1.39520644850734
11.082,0.386106346013673,-1.37461966058456
11.084,0.386787367008718,-1.35968613235145
11.086,0.381252220427529,-1.351452743341
11.088,0.383056267917986,-1.34197299048756
11.09,0.375979278636555,-1.33797953754777
11.092,0.377727908471078,-1.34057401127741
11.094,0.374857357684665,-1.33967523737918
11.096,0.375678435032589,-1.35327796685533
11.098,0.379509489940537,-1.34386551202919
11.1,0.377137563959221,-1.35040005833722
11.102,0.377636958451716,-1.35637303665187
11.104,0.373640347832219,-1.35797239205057
11.106,0.364885780720975,-1.36616211637328
11.108,0.368918862454775,-1.36044963592901
11.11,0.369080088926802,-1.35474311789235
11.112,0.36935010391298,-1.35102665715565
11.114,0.365121038712255,-1.34236485645008
11.116,0.367790409360116,-1.33574806283792
11.118,0.367382429107782,-1.33966258955473
11.12,0.364390719128934,-1.33917871947426
11.122,0.374203548980607,-1.32992917228434
11.124,0.372955936590778,-1.33098243851375
11.126,0.368201952140077,-1.33004836374017
11.128,0.369980346254618,-1.33533258780223
11.13,0.369933082104591,-1.34017837234442
11.132,0.365882736397497,-1.32752581752281
11.134,0.367410588595647,-1.33310600437537
11.136,0.367690508933794,-1.32792684977116
11.138,0.375898467673683,-1.32539463180144
11.14,0.380471043409439,-1.32567977476879
11.142,0.381434870412736,-1.33643714737303
11.144,0.378828712920336,-1.34964740702436
11.146,0.381333018795442,-1.34804025792413
11.148,0.37118928963943,-1.34369586032237
11.15,0.374025667178108,-1.33978178091818
11.152,0.370684194061937,-1.33434256025833
11.154,0.372526376838799,-1.3339470411674
11.156,0.372169847727225,-1.32557017271248
11.158,0.375700152742958,-1.32640478566244
11.16,0.372157734680036,-1.32983864377126
11.162,0.376569417852796,-1.3445477058878
11.164,0.376724389754905,-1.35574264187803
11.166,0.38115204268301,-1.36189896803867
11.168,0.377041995728226,-1.36857095473628
11.17,0.38007460000368,-1.37202856489023
11.172,0.38483022461473,-1.38515646895168
11.174,0.381851664023116,-1.38704920200042
11.176,0.384343533493401,-1.39176730384201
11.178,0.372468753525693,-1.38026782797978
11.18,0.366197977506946,-1.36846579911498
11.182,0.359206880961198,-1.35895543644874
11.184,0.357217406484489,-1.32815121754332
11.186,0.355685808717975,-1.30907839129307
11.188,0.3501935714998,-1.29046737163265
11.19,0.344827308810969,-1.28070664281791
11.192,0.348681347404572,-1.27760203933805
11.194,0.35029404601051,-1.27985977280289
11.196,0.357397107111543,-1.28674588737786
11.198,0.360929554001946,-1.3100299342868
11.2,0.367444576720189,-1.33457857020969
11.202,0.369983060311609,-1.36179779281197
11.204,0.369506946025395,-1.38291580179097
11.206,0.364021491088654,-1.39918118695014
11.208,0.379140787749439,-1.38395409764012
11.21,0.3764794570459,-1.37133494754617
11.212,0.375039352927743,-1.36027097621331
11.214,0.370857286912885,-1.34289178265913
11.216,0.383079760416868,-1.30596773095707
11.218,0.370747440936748,-1.30864797111357
11.22,0.373246421346713,-1.29368577487015
11.222,0.370589957121554,-1.29066978353249
11.224,0.369717033627978,-1.29391985547659
11.226,0.379430007830668,-1.29936696159868
11.228,0.376528224895867,-1.31895865911128
11.23,0.380523700108573,-1.34307262422419
11.232,0.387412495604684,-1.35930456608504
11.234,0.389988359794602,-1.37517703748273
11.236,0.384472014211614,-1.39408378648233
11.238,0.404524197511059,-1.40035079944959
11.24,0.402437086187569,-1.41187882026574
11.242,0.403063769335193,-1.42180080412386
11.244,0.398395864428817,-1.41595657923245
11.246,0.406288719117575,-1.41122658394694
11.248,0.392934202972701,-1.41423868470302
11.25,0.388252163234892,-1.40790002234015
11.252,0.387599612066631,-1.40593791330481
11.254,0.385101224048109,-1.39534444929004
11.256,0.381193124750951,-1.39453860455285
11.258,0.387361538323818,-1.39483983289214
11.26,0.387290521626873,-1.39519091976841
11.262,0.382402469846031,-1.40306644502206
11.264,0.372052902849,-1.40563272094832
11.266,0.37547485210364,-1.40520690982315
11.268,0.372580091339625,-1.40748610746877
11.27,0.379920828449515,-1.41098907163113
11.272,0.376928972132972,-1.40491860828258
11.274,0.37161682497631,-1.39135675165992
11.276,0.37106065532191,-1.37821758204551
11.278,0.372825992261452,-1.35434516117991
11.28,0.365981720169334,-1.33718138887707
11.282,0.365474663153197,-1.32295495264156
11.284,0.371126245075159,-1.29790303268388
11.286,0.377143823272778,-1.27638590150652
11.288,0.378066726427578,-1.2650523526155
11.29,0.38076919468891,-1.26567285000019
11.292,0.382419662630882,-1.27864537857241
11.294,0.379602473586258,-1.2978578126543
11.296,0.382303456210287,-1.31308669790282
11.298,0.385337609767838,-1.31820711509793
11.3,0.384545054251889,-1.32172735313018
11.302,0.39621089399902,-1.31935114849299
11.304,0.394804252046783,-1.32287964023072
11.306,0.390155587941007,-1.30034470090431
11.308,0.393970844502011,-1.26158598486426
11.31,0.400438478660552,-1.23592177817176
11.312,0.409810467413477,-1.22761040504005
11.314,0.415769624850052,-1.21765280165128
11.316,0.419328970868591,-1.2217666882056
11.318,0.414084676636916,-1.25625878028455
11.32,0.417396474860023,-1.29371083636864
11.322,0.419169666499828,-1.33660802271324
11.324,0.414099629716246,-1.38801714947215
11.326,0.399448575170793,-1.43228644184719
11.328,0.399292686707933,-1.46053598324484
11.33,0.404868691578115,-1.47639050975151
11.332,0.39819809027009,-1.48087633762707
11.334,0.379561452747911,-1.46689711931848
11.336,0.381167914277829,-1.44489507276148
11.338,0.371085352565338,-1.41706979047045
11.34,0.370821419182394,-1.37959915284621
11.342,0.364825058822083,-1.33538072639847
11.344,0.364713616113404,-1.2911002318787
11.346,0.386703512813201,-1.24865179253555
11.348,0.388491844761191,-1.24939299709753
11.35,0.3909117050255,-1.25830535060746
11.352,0.389561304706834,-1.27628611649329
11.354,0.391433254892265,-1.29017581622034
11.356,0.389247927192217,-1.31191917237237
11.358,0.404132027439201,-1.29970363945669
11.36,0.415645485528441,-1.31318651836714
11.362,0.40960824410296,-1.33623013414302
11.364,0.411340536991165,-1.34938071481084
11.366,0.409894815663615,-1.35781710495041
11.368,0.403140374092617,-1.35067975485441
11.37,0.406215649500369,-1.35080398401985
11.372,0.400790284317858,-1.34542523035488
11.374,0.399326424628305,-1.3414637710577
11.376,0.396048173009557,-1.35049247205402
11.378,0.414804252034061,-1.35990912509775
11.38,0.423895093387209,-1.39178500054651
11.382,0.418849478966897,-1.41722118762941
11.384,0.418528564662036,-1.4336787639734
11.386,0.421603340275282,-1.43908963867594
11.388,0.411229764081177,-1.45790031298983
11.39,0.415392365706445,-1.44938210634568
11.392,0.415907785666464,-1.43298823622626
11.394,0.413333349961615,-1.41869911715737
11.396,0.415240367847562,-1.39680528929953
11.398,0.408183474137796,-1.40373356041402
11.4,0.403647054874877,-1.41259114249133
11.402,0.401666226912568,-1.41493526115238
11.404,0.396215282964011,-1.40617772999802
11.406,0.401638317665184,-1.39535495299986
11.408,0.390198831069681,-1.38677306879226
11.41,0.401912759935868,-1.36949925015728
11.412,0.410869492341951,-1.3616050197931
11.414,0.41143069722423,-1.34575900931169
11.416,0.410752219669155,-1.34022940633745
11.418,0.412030579951881,-1.32563161498838
11.42,0.410941612991867,-1.31428037460354
11.422,0.406420753967881,-1.29675507583228
11.424,0.403372082330292,-1.28817908271703
11.426,0.398712966155953,-1.27741373218045
11.428,0.412485053615336,-1.25068762255482
11.43,0.408406828827849,-1.24778653378313
11.432,0.411153052781238,-1.23984317374517
11.434,0.42066925076956,-1.23279029773592
11.436,0.421708724608533,-1.21566983880238
11.438,0.404093458863715,-1.2068842507298
11.44,0.390092996273358,-1.17460994899717
11.442,0.390041792344033,-1.1638347989293
11.444,0.39889414021139,-1.16057714491547
11.446,0.407012327401909,-1.16370003012071
11.448,0.406183173534224,-1.18837450527882
11.45,0.395320016656731,-1.21748134662061
11.452,0.392195152673196,-1.24170205071803
11.454,0.379110965308959,-1.26423843717367
11.456,0.39683647547507,-1.27523881270207
11.458,0.399792252091241,-1.28206475295397
11.46,0.399008948816594,-1.28324035557166
11.462,0.398099912160153,-1.28238998532768
11.464,0.409142993594717,-1.27839649668338
11.466,0.406984851048704,-1.276196027401
11.468,0.416403891326012,-1.28104031889449
11.47,0.416359097689421,-1.2860253843947
11.472,0.406416811290323,-1.27817231364687
11.474,0.40186800564713,-1.27017641554362
11.476,0.396729296154119,-1.28909230849314
11.478,0.401504330086157,-1.28279215394841
11.48,0.395288673857312,-1.29049674577435
11.482,0.392907010805629,-1.29852189805665
11.484,0.396506934758541,-1.31073177633179
11.486,0.391624029276609,-1.32648304625112
11.488,0.395302383229211,-1.34129978034833
11.49,0.395365512996873,-1.34432521753416
11.492,0.394343600067877,-1.3490371495974
11.494,0.387398115592129,-1.34223947631866
11.496,0.387457794472235,-1.33176352568629
11.498,0.39918377251641,-1.32880336738164
11.5,0.405397511395065,-1.3192928834149
11.502,0.404372625326533,-1.32314032202269
11.504,0.410302470694334,-1.33931218385698
11.506,0.410886227432666,-1.3519823482149
11.508,0.416429571248017,-1.36836976707913
11.51,0.420136809058469,-1.37589601446199
11.512,0.421686337373152,-1.37750510338579
11.514,0.418200911033325,-1.37806971881204
11.516,0.40901313118383,-1.381937319048
11.518,0.4157166236564,-1.37216774946116
11.52,0.420735319082991,-1.37061902982184
11.522,0.418764338484907,-1.37398997527772
11.524,0.42750101175848,-1.38013296118127
11.526,0.438180285126993,-1.39330096704157
11.528,0.441329128574666,-1.4037693032941
11.53,0.44184009741639,-1.41958861146614
11.532,0.447047083310445,-1.44008245959429
11.534,0.451160537147693,-1.46340783652461
11.536,0.451658590958871,-1.4795103499635
11.538,0.45146821119237,-1.48557605059543
11.54,0.454403966166971,-1.48985575080329
11.542,0.446649111563153,-1.48401372013585
11.544,0.445096270017799,-1.46903006389546
11.546,0.454404550899852,-1.46054382506129
11.548,0.435632420576125,-1.45113431306171
11.55,0.431471610192642,-1.43293176710794
11.552,0.433217348029036,-1.4168083492986
11.554,0.435577030533042,-1.41114287242786
11.556,0.417842073811346,-1.41359665910939
11.558,0.418770724705036,-1.40364633390843
11.56,0.420541019253573,-1.40681948056118
11.562,0.425030800435728,-1.41626063975704
11.564,0.422898020169464,-1.42446318537306
11.566,0.430386301877541,-1.43681987089543
11.568,0.422346738387505,-1.44889181452127
11.57,0.421353304524401,-1.44914439244358
11.572,0.424261139753533,-1.44563811247999
11.574,0.424040127030967,-1.42939230604367
11.576,0.428666647028004,-1.41858109208117
11.578,0.428423169297494,-1.39597119599118
11.58,0.432165987558895,-1.37784438476411
11.582,0.432598019262072,-1.36532286430124
11.584,0.430259870860798,-1.36205914455536
11.586,0.43260949164009,-1.36567208609633
11.588,0.436246121222552,-1.37383153907022
11.59,0.433454012075387,-1.37961504957906
11.592,0.431780846382352,-1.38644111594489
11.594,0.432894635486231,-1.40534990920608
11.596,0.422274302169238,-1.41378049513274
11.598,0.416584913751533,-1.38984938846702
11.6,0.415007978567155,-1.37432058106871
11.602,0.412483167072908,-1.36743324712578
11.604,0.405240392609101,-1.35855392078826
11.606,0.401341109998087,-1.34214083590891
11.608,0.403518103704701,-1.34665421988101
11.61,0.396346232144585,-1.36333588933819
11.612,0.401675514883734,-1.37031931439903
11.614,0.39852710940239,-1.37953951138691
11.616,0.401143894367275,-1.37505948951457
11.618,0.386398710738802,-1.37793147281264
11.62,0.390728899062955,-1.38589269819559
11.622,0.378413295366878,-1.37246550092953
11.624,0.377665846623713,-1.36630278955377
11.626,0.376298809566147,-1.36302596820679
11.628,0.372335577183723,-1.36060186433907
11.63,0.375805930820681,-1.34579356911528
11.632,0.374336860914072,-1.33978798687059
11.634,0.368586808992169,-1.34118523499105
11.636,0.368811538556528,-1.35502412486045
11.638,0.365770538799678,-1.34918924493469
11.64,0.366956434582497,-1.36032207914095
11.642,0.369034451423354,-1.36600261740073
11.644,0.373177677908841,-1.36531753793227
11.646,0.381210338427528,-1.36141117544606
11.648,0.383046930752099,-1.3531600422855
11.65,0.383038261167733,-1.33888444534972
11.652,0.39413459385188,-1.32894514726077
11.654,0.398095950946059,-1.31892162621503
11.656,0.409917158187073,-1.3131601855255
11.658,0.402718153428784,-1.32448549614978
11.66,0.404988348983295,-1.32502275019573
11.662,0.418466573871189,-1.3378756465059
11.664,0.424060466563,-1.35674585224654
11.666,0.424981944348182,-1.37605272750794
11.668,0.425178404789562,-1.41484096171257
11.67,0.426447000296675,-1.439228832692
11.672,0.422620691086128,-1.46015396959466
11.674,0.426374654928671,-1.46988056205671
11.676,0.409619682308613,-1.47546086407486
11.678,0.406865763372092,-1.44887264194039
11.68,0.39550761553471,-1.4272727496298
11.682,0.398223039660481,-1.39849080037824
11.684,0.393895323118684,-1.37776786316338
11.686,0.393239646655368,-1.35663790663364
11.688,0.384541317075258,-1.33108092001133
11.69,0.392373731962725,-1.31912565688112
11.692,0.387832988012374,-1.30877112522432
11.694,0.389487092892204,-1.31082262379704
11.696,0.394502818418037,-1.32320169260161
11.698,0.391762714619232,-1.32649469423337
11.7,0.395793925951486,-1.3394060499782
11.702,0.401350720255984,-1.34853786580872
11.704,0.400881105241727,-1.35521180357901
11.706,0.408364889381825,-1.36087778382897
11.708,0.402887450020744,-1.36174478830056
11.71,0.40173640325238,-1.35487618034018
11.712,0.394669003075382,-1.34431631315744
11.714,0.402997746495726,-1.34374375130876
11.716,0.407331286862254,-1.34196778889434
11.718,0.406757595096648,-1.33191598467196
11.72,0.401671394170624,-1.33151225280083
11.722,0.410613274960877,-1.33399435225615
11.724,0.412811678856146,-1.35644347684059
11.726,0.415047321475706,-1.3779786669918
11.728,0.420219800020321,-1.38822360335442
11.73,0.422318221311181,-1.40611887066302
11.732,0.413637078900207,-1.4209659311256
11.734,0.404371026199656,-1.42857847896716
11.736,0.401304905288401,-1.42417122325256
11.738,0.392592342767754,-1.402965996246
11.74,0.396776015418893,-1.37677537290695
11.742,0.393700243430311,-1.34430311200176
11.744,0.390071133011605,-1.31810782249861
11.746,0.391827199670456,-1.29057048296136
11.748,0.392409474235812,-1.28322178248975
11.75,0.398229510648869,-1.28650017595701
11.752,0.400763778570298,-1.29722901635846
11.754,0.400651045973698,-1.3325927015252
11.756,0.403649579963138,-1.35809890332546
11.758,0.396388741856667,-1.39405144246021
11.76,0.40447572984641,-1.41631960304216
11.762,0.402920197797405,-1.43348323612454
11.764,0.400922856988873,-1.43143209572178
11.766,0.398711000945315,-1.40569867085483
11.768,0.378692082933191,-1.39095246474752
11.77,0.372538173294879,-1.35374112057986
11.772,0.366561399322973,-1.31116863449068
11.774,0.357489680666965,-1.26798298206248
11.776,0.343355479705684,-1.2415372593914
11.778,0.348288442390299,-1.20224649615
11.78,0.358627651772768,-1.18592930109412
11.782,0.369661253635274,-1.19474527982042
11.784,0.37118135855529,-1.18951204199879
11.786,0.367958706360776,-1.18860769114671
11.788,0.385964002513468,-1.18094855638492
11.79,0.393751079637848,-1.17331238007023
11.792,0.384505411614338,-1.17551353710392
11.794,0.380285114130336,-1.15774794184772
11.796,0.371649018073323,-1.14820376320451
11.798,0.365625964186568,-1.13143993754997
11.8,0.372197505820182,-1.13643533277205
11.802,0.374270328410627,-1.1444302763634
11.804,0.378693488522609,-1.15558373396295
11.806,0.374889834416652,-1.18064964748279
11.808,0.363850430909395,-1.20149661341146
11.81,0.35810150346028,-1.21237543156206
11.812,0.360660269473426,-1.22466343155629
11.814,0.362053771721003,-1.24387749532362
11.816,0.371422326877953,-1.23604688150189
11.818,0.373740163752993,-1.23009318793711
11.82,0.391053139437257,-1.21242902183427
11.822,0.407151545399447,-1.18854073797791
11.824,0.425224397194705,-1.16209807679511
11.826,0.417897842466261,-1.14745960548758
11.828,0.431142711315399,-1.13148741545455
11.83,0.435144667664173,-1.13348419439937
11.832,0.429564914274586,-1.14690209502198
11.834,0.420567393855487,-1.15458950497518
11.836,0.431016205350527,-1.17429698212146
11.838,0.424390154535259,-1.20166033500238
11.84,0.41539025208089,-1.23021004398464
11.842,0.406571268585894,-1.24528456214166
11.844,0.400313496297403,-1.23545343358245
11.846,0.396065466803356,-1.23506392098403
11.848,0.381830793954237,-1.22223963727585
11.85,0.369455909154018,-1.19289130473759
11.852,0.368224530879049,-1.16254124777925
11.854,0.377322036649969,-1.11253633665107
11.856,0.375217319064526,-1.07916780499295
11.858,0.413195705559514,-1.04849973352099
11.86,0.42234476197793,-1.04429840531894
11.862,0.419943027839593,-1.05655917227595
11.864,0.42891533707545,-1.06835337250997
11.866,0.42704844331513,-1.08854685151732
11.868,0.43110329439698,-1.09621844730456
11.87,0.426245746735208,-1.11100423247309
11.872,0.419056985661789,-1.13132726019641
11.874,0.425629905657008,-1.13688434753289
11.876,0.415887526977636,-1.12534498110324
11.878,0.426638747009954,-1.12084649865541
11.88,0.435298660512661,-1.12139781101118
11.882,0.426625509580937,-1.1181313988784
11.884,0.423363622721424,-1.11664429005451
11.886,0.408068879043345,-1.11527538906147
11.888,0.407193940085934,-1.11057840914182
11.89,0.403775233100212,-1.10739744133661
11.892,0.410435381701197,-1.11347833911481
11.894,0.408305715152783,-1.13472945579576
11.896,0.41233262345493,-1.14870275497087
11.898,0.392171791656074,-1.17691544578066
11.9,0.386479074100348,-1.19095507336663
11.902,0.377688896608422,-1.19835097744302
11.904,0.363154296043999,-1.18357530071327
11.906,0.347066294007414,-1.16057267895143
11.908,0.342905078706246,-1.12774562271782
11.91,0.348295789364134,-1.10017001401329
11.912,0.359564499297775,-1.07437744582552
11.914,0.36670389676121,-1.05648409929581
11.916,0.375711867268381,-1.05917215052611
11.918,0.388886487735454,-1.04481701922309
11.92,0.379417510133129,-1.03220162450204
11.922,0.365616425558779,-1.02549409252819
11.924,0.356532723677589,-1.00450569294322
11.926,0.362007796694903,-0.981039241796882
11.928,0.363085382145207,-0.962042711501551
11.93,0.376065848303085,-0.938245576753087
11.932,0.378365900523703,-0.934171573808335
11.934,0.378106648496554,-0.945780334541902
11.936,0.396659019306374,-0.94068183074065
11.938,0.381114360088838,-0.974113707001015
11.94,0.37676631732559,-1.00065221390051
11.942,0.369650488584567,-1.01858762684626
11.944,0.36052122780002,-1.02667286807666
11.946,0.36380753880636,-1.02769031606499
11.948,0.368362098632455,-1.02229208186319
11.95,0.380639727440475,-1.03510607063538
11.952,0.394921250630576,-1.05044122438328
11.954,0.39854878691703,-1.08347452351133
11.956,0.401111532329733,-1.12477784878753
11.958,0.427159171445673,-1.14962200419151
11.96,0.427684616856977,-1.18316105031408
11.962,0.442002696240165,-1.21355900966874
11.964,0.449629180842033,-1.23849294672824
11.966,0.45266170963787,-1.2538777946618
11.968,0.450103614241627,-1.27762622360253
11.97,0.453419728014925,-1.28866337920111
11.972,0.449627614228694,-1.28534245805321
11.974,0.441676722853796,-1.28279053933555
11.976,0.444258092887957,-1.29430178552374
11.978,0.44939805440419,-1.29716094858817
11.98,0.44057430684447,-1.32063562659201
11.982,0.444743979471046,-1.34673355278941
11.984,0.447324835546304,-1.37192689864177
11.986,0.448558658692124,-1.37964229465806
11.988,0.441633235220984,-1.39815795995418
11.99,0.443779310261306,-1.40490652380046
11.992,0.447431131860181,-1.40555815998755
11.994,0.4468238806714,-1.39624498552748
11.996,0.435847762380652,-1.40915786736978
11.998,0.454272593202787,-1.40287875338999
12,0.456054284088921,-1.40973286145192
12.002,0.456251330741439,-1.40568427737417
12.004,0.449821999177704,-1.40049323000022
12.006,0.451556480693324,-1.39095341490379
12.008,0.431700878303109,-1.38372877276578
12.01,0.4305812907946,-1.37688544299451
12.012,0.431025305424562,-1.37112345943252
12.014,0.429425110931723,-1.37172058800848
12.016,0.430655837834143,-1.39803179096596
12.018,0.434048814672579,-1.40199380624633
12.02,0.435117325652906,-1.41481771576513
12.022,0.43575031646657,-1.41975396460912
12.024,0.435949851067265,-1.42666442401902
12.026,0.427922665639916,-1.42435177188959
12.028,0.429127291385081,-1.41672161147798
12.03,0.427463639048187,-1.40168916857795
12.032,0.418035011511064,-1.38920796523005
12.034,0.414759704291564,-1.37331797224125
12.036,0.413050688923606,-1.38379834589667
12.038,0.412156081823667,-1.36919669064043
12.04,0.411868889500819,-1.36498839379848
12.042,0.401533834951147,-1.36605933261164
12.044,0.415023618815872,-1.37767396568057
12.046,0.403690122122052,-1.40449584373062
12.048,0.395808574509237,-1.4100963519338
12.05,0.390143472813079,-1.41893361149738
12.052,0.384022341314492,-1.41423025080221
12.054,0.37933102428112,-1.40096907031726
12.056,0.390827685503381,-1.38910301652369
12.058,0.379032533670697,-1.37062425422216
12.06,0.380861034027463,-1.34685320766252
12.062,0.371681375668231,-1.32295753150585
12.064,0.37236511558687,-1.28137428148703
12.066,0.356259764575033,-1.25163607655653
12.068,0.368800452439956,-1.22331148605844
12.07,0.377765544373733,-1.21198207456412
12.072,0.377221266279571,-1.2030818031486
12.074,0.382549154006821,-1.1884934755308
12.076,0.392553961787046,-1.18044857528529
12.078,0.39995644287268,-1.18269681262538
12.08,0.405550477290778,-1.18869242814981
12.082,0.409651369787499,-1.18913211352843
12.084,0.412591868419847,-1.19118829133977
12.086,0.423963186567096,-1.19436821126179
12.088,0.409860809429038,-1.20126795097182
12.09,0.404100359473874,-1.19787105030673
12.092,0.405735896718638,-1.19307230003566
12.094,0.410930432926763,-1.20703593333711
12.096,0.425842313801937,-1.21306784345192
12.098,0.419819967587214,-1.23162235069008
12.1,0.430966883675885,-1.24716904732081
12.102,0.443560352429531,-1.26772488006666
12.104,0.436421195868784,-1.29539970344489
12.106,0.434034407885665,-1.30951495333548
12.108,0.430145345580148,-1.31642179282791
12.11,0.432671739714609,-1.3189947888896
12.112,0.42455594735787,-1.32273479557055
12.114,0.415216839019885,-1.3255071357846
12.116,0.418288633875891,-1.32912757346523
12.118,0.416516466295488,-1.3316042844397
12.12,0.420290047991525,-1.33918251491308
12.122,0.424679491127406,-1.35112097350216
12.124,0.421115331523811,-1.36935068905362
12.126,0.41704436106908,-1.3773981374899
12.128,0.41666528780946,-1.39378933590076
12.13,0.405327106168334,-1.40013273127268
12.132,0.401985634684414,-1.40016583015285
12.134,0.390262501331823,-1.39041803522156
12.136,0.37775617534446,-1.37908442034911
12.138,0.380841641069074,-1.36945950851171
12.14,0.376139180581352,-1.36054999589789
12.142,0.381848643906979,-1.35177439938137
12.144,0.386063123784381,-1.34180786676681
12.146,0.394759527454993,-1.33413947326098
12.148,0.379270384962245,-1.32766173970026
12.15,0.372750920506847,-1.31203979069951
12.152,0.377690276499022,-1.31139460353676
12.154,0.383120892301628,-1.30791026840887
12.156,0.382296823900642,-1.29853687936008
12.158,0.378459437827366,-1.30919172335538
12.16,0.388253222309153,-1.30391452265177
12.162,0.39601451448438,-1.30167287324404
12.164,0.394665313975186,-1.30514179052996
12.166,0.397045199673744,-1.32014392313851
12.168,0.401657783128236,-1.32517738497863
12.17,0.408107636559324,-1.33701202193026
12.172,0.407845159209315,-1.34414695819377
12.174,0.417596884638771,-1.3418645557763
12.176,0.402405248047879,-1.34438313140563
12.178,0.399348329778477,-1.34295890526189
12.18,0.395132827189339,-1.32808616609487
12.182,0.400678516478611,-1.32556296416627
12.184,0.402255943622063,-1.32114762199634
12.186,0.408090736628077,-1.31749833281897
12.188,0.400322160363638,-1.31797697176138
12.19,0.403976562002725,-1.31929123885034
12.192,0.409383125694162,-1.32970880366253
12.194,0.406310512077492,-1.33899354406778
12.196,0.409153592544827,-1.34971638077542
12.198,0.402400278642542,-1.35853100227089
12.2,0.396631326636502,-1.36210925065176
12.202,0.392169180965914,-1.35674801512277
12.204,0.390964112999305,-1.35216451519668
12.206,0.393071161736062,-1.35840707592799
12.208,0.392515737119671,-1.34299381607095
12.21,0.39052246287404,-1.33158952424189
12.212,0.395048331750361,-1.32348734029566
12.214,0.398894977780743,-1.31231552653536
12.216,0.397059033756675,-1.29531181082622
12.218,0.420739720734229,-1.28179732028385
12.22,0.431176953037093,-1.29460650852434
12.222,0.430569950838053,-1.31147350543518
12.224,0.425692728226487,-1.32073614186237
12.226,0.43444994094751,-1.31865659868147
12.228,0.438332080836321,-1.31817938060763
12.23,0.447029991556763,-1.32521705344576
12.232,0.448376454692797,-1.32575624214242
12.234,0.446805346961404,-1.33385450725926
12.236,0.438973773684011,-1.34100634633501
12.238,0.456079850224625,-1.33401022315319
12.24,0.455788357924405,-1.33075791842232
12.242,0.457182328015212,-1.33187275664788
12.244,0.452482950766928,-1.33144567645877
12.246,0.444735808259682,-1.32572949256138
12.248,0.439785224043329,-1.33189668078466
12.25,0.437346668454739,-1.32766220251816
12.252,0.427510690111439,-1.3320561946601
12.254,0.440150563031194,-1.33913897824254
12.256,0.440347593196023,-1.35226605840374
12.258,0.442586936188637,-1.36262737138913
12.26,0.451653117184919,-1.36856085252633
12.262,0.445078301427789,-1.37800421108125
12.264,0.441297221504176,-1.38504642231263
12.266,0.423253353696209,-1.38119247259919
12.268,0.397817236934226,-1.36521913396978
12.27,0.385018134221503,-1.33456141082987
12.272,0.388723518875629,-1.29237692873361
12.274,0.385160780500649,-1.24251255850543
12.276,0.37961005468615,-1.19013203202742
12.278,0.387762540073296,-1.14969144588715
12.28,0.412605257501293,-1.11514803466478
12.282,0.429014687548077,-1.09553296863611
12.284,0.442315525276303,-1.09750871993064
12.286,0.447894414471504,-1.11752012032507
12.288,0.459501634132338,-1.14331807699751
12.29,0.469367184191659,-1.16178000923505
12.292,0.47375424415705,-1.18300879327243
12.294,0.481174222649053,-1.21154499221055
12.296,0.461542357236431,-1.24577683365545
12.298,0.469774276421288,-1.26454720779569
12.3,0.461691683073229,-1.26722195841958
12.302,0.457271805444211,-1.2546105654352
12.304,0.459360844501847,-1.24849450438621
12.306,0.442848039448516,-1.23986387951174
12.308,0.437958055162049,-1.22253311787661
12.31,0.424532976246474,-1.19139029179373
12.312,0.418035749637154,-1.15990662886039
12.314,0.404154489672765,-1.1341667142081
12.316,0.384877476018111,-1.10892640525369
12.318,0.392128922107866,-1.10386874622101
12.32,0.40094121501422,-1.10112442015606
12.322,0.414459528941842,-1.11069474306714
12.324,0.437552806856134,-1.12769593112369
12.326,0.4384216867702,-1.14874013915056
12.328,0.439421669994939,-1.17545865824387
12.33,0.424551682003738,-1.18949975687796
12.332,0.419312396262524,-1.18321912906942
12.334,0.416346210626196,-1.17913799890219
12.336,0.412187695585642,-1.16614533425393
12.338,0.421325209178946,-1.15683336891971
12.34,0.423735068371374,-1.14805105034961
12.342,0.43097072197707,-1.14194854963773
12.344,0.432872464998676,-1.14733534370746
12.346,0.433150578168923,-1.13802153315278
12.348,0.445455386977252,-1.13647152828539
12.35,0.459346114328856,-1.14592193434538
12.352,0.466706889943262,-1.17493198919595
12.354,0.464081618142203,-1.20820404130528
12.356,0.467978340691514,-1.22884982805386
12.358,0.454125532354315,-1.2688880220557
12.36,0.453949661781981,-1.29202835356775
12.362,0.446411966242604,-1.30630372758108
12.364,0.439788109179441,-1.31276475786595
12.366,0.427702802326511,-1.28992494449037
12.368,0.429982385095285,-1.28344848012925
12.37,0.43041716728416,-1.26581525422402
12.372,0.421281933921241,-1.24425673881917
12.374,0.416888801826729,-1.2254069643758
12.376,0.425192315061478,-1.20404814394419
12.378,0.418328053041807,-1.21496057674886
12.38,0.422882993954396,-1.21310963417994
12.382,0.434025639814693,-1.2239121425296
12.384,0.446340234594211,-1.2597983509604
12.386,0.441920890566944,-1.29981473777442
12.388,0.453549353605045,-1.32462363594765
12.39,0.437121147031458,-1.35755117520341
12.392,0.419741959163153,-1.37114616953761
12.394,0.402089612178413,-1.36779306901182
12.396,0.400742267517022,-1.34603527434711
12.398,0.39615474327135,-1.32394738392196
12.4,0.404476636878554,-1.30926164208353
12.402,0.40662586350631,-1.29187579800565
12.404,0.41125940816435,-1.28040238745779
12.406,0.416364220043537,-1.28578985032282
12.408,0.42314665854299,-1.27021958772169
12.41,0.429778850080648,-1.27089134369543
12.412,0.43255995426708,-1.26945436177947
12.414,0.431972284951963,-1.28260976101152
12.416,0.421698476793516,-1.29452026795492
12.418,0.416748088389543,-1.32134726439338
12.42,0.409791172779201,-1.33479888852914
12.422,0.410364236457852,-1.34473263085664
12.424,0.409469550747198,-1.35611591355552
12.426,0.407645625320067,-1.35702483239551
12.428,0.412380377510557,-1.36796832025199
12.43,0.414340001608131,-1.38210975920507
12.432,0.420753790178152,-1.39053851182295
12.434,0.415421158354269,-1.39221064278143
12.436,0.416122703468681,-1.3878202806896
12.438,0.418077623546071,-1.38028360937236
12.44,0.419169074927368,-1.37782717620297
12.442,0.414422398174103,-1.37517421496808
12.444,0.411327032740187,-1.37226885082751
12.446,0.404875641901306,-1.36463818219788
12.448,0.400068377308458,-1.36791797637245
12.45,0.404002196156602,-1.37350109848978
12.452,0.399532615132875,-1.38156897365627
12.454,0.395081250029227,-1.38877918700508
12.456,0.39424591726419,-1.40060735801249
12.458,0.394449278855918,-1.38463189238429
12.46,0.395302512047465,-1.38046580207991
12.462,0.393235749046634,-1.36774572024984
12.464,0.387154224333681,-1.35466586341963
12.466,0.388499106247467,-1.34218835513179
12.468,0.395608992463863,-1.33450334314721
12.47,0.396732628311142,-1.3297600063073
12.472,0.39731555306538,-1.33053978180224
12.474,0.398563916227833,-1.32831707824751
12.476,0.386630536409901,-1.33408397891287
12.478,0.393047446626477,-1.34795173182666
12.48,0.397093368814494,-1.36530409821414
12.482,0.388722026674144,-1.38950779438645
12.484,0.376730828084554,-1.40529867908185
12.486,0.377056229081831,-1.41172576641202
12.488,0.37347378249084,-1.40087304732678
12.49,0.37526857201538,-1.39160277936838
12.492,0.37818251719079,-1.38455267550619
12.494,0.37923185666692,-1.36407512934295
12.496,0.38140714248906,-1.35125215480939
12.498,0.389880605832,-1.34093893643111
12.5,0.385795492721548,-1.32792185213773
12.502,0.395194867286984,-1.30971955509665
12.504,0.395950926854357,-1.30441902153253
12.506,0.398807016179632,-1.29981155951523
12.508,0.413348423234315,-1.30217119380349
12.51,0.418805755869443,-1.31123065489857
12.512,0.426956210666796,-1.33000273578755
12.514,0.430411558266097,-1.35704309314522
12.516,0.431028617934005,-1.37837060119072
12.518,0.44467015935712,-1.41011212327127
12.52,0.444103557114696,-1.43350164937104
12.522,0.441179059093007,-1.45032883421239
12.524,0.440832441465919,-1.45401312301418
12.526,0.442367676498452,-1.44463668675741
12.528,0.432848212628539,-1.42793925642361
12.53,0.428742518339617,-1.4123654381633
12.532,0.423599862676903,-1.39675936606086
12.534,0.421742953863431,-1.39405131886327
12.536,0.409837161789357,-1.39791374371648
12.538,0.406433528557265,-1.39658240664661
12.54,0.407652413440854,-1.4004308224064
12.542,0.410456887274247,-1.41120619710825
12.544,0.409094187672953,-1.42001212580995
12.546,0.407491434185854,-1.42495020553773
12.548,0.401140932253331,-1.43149320922414
12.55,0.411088069883539,-1.4268372038442
12.552,0.408781254931121,-1.42983588200589
12.554,0.409484537359133,-1.42923082894538
12.556,0.41280009332633,-1.41699212815671
12.558,0.405528735618768,-1.40179770515399
12.56,0.399314839755286,-1.38119658814059
12.562,0.400711327094885,-1.36039728739317
12.564,0.398694591688396,-1.34616277472168
12.566,0.404634891408977,-1.34178892477958
12.568,0.405018392283319,-1.34028126432652
12.57,0.407693532032602,-1.34584485301637
12.572,0.419108771767987,-1.35367637317338
12.574,0.420451676662776,-1.36723746462617
12.576,0.414846459102077,-1.38332031347352
12.578,0.417038483312316,-1.40348669445194
12.58,0.416720532572784,-1.42042696280164
12.582,0.415373223105109,-1.4383121423314
12.584,0.410967541790317,-1.43557150012211
12.586,0.416898936692222,-1.43187544705845
12.588,0.415075884810187,-1.41942532701754
12.59,0.399594530234396,-1.41289605901951
12.592,0.399117022557352,-1.4080000723366
12.594,0.398402730163779,-1.39301617468654
12.596,0.386495883349644,-1.37834115115467
12.598,0.394372589246016,-1.35984333806689
12.6,0.386085441472423,-1.34365102780097
12.602,0.384742054760881,-1.3403157961008
12.604,0.379298716840401,-1.34034557064284
12.606,0.384659374257256,-1.33578387841936
12.608,0.378969284305183,-1.33631527395365
12.61,0.382205512882594,-1.33345507926478
12.612,0.384038666271388,-1.33748486594719
12.614,0.389284828074899,-1.33872388942941
12.616,0.396497828939003,-1.3345564518462
12.618,0.388610569710054,-1.34025187749399
12.62,0.394425242585291,-1.33831140596067
12.622,0.39017195465504,-1.33405607157204
12.624,0.388400868069974,-1.3244197412805
12.626,0.383515405643374,-1.32763778104975
12.628,0.384679953022851,-1.3145487042957
12.63,0.381067007736706,-1.30741612133137
12.632,0.381187199395255,-1.30496725597845
12.634,0.382438057622153,-1.31253418027214
12.636,0.386591164124489,-1.32284889719277
12.638,0.383927008876797,-1.33494907108122
12.64,0.387131009237478,-1.33664966559453
12.642,0.389040935285366,-1.34077046540911
12.644,0.37692788976943,-1.34644742613908
12.646,0.374400095837693,-1.34445673991543
12.648,0.369958100617633,-1.33502062550339
12.65,0.366956895118379,-1.33335435347205
12.652,0.372684071855879,-1.33096525719123
12.654,0.368926106353316,-1.32074467491858
12.656,0.370843858865579,-1.30941957294885
12.658,0.368122323660571,-1.30611144586876
12.66,0.367732379114669,-1.30750608206208
12.662,0.365829685127415,-1.32078157389179
12.664,0.3713861026071,-1.32730997180777
12.666,0.36167122274198,-1.3393234126492
12.668,0.367574741403039,-1.35055102557196
12.67,0.37265488333804,-1.36376203083013
12.672,0.373411987629236,-1.38194370581682
12.674,0.369726398820549,-1.39151405962169
12.676,0.371475947443566,-1.39132724386837
12.678,0.357311189929245,-1.39221857754586
12.68,0.357081063611216,-1.38471643967129
12.682,0.351132420020231,-1.37875586212229
12.684,0.345720765246128,-1.37259111128726
12.686,0.327508139367475,-1.37372889166323
12.688,0.330707892649169,-1.36366938883895
12.69,0.335869864751881,-1.3524420218322
12.692,0.337997932864545,-1.33632236417772
12.694,0.340482231912384,-1.31331886689252
12.696,0.314703422636714,-1.31336293818057
12.698,0.340014647290899,-1.28242325828887
12.7,0.347302243554255,-1.2710625665886
12.702,0.352906302847309,-1.26462987186654
12.704,0.363998069730803,-1.25399585516929
12.706,0.361473949557377,-1.26146697711538
12.708,0.376020643781583,-1.25887956654827
12.71,0.373103235877763,-1.26188321956937
12.712,0.375282635776316,-1.25972742962557
12.714,0.373068255937642,-1.25543142868603
12.716,0.368017526287887,-1.27445551424907
12.718,0.376389729518331,-1.27862152546044
12.72,0.375002504335144,-1.27796683618121
12.722,0.376752018813287,-1.28129395396081
12.724,0.378570423825959,-1.29636264191572
12.726,0.370909940398172,-1.3135248091639
12.728,0.384333151441535,-1.32467337044704
12.73,0.386460859025552,-1.33109455857672
12.732,0.395632050652612,-1.34377380998213
12.734,0.409744164674869,-1.34343590131998
12.736,0.391507356747035,-1.36201163862201
12.738,0.405415430886196,-1.35331197436139
12.74,0.417142936024155,-1.34412795107449
12.742,0.422340593124646,-1.34042799330927
12.744,0.429688095498521,-1.33346345892175
12.746,0.432844510751268,-1.33422589723568
12.748,0.442428822366478,-1.33130462614364
12.75,0.437425392928754,-1.33159663236972
12.752,0.432481570573357,-1.33167895544518
12.754,0.43053938728984,-1.32941667716225
12.756,0.439676309075712,-1.33342520337746
12.758,0.429151340537814,-1.34309179665577
12.76,0.438158789459677,-1.34015472917272
12.762,0.43099456757788,-1.34296463827279
12.764,0.433850453960321,-1.35323985454966
12.766,0.439611317155787,-1.35363731305252
12.768,0.433443266094231,-1.35842757684317
12.77,0.427450692485705,-1.34929425718084
12.772,0.425937924507036,-1.33789868604308
12.774,0.426180510421017,-1.3307308130973
12.776,0.427788148826428,-1.32723185870453
12.778,0.42962620223903,-1.31949699228277
12.78,0.434271895793897,-1.3185412948108
12.782,0.442054413452036,-1.3230986974653
12.784,0.440799716108336,-1.33493898390167
12.786,0.445847168766758,-1.34600252198925
12.788,0.440610167016394,-1.36540288444431
12.79,0.436934571740859,-1.39290650412088
12.792,0.439665263789088,-1.42207254968011
12.794,0.427232661812106,-1.4604328332866
12.796,0.424269598966205,-1.48368747587159
12.798,0.413319088136798,-1.49688633925766
12.8,0.405361713254888,-1.49706677004285
12.802,0.393074018590166,-1.4836846465841
12.804,0.386232285244048,-1.46896473822612
12.806,0.384881539874479,-1.44947192190877
12.808,0.377620261572826,-1.43586415721346
12.81,0.381388143810538,-1.42021110673667
12.812,0.378162352610941,-1.41575129562962
12.814,0.377742381130144,-1.41592076156149
12.816,0.371812923995526,-1.42613750763265
12.818,0.385773654490448,-1.42216417223537
12.82,0.389178584165502,-1.42135736611975
12.822,0.391778967159388,-1.42016463544654
12.824,0.394323745980169,-1.43245067544437
12.826,0.395892621689548,-1.42407455077834
12.828,0.386105463570973,-1.42192370613436
12.83,0.374319488206512,-1.41165835535363
12.832,0.367636338392423,-1.38859372520455
12.834,0.355726714583877,-1.35766691412285
12.836,0.36304495614299,-1.32360924995667
12.838,0.360119369170909,-1.30556789030894
12.84,0.361933002811316,-1.29065851264818
12.842,0.35890330371216,-1.28839515555251
12.844,0.364480018242105,-1.28037454769297
12.846,0.371355448758868,-1.27080511287351
12.848,0.37483507572759,-1.28831860691246
12.85,0.38006193421268,-1.30783469807908
12.852,0.388455633645561,-1.33061234278982
12.854,0.393694287104704,-1.34484851766921
12.856,0.398700080664093,-1.383494045167
12.858,0.399718108093594,-1.39100555080241
12.86,0.400600186477743,-1.41432691722808
12.862,0.392376583978619,-1.42210372092818
12.864,0.393161784191931,-1.41584098185251
12.866,0.386271394014724,-1.41514431375555
12.868,0.391363032759977,-1.40514333191149
12.87,0.390588855088041,-1.39890123348143
12.872,0.380130705946838,-1.38631169088727
12.874,0.384621124840372,-1.37535411738292
12.876,0.378561625747467,-1.38588163880939
12.878,0.392569185721586,-1.37252674189794
12.88,0.399538417503048,-1.38102261097366
12.882,0.403200560548227,-1.38850777093463
12.884,0.418120618327405,-1.39979852918024
12.886,0.419057758422828,-1.41458909865081
12.888,0.432090235784632,-1.41614474138483
12.89,0.438024249437614,-1.41771270036754
12.892,0.434350760878829,-1.41054910059544
12.894,0.440260307938163,-1.39562087134408
12.896,0.447013277801515,-1.37862070716053
12.898,0.445252161127635,-1.36850700797406
12.9,0.443074024056773,-1.36339188226386
12.902,0.440165022751976,-1.35498217288174
12.904,0.434262298337771,-1.35116358312306
12.906,0.440940506462005,-1.35222694009126
12.908,0.439409123994136,-1.35925159016611
12.91,0.427926538690782,-1.36512105540243
12.912,0.430330170843098,-1.37263675347541
12.914,0.423698813402331,-1.38399452650348
12.916,0.420372818477558,-1.37526448643944
12.918,0.413768770613574,-1.36998068110536
12.92,0.404363913322881,-1.36323656188131
12.922,0.389510697123055,-1.35303778997912
12.924,0.385912296714231,-1.33483903498465
12.926,0.381218812672475,-1.31248389883689
12.928,0.380756342691366,-1.30313464067529
12.93,0.382502081547655,-1.2983328121275
12.932,0.378390334448706,-1.29820194840745
12.934,0.389003891136946,-1.29777993556442
12.936,0.386129684827251,-1.29914406839017
12.938,0.387179704846154,-1.29368769230153
12.94,0.387722109774727,-1.30137078481453
12.942,0.386345078201227,-1.29919945339687
12.944,0.387864829742863,-1.3007370656546
12.946,0.390183426662262,-1.29692385256375
12.948,0.396455479189928,-1.30067187792381
12.95,0.397057952148843,-1.30349275433826
12.952,0.390146641273493,-1.30341449307555
12.954,0.390742851109523,-1.31632537996653
12.956,0.378851359681088,-1.32502966309334
12.958,0.392482101755956,-1.33059261786135
12.96,0.385088169382244,-1.33805151296683
12.962,0.376372521328185,-1.34119104896616
12.964,0.37091935823798,-1.33793040582572
12.966,0.368956737172022,-1.33154501850906
12.968,0.371301129089465,-1.32224087167812
12.97,0.37520227874885,-1.30698847160758
12.972,0.389656087205933,-1.30570620101186
12.974,0.398079190882079,-1.31377219145675
12.976,0.419500276882983,-1.32445196192675
12.978,0.411127988335301,-1.35291711607186
12.98,0.405618865807649,-1.36458677430729
12.982,0.408250695516257,-1.37224820034851
12.984,0.417829400925727,-1.37245729723615
12.986,0.414979815818909,-1.37100706819447
12.988,0.417441963773879,-1.36311604766135
12.99,0.420985611609242,-1.34546327265812
12.992,0.426849891380973,-1.33352880450428
12.994,0.432277021129897,-1.33073510586877
12.996,0.429080315180718,-1.32540495995712
12.998,0.431204954277582,-1.3216460408148
13,0.434383570010194,-1.32848032543361
13.002,0.438090772837675,-1.34201466453135
13.004,0.437769160263779,-1.35316754035265
13.006,0.421582951230241,-1.37376085418589
13.008,0.429851579725348,-1.39151306881805
13.01,0.415899208214602,-1.40417000516687
13.012,0.409047496402334,-1.39874641081651
13.014,0.401832926935736,-1.3946331557357
13.016,0.408460867535474,-1.39099228280668
13.018,0.405166371897509,-1.39301350636437
13.02,0.39856707374087,-1.38480738916767
13.022,0.398807747108441,-1.38054774736024
13.024,0.401030530546129,-1.37610811607626
13.026,0.396472722121977,-1.3808614424267
13.028,0.398522700044879,-1.37105760059805
13.03,0.397439012514633,-1.35933087846272
13.032,0.39365243085851,-1.35073976717816
13.034,0.397027818187884,-1.33965313686016
13.036,0.378498236967535,-1.33152418515732
13.038,0.381033622190482,-1.31614037239413
13.04,0.375613169964838,-1.30232349620592
13.042,0.376303392504095,-1.28448590577986
13.044,0.378887483241974,-1.28022036514717
13.046,0.372395067153709,-1.27579725744523
13.048,0.381745465711628,-1.25691282284226
13.05,0.38720967802522,-1.24822146097629
13.052,0.395779855548527,-1.23923439774608
13.054,0.398339016564624,-1.23765812897312
13.056,0.40910002351264,-1.22929112333544
13.058,0.408162208334861,-1.25374355172431
13.06,0.419061797117156,-1.28042333016821
13.062,0.423448300344865,-1.31195928400601
13.064,0.432008457093177,-1.33762940438171
13.066,0.438954861928567,-1.36371911463973
13.068,0.439719052848792,-1.3847869490765
13.07,0.441785672097432,-1.3939811105746
13.072,0.441687451717581,-1.40486339803493
13.074,0.436123566380317,-1.40702780164322
13.076,0.421272302286212,-1.40320896764624
13.078,0.42282190806878,-1.38830203663264
13.08,0.410118074302955,-1.36876861037467
13.082,0.40706355521517,-1.34334432432226
13.084,0.412571767077289,-1.33082433836672
13.086,0.411312692140404,-1.33164107177018
13.088,0.416260565194402,-1.33718146541169
13.09,0.413547122836706,-1.36385590820945
13.092,0.412025929215627,-1.38646945927311
13.094,0.413093307275634,-1.40513359010194
13.096,0.410586190205982,-1.42022649523629
13.098,0.405651161064078,-1.4306552681872
13.1,0.395400018882826,-1.41649324828737
13.102,0.39276208729546,-1.3939639322054
13.104,0.38042833508389,-1.3683266987351
13.106,0.378317098890642,-1.32401902897357
13.108,0.377161000932351,-1.29221537494503
13.11,0.381813877129119,-1.26895249640681
13.112,0.373631473802888,-1.25975648388799
13.114,0.370915217140585,-1.26258297608474
13.116,0.365582749621867,-1.26810283842139
13.118,0.386211592821166,-1.29185856588776
13.12,0.387755555301684,-1.31591793675411
13.122,0.390556174229562,-1.33548718771421
13.124,0.390476454171207,-1.35550058329626
13.126,0.401150813100233,-1.35801321740095
13.128,0.395637617503068,-1.35566675017831
13.13,0.399233437427882,-1.35300168961919
13.132,0.397716518904374,-1.35470209556278
13.134,0.396681305397274,-1.34753898256496
13.136,0.395502046467186,-1.35212684861103
13.138,0.401889395810559,-1.34972266312299
13.14,0.402851029098731,-1.34667885568054
13.142,0.401755711492461,-1.35000022101956
13.144,0.396954301115112,-1.34207810968897
13.146,0.407139892599366,-1.33574529084001
13.148,0.406860975497299,-1.33956866229011
13.15,0.41736990700533,-1.33691752169339
13.152,0.421956154620088,-1.34697788753851
13.154,0.429810765308576,-1.36008417027395
13.156,0.421011131582499,-1.38886455726454
13.158,0.426437659960077,-1.39400008845224
13.16,0.426500147614734,-1.3974753164357
13.162,0.416502333729842,-1.39831782266612
13.164,0.408328542570173,-1.38398419591366
13.166,0.400330318095522,-1.36523066612043
13.168,0.408403757557529,-1.35603695634045
13.17,0.419317089256163,-1.34763522722886
13.172,0.417527810081643,-1.35168022832273
13.174,0.410974592611084,-1.35940777082728
13.176,0.414905597656443,-1.37115655267795
13.178,0.436810809164616,-1.37391045197068
13.18,0.430447772600614,-1.39206703015864
13.182,0.429320828284504,-1.40433752242292
13.184,0.421919038378405,-1.41332380440742
13.186,0.413476140263091,-1.42545417324751
13.188,0.422834474151348,-1.40606992725341
13.19,0.435350645953647,-1.39930440731916
13.192,0.439152496184802,-1.380569464667
13.194,0.440075307505161,-1.36663213648401
13.196,0.438758567299995,-1.34671407938586
13.198,0.442467169344428,-1.34264139960087
13.2,0.456723025229233,-1.33810389506828
13.202,0.458312656883705,-1.34103719285072
13.204,0.448855239940266,-1.34991057967305
13.206,0.454648832361278,-1.36461719345252
13.208,0.443081235609251,-1.39057121786963
13.21,0.436429086971354,-1.40488546864306
13.212,0.435179156455463,-1.41793182420006
13.214,0.418274543972384,-1.42348330369331
13.216,0.414895617776781,-1.4225849552246
13.218,0.400414295648278,-1.41113394704608
13.22,0.397948857311472,-1.39727083404506
13.222,0.388226485664783,-1.39103781193029
13.224,0.387083458137758,-1.38751201163586
13.226,0.376621763293478,-1.39357622997639
13.228,0.369310045496335,-1.391348841781
13.23,0.364371234849886,-1.39607457539901
13.232,0.365546421469821,-1.39595382356634
13.234,0.362956292316286,-1.39064436426194
13.236,0.361025566955528,-1.37868078217602
13.238,0.356860909963702,-1.36530568078429
13.24,0.35760245000905,-1.35455381860618
13.242,0.349363616213243,-1.34745319725681
13.244,0.355924327001495,-1.33689997488765
13.246,0.377528676382341,-1.32897440929551
13.248,0.369040691832278,-1.34836827500308
13.25,0.366665905338721,-1.35848922582063
13.252,0.363667223729555,-1.360193602826
13.254,0.369581721336117,-1.35312842060384
13.256,0.358362182946901,-1.35556943449737
13.258,0.375832871197096,-1.34230167520355
13.26,0.379667128775029,-1.34103598828082
13.262,0.385518646826117,-1.33657712746417
13.264,0.385618404594985,-1.32743031739736
13.266,0.394491032028781,-1.32043883507342
13.268,0.383883746660949,-1.31855267756194
13.27,0.382185937353646,-1.31194766749376
13.272,0.379262588298634,-1.3051396769388
13.274,0.381954779716909,-1.2937346298667
13.276,0.383434620240057,-1.29803973545349
13.278,0.394412856042585,-1.27800049422637
13.28,0.411925651408408,-1.28110730176231
13.282,0.412817487084157,-1.27651573252785
13.284,0.418654694025026,-1.28321187303821
13.286,0.413237188866816,-1.28491927190643
13.288,0.414008006912635,-1.28740069394378
13.29,0.414944503826582,-1.29311319156621
13.292,0.421709063742992,-1.30264932234922
13.294,0.426912625770161,-1.31539712791578
13.296,0.449631359087945,-1.32719540627318
13.298,0.428999351772585,-1.35112279514372
13.3,0.42842305235657,-1.37033958029446
13.302,0.43535534723058,-1.3875862916889
13.304,0.433628476081619,-1.41140465383041
13.306,0.44560349038878,-1.43853625879044
13.308,0.44275799239377,-1.45380203138238
13.31,0.439279706640718,-1.46266385210593
13.312,0.432385669927961,-1.46334848329766
13.314,0.429950489550152,-1.46456587225903
13.316,0.425585869919153,-1.44684888563964
13.318,0.412178564686901,-1.44833952138725
13.32,0.404821055596274,-1.44017869330164
13.322,0.4000374615644,-1.43162074746618
13.324,0.391023834015669,-1.42264426407164
13.326,0.393930276315775,-1.40113526595881
13.328,0.394131826007628,-1.39819763079774
13.33,0.387980620815505,-1.39167460059681
13.332,0.384162483921406,-1.37872331578353
13.334,0.398468883228973,-1.38496484845899
13.336,0.409207690186291,-1.38742300650867
13.338,0.406356102563289,-1.40698022318916
13.34,0.397394338839769,-1.41410585932249
13.342,0.401356560470051,-1.42500421759358
13.344,0.415432553447027,-1.43472876018318
13.346,0.414023708384589,-1.4533335237529
13.348,0.414365363795785,-1.4636950820246
13.35,0.411114143942187,-1.46398460821242
13.352,0.413066724436253,-1.46043035482848
13.354,0.430061905466795,-1.45200320356184
13.356,0.417787982865817,-1.43742243050259
13.358,0.433712473064141,-1.4183736330291
13.36,0.431605047394457,-1.41162783892732
13.362,0.435284477011162,-1.40556639077296
13.364,0.439835727336282,-1.41148294863094
13.366,0.427501777420873,-1.42302923819698
13.368,0.434841318538279,-1.42772328087104
13.37,0.429655863211022,-1.44313419728561
13.372,0.43182439414339,-1.4654204273095
13.374,0.427409788300698,-1.47426307842973
13.376,0.408711346927678,-1.46757902887176
13.378,0.404719751017325,-1.45237312848953
13.38,0.385291250118423,-1.42975235683846
13.382,0.378061061137787,-1.39240965970462
13.384,0.380514907335997,-1.35779055752528
13.386,0.389343836211365,-1.34687400241851
13.388,0.395248268047813,-1.32843626892061
13.39,0.396887361698156,-1.3266598360414
13.392,0.392520281489352,-1.32906418173199
13.394,0.40819101086473,-1.33577436240811
13.396,0.428237482843249,-1.34082604224281
13.398,0.421963718632903,-1.36990936804444
13.4,0.430235297765106,-1.37989320800109
13.402,0.436939995680559,-1.38628673676062
13.404,0.426643932178381,-1.38828539649652
13.406,0.41481994862462,-1.38174697178138
13.408,0.414167194935685,-1.36216409761468
13.41,0.412912705476488,-1.33951637515073
13.412,0.414967621467135,-1.32675791652779
13.414,0.400177191522416,-1.32953584125699
13.416,0.400745512257442,-1.32859131615164
13.418,0.397827686542639,-1.31464957321373
13.42,0.395632110870178,-1.30813104863955
13.422,0.397469643647931,-1.31015084721863
13.424,0.394375691677841,-1.3211858997471
13.426,0.380494055957955,-1.33098621737194
13.428,0.377725129644929,-1.30135695770218
13.43,0.37810114676811,-1.25998033913014
13.432,0.384138562552371,-1.2151281801963
13.434,0.403004727883539,-1.1767643259853
13.436,0.42036887910986,-1.13962560222802
13.438,0.399503702367038,-1.11330873201381
13.44,0.392176734052301,-1.09088577815899
13.442,0.383796585980721,-1.09072012428182
13.444,0.376340411053714,-1.08748620932247
13.446,0.375826973332806,-1.09517006276945
13.448,0.36704441094652,-1.11052947275863
13.45,0.370466590774228,-1.13602934843985
13.452,0.370446688309866,-1.17619805237408
13.454,0.368028806564025,-1.21911730745694
13.456,0.361680090587152,-1.24078698508695
13.458,0.352631935789177,-1.24855719514808
13.46,0.350940507760365,-1.23697963036692
13.462,0.357575140014676,-1.21895283720751
13.464,0.37260818401263,-1.19934958079426
13.466,0.391833036330965,-1.17021261956101
13.468,0.403718163795242,-1.16071328330212
13.47,0.413651905023535,-1.14674850918643
13.472,0.426397648548796,-1.15214552952298
13.474,0.432411183516616,-1.16815145170464
13.476,0.434000827046308,-1.18607475859908
13.478,0.424411418245735,-1.20338601795606
13.48,0.421148880641397,-1.22222466006579
13.482,0.414725493518826,-1.24594235688029
13.484,0.4090439149774,-1.26526913546895
13.486,0.402210871728835,-1.27840007029296
13.488,0.392415249497511,-1.27646607632262
13.49,0.399363429846882,-1.28077363380462
13.492,0.404380345320032,-1.28159347871971
13.494,0.398228589424709,-1.2891547356826
13.496,0.400895412889672,-1.28531147956721
13.498,0.398222608362634,-1.2976883361079
13.5,0.384382547588194,-1.30156365353679
13.502,0.373018697608778,-1.31595325578544
13.504,0.372490983378611,-1.32235964527626
13.506,0.376686043617294,-1.30065500758655
13.508,0.377150993718388,-1.28214015410734
13.51,0.380524113397528,-1.2566344191779
13.512,0.376805996772598,-1.22104812733258
13.514,0.387369935249711,-1.17983180240379
13.516,0.387861883400547,-1.14921174029103
13.518,0.39304514365663,-1.11261307492354
13.52,0.392968917260761,-1.09775138786845
13.522,0.381988953590229,-1.08876500909883
13.524,0.382869420678439,-1.0871420798754
13.526,0.380824213430975,-1.09446362927671
13.528,0.385222903270309,-1.10156708336564
13.53,0.398280453197109,-1.11171090575197
13.532,0.406531214308194,-1.13785852678184
13.534,0.40160330846438,-1.16483557790412
13.536,0.41391198280725,-1.17687727280646
13.538,0.41511792395764,-1.19660405948094
13.54,0.411481413861213,-1.19633818040845
13.542,0.418590339172072,-1.19555286869281
13.544,0.42527728979346,-1.20739561447474
13.546,0.434495443511063,-1.22306000026894
13.548,0.434608300375153,-1.22941503080363
13.55,0.430769262995793,-1.23566406227721
13.552,0.429264880211315,-1.24413837296042
13.554,0.423246188244312,-1.23523367605345
13.556,0.419246239175285,-1.23643055657123
13.558,0.413177876945266,-1.22117511906392
13.56,0.40940468778615,-1.20563771348147
13.562,0.402826896458546,-1.18591962831142
13.564,0.403476554036284,-1.14884256320306
13.566,0.408831909326362,-1.1379273394696
13.568,0.429950294847208,-1.12987144564764
13.57,0.434483165420834,-1.14420554973655
13.572,0.425132635004686,-1.16161709836004
13.574,0.427654041161523,-1.18072626996751
13.576,0.432086818617855,-1.20179021903782
13.578,0.423330825364656,-1.20591960200315
13.58,0.415635526269558,-1.20877212202086
13.582,0.407702844218786,-1.21034162094308
13.584,0.390762202182927,-1.20428011306549
13.586,0.38981244825418,-1.19201869971482
13.588,0.374971306446151,-1.18560829639078
13.59,0.35653519350223,-1.16542575439323
13.592,0.342334068485647,-1.13638008664917
13.594,0.34477810827443,-1.10480864790435
13.596,0.350104212687961,-1.07307875262099
13.598,0.348767020014594,-1.04424753870641
13.6,0.35552206231564,-1.03185491080581
13.602,0.368168588840962,-1.03165828661013
13.604,0.384737764778519,-1.03147432385582
13.606,0.384289723202068,-1.04884091527975
13.608,0.392581307362372,-1.04940285860093
13.61,0.393470608505331,-1.05119010143285
13.612,0.395532510005559,-1.06199414290029
13.614,0.39501123137676,-1.07100348897078
13.616,0.383567004199768,-1.08488674469365
13.618,0.401715774338269,-1.09603504027555
13.62,0.401355976542185,-1.10273964676358
13.622,0.39072271613647,-1.10994616838254
13.624,0.375156048111143,-1.10855789038932
13.626,0.390355661986593,-1.08406059914118
13.628,0.392939248271753,-1.06958787679318
13.63,0.407968987477263,-1.05213518757027
13.632,0.42137065940212,-1.04657605634355
13.634,0.423622444095389,-1.05118986917107
13.636,0.419834126386545,-1.07508743821099
13.638,0.450903668165458,-1.07857540122498
13.64,0.467059749705753,-1.11299988563275
13.642,0.472136006626363,-1.15985607262166
13.644,0.468025395073282,-1.20883095462421
13.646,0.463108006092388,-1.25194323098398
13.648,0.469278493387363,-1.2695307991138
13.65,0.471243368413385,-1.29133228820283
13.652,0.466344195686042,-1.28509664285888
13.654,0.459931481455502,-1.26946752781603
13.656,0.439585943138307,-1.2579241988517
13.658,0.450680008644002,-1.23196589459787
13.66,0.450949422655865,-1.21950159634934
13.662,0.459633148737598,-1.21783161239821
13.664,0.464736182703495,-1.23185267302659
13.666,0.475175882639142,-1.26177260592532
13.668,0.479496359755294,-1.30315846201201
13.67,0.493094235208537,-1.35594075199305
13.672,0.487529024991215,-1.41726821481162
13.674,0.481399333748109,-1.46863950504493
13.676,0.475209613039939,-1.49760851089517
13.678,0.463510419640279,-1.50177220235981
13.68,0.452592214679576,-1.49999185273133
13.682,0.457172851223902,-1.48335397162787
13.684,0.446923406215928,-1.46109924446117
13.686,0.428996253079264,-1.44019553482563
13.688,0.435425359781229,-1.41614624642893
13.69,0.432306332135256,-1.40574642009699
13.692,0.433788014812099,-1.40084168796445
13.694,0.439172741554675,-1.40462632313562
13.696,0.422758120290748,-1.42672784943837
13.698,0.426040569734554,-1.43828440285267
13.7,0.424445183207501,-1.45229069957053
13.702,0.427408742864336,-1.453453351731
13.704,0.429862251180559,-1.44717755348704
13.706,0.433942825371897,-1.45078924206097
13.708,0.426060721897007,-1.43978521645406
13.71,0.419282483363676,-1.41765176970218
13.712,0.404702463411695,-1.40091838540136
13.714,0.394090391981132,-1.37611345066813
13.716,0.404727654665436,-1.3549530700608
13.718,0.400577893469514,-1.34762724795081
13.72,0.410916839412648,-1.34700518666819
13.722,0.407015682390121,-1.36165855832259
13.724,0.409137508196384,-1.37203160707496
13.726,0.393232591462214,-1.37973325124277
13.728,0.391829883121926,-1.39318520590983
13.73,0.394077548488215,-1.39910970127057
13.732,0.393298433504264,-1.39791859617071
13.734,0.387842978153132,-1.39043610629087
13.736,0.381579362886075,-1.38504690870049
13.738,0.374506950720136,-1.3482257824677
13.74,0.362191186397871,-1.32054832504945
13.742,0.364600157151009,-1.28273608650573
13.744,0.369757034657461,-1.24830906989059
13.746,0.3689546968412,-1.22360542338534
13.748,0.373008509744608,-1.20955643917651
13.75,0.368376262309934,-1.21119914875221
13.752,0.361206008386586,-1.21964902295879
13.754,0.362619059882923,-1.21275429371689
13.756,0.381849821542776,-1.20482490468093
13.758,0.382302255466048,-1.22864488823513
13.76,0.392989104284626,-1.24307923545325
13.762,0.397584311069126,-1.25696717533725
13.764,0.39900401190954,-1.26336490523603
13.766,0.39097949624751,-1.26547830599186
13.768,0.395121725105631,-1.25700329800659
13.77,0.400786269001369,-1.2408149650352
13.772,0.414093953148041,-1.22630237992327
13.774,0.424933300189578,-1.20930458542989
13.776,0.419069551663907,-1.21092368248086
13.778,0.43417827930886,-1.20134741733767
13.78,0.43415339293882,-1.20232366493497
13.782,0.431609542014933,-1.21268095261901
13.784,0.441605242648155,-1.22621361002771
13.786,0.44529802209128,-1.24783033818491
13.788,0.447220701796898,-1.2807245854793
13.79,0.442227886706057,-1.31667817667735
13.792,0.437987834835943,-1.34517917606473
13.794,0.432418032430166,-1.36958075669005
13.796,0.441099446350218,-1.36457165754156
13.798,0.423926887021033,-1.37994705684778
13.8,0.420872739287842,-1.37588480581911
13.802,0.425232783189997,-1.37135903195011
13.804,0.430663246513468,-1.36938950487461
13.806,0.429075255343051,-1.36993416198805
13.808,0.435806972917049,-1.3679222018351
13.81,0.437860624658905,-1.37579540019032
13.812,0.442362547428699,-1.39091001869282
13.814,0.440235496956357,-1.40928451103423
13.816,0.423008351257886,-1.43209364615455
13.818,0.434505473715627,-1.43049370213007
13.82,0.437027068702822,-1.42410720769985
13.822,0.436153508716268,-1.4261932644697
13.824,0.438565192866204,-1.41093959892459
13.826,0.446955066311383,-1.39884449092827
13.828,0.438483340681229,-1.37030149052252
13.83,0.441416253102061,-1.344872674695
13.832,0.446947769827516,-1.32423134442936
13.834,0.450887877076176,-1.31235102501129
13.836,0.466745968491776,-1.3046390294557
13.838,0.444010539372261,-1.31812199851968
13.84,0.434273263039576,-1.3240475597355
13.842,0.435693544032661,-1.32585650226178
13.844,0.437547275008547,-1.31459972500398
13.846,0.435012841630904,-1.31036227692206
13.848,0.432778306243496,-1.29358305325456
13.85,0.421295934642648,-1.29027516050589
13.852,0.414616808288501,-1.27629505646226
13.854,0.406114564797462,-1.26746839307365
13.856,0.404656168466067,-1.25621276410901
13.858,0.405999037568522,-1.25169069697403
13.86,0.414510764367654,-1.25589072836965
13.862,0.408520562858664,-1.25710694096427
13.864,0.407119232305598,-1.2657155758
13.866,0.40924238437083,-1.26648304479406
13.868,0.402738401241803,-1.2745857503674
13.87,0.400187561369343,-1.27959746291175
13.872,0.395279289500135,-1.28568971539106
13.874,0.385015187502857,-1.27988370998214
13.876,0.369909909381641,-1.27431429017532
13.878,0.363883601039271,-1.26838289119202
13.88,0.351520997926797,-1.26978867126607
13.882,0.35379022511636,-1.27317297143892
13.884,0.366495877984287,-1.26929667513368
13.886,0.375257088887906,-1.28583159967424
13.888,0.378810981177865,-1.30220872627715
13.89,0.379297230242531,-1.31949792136233
13.892,0.382066895730188,-1.33476258870302
13.894,0.379517773088597,-1.33968992343559
13.896,0.386805833292115,-1.33337153758634
13.898,0.37020323976543,-1.32841124830382
13.9,0.364643184930511,-1.31190633276997
13.902,0.358421065024909,-1.29357575316959
13.904,0.364035505185381,-1.27077839335474
13.906,0.370825913736884,-1.25432467782887
13.908,0.372204129728276,-1.25369207259901
13.91,0.374002190993951,-1.25807473718504
13.912,0.381063555038131,-1.26447441574567
13.914,0.386754878165184,-1.28235644552206
13.916,0.383830688205205,-1.30258592013245
13.918,0.389309176973695,-1.31561591314566
13.92,0.397391166803122,-1.32516464479587
13.922,0.38883326140013,-1.32953107841389
13.924,0.388211984168013,-1.33025402641834
13.926,0.394316711650557,-1.32340527124058
13.928,0.396940774291579,-1.32509584945776
13.93,0.388831930785875,-1.32757071003735
13.932,0.391190442134188,-1.32913118317357
13.934,0.393846263602168,-1.33303524016273
13.936,0.391289022700859,-1.33075821632236
13.938,0.388224276734257,-1.32576895658649
13.94,0.38790624193148,-1.31263541244868
13.942,0.38037740834928,-1.31108641686732
13.944,0.376960205282497,-1.30534384560013
13.946,0.385258641965595,-1.30308642756031
13.948,0.375634154553972,-1.30749331986652
13.95,0.380995941190637,-1.30412291909081
13.952,0.38074774672619,-1.30830359459313
13.954,0.382392701201178,-1.32085659182551
13.956,0.395112479669314,-1.3130307008935
13.958,0.387183556940103,-1.33247773541206
13.96,0.395139501611319,-1.34432171226693
13.962,0.394754687581887,-1.33665404635121
13.964,0.388582824222048,-1.33103299017297
13.966,0.393061597666501,-1.31802324158316
13.968,0.388611370433721,-1.31409856370913
13.97,0.390731244483014,-1.30350863248761
13.972,0.384331303548395,-1.29123763509221
13.974,0.37903114453911,-1.28098731710026
13.976,0.364659926174459,-1.2795784746017
13.978,0.385788963676101,-1.26796627756549
13.98,0.396104129793666,-1.26594279098774
13.982,0.401865160617042,-1.26250781199759
13.984,0.395069133866488,-1.26731471404818
13.986,0.389228394184068,-1.28769661573798
13.988,0.396292715230314,-1.28926636933279
13.99,0.387698970759575,-1.28889229695156
13.992,0.386179727457303,-1.28208323719755
13.994,0.383558914900965,-1.26884108029658
13.996,0.380382173204214,-1.25980785223502
13.998,0.380680375472497,-1.24375740494779
14,0.378816243464821,-1.23008137436591
14.002,0.375517245194289,-1.21326606177091
14.004,0.377087500048032,-1.19268495064628
14.006,0.3816295977663,-1.17125371041973
14.008,0.386868326968746,-1.16147929802958
14.01,0.397434536878442,-1.16107829959807
14.012,0.405339781650072,-1.17760297216225
14.014,0.416659440796419,-1.19316687215726
14.016,0.418799711492097,-1.23144893852124
14.018,0.423583009424612,-1.25727008622173
14.02,0.424272491170115,-1.2804131151037
14.022,0.423546602039169,-1.29934494558768
14.024,0.431226144462535,-1.30868785895682
14.026,0.429137421840263,-1.31209396365951
14.028,0.440682851210193,-1.31088347653641
14.03,0.435756126352222,-1.31554037010767
14.032,0.435707571948267,-1.3149994224535
14.034,0.439359452743374,-1.31301862362642
14.036,0.441752708646467,-1.32671228953701
14.038,0.459775165628669,-1.33271091634824
14.04,0.478010751968416,-1.35997898604515
14.042,0.477683687507352,-1.38228725515005
14.044,0.473496083961127,-1.40615851173662
14.046,0.474515324903622,-1.42132571117803
14.048,0.47141043082386,-1.43485478094446
14.05,0.463122749046852,-1.44021708743772
14.052,0.451896095872006,-1.43027861084655
14.054,0.448673537666028,-1.40412219437348
14.056,0.442634065919138,-1.3838756842436
14.058,0.440613010913677,-1.36778316737216
14.06,0.448749013601339,-1.3465005565157
14.062,0.457491870268374,-1.32997135810571
14.064,0.461118302382064,-1.33131163635831
14.066,0.452127683750683,-1.3369191712378
14.068,0.449275274380367,-1.33639773057496
14.07,0.443887715580867,-1.34698722879409
14.072,0.437404956590221,-1.36742582733113
14.074,0.423973058404457,-1.37107149041746
14.076,0.407686775697749,-1.37366181310713
14.078,0.411413409421602,-1.3621308355255
14.08,0.411321389499243,-1.34782899820033
14.082,0.408462058629268,-1.34648921139035
14.084,0.402331064466874,-1.33904600362661
14.086,0.395744996076598,-1.33897624869818
14.088,0.394127202781212,-1.34676035007819
14.09,0.398991309424494,-1.35654651356042
14.092,0.403330146511675,-1.35194453099446
14.094,0.404788349335698,-1.34764498453563
14.096,0.37825648996638,-1.35360513839644
14.098,0.394525775571951,-1.33477465177837
14.1,0.392729645092657,-1.32213597781443
14.102,0.382514663289103,-1.31297571250391
14.104,0.379918184242864,-1.29870987770855
14.106,0.396144378626035,-1.27879946407222
14.108,0.385739292692011,-1.27487962142725
14.11,0.380327491359597,-1.27415455217699
14.112,0.37930005708277,-1.27673995605097
14.114,0.374812732710004,-1.27021210660806
14.116,0.364937667207861,-1.2694378490936
14.118,0.346595534527908,-1.2764156616006
14.12,0.358637548404113,-1.26656023934002
14.122,0.362289566401417,-1.24772152804625
14.124,0.368623122040839,-1.23268090488062
14.126,0.377030256937093,-1.20940613843149
14.128,0.391387166078688,-1.2028933365391
14.13,0.406784508685134,-1.20517058997853
14.132,0.416274537190284,-1.20555894629718
14.134,0.419493302681325,-1.19951818499331
14.136,0.425093209143523,-1.21738591800167
14.138,0.417537989530312,-1.21653102417994
14.14,0.410927834662299,-1.2371650881423
14.142,0.397729371704327,-1.24499299824109
14.144,0.398854544401647,-1.25006644189263
14.146,0.414566733489986,-1.25050511034236
14.148,0.412952447020017,-1.264185954229
14.15,0.413179250635474,-1.2842865276691
14.152,0.415005943462419,-1.29754644601661
14.154,0.404906397740455,-1.30578229748556
14.156,0.422831832348907,-1.30123150435506
14.158,0.400560474260367,-1.29328096104673
14.16,0.414871341868776,-1.28507727804617
14.162,0.419069946218001,-1.27954256213626
14.164,0.419838150487642,-1.27529907086169
14.166,0.422859455930516,-1.28656009398773
14.168,0.443455707495449,-1.28382830792033
14.17,0.443122971623671,-1.28774210531812
14.172,0.438075785277077,-1.27956236096012
14.174,0.445456020630907,-1.27615111563756
14.176,0.434792040236342,-1.28297920861246
14.178,0.459869155203986,-1.28184847764556
14.18,0.46022099635946,-1.29496354712057
14.182,0.459363599209985,-1.31122889924276
14.184,0.459108321948729,-1.33740845309477
14.186,0.460861344827588,-1.35706837962579
14.188,0.456349123005413,-1.3751859228947
14.19,0.449993923040606,-1.38790126237124
14.192,0.450439901725541,-1.40036114053084
14.194,0.441560444432999,-1.39995984767164
14.196,0.422201473404256,-1.41808745487108
14.198,0.435471735848447,-1.39257154563968
14.2,0.438202669579114,-1.39136004835302
14.202,0.435743383443334,-1.38791485046581
14.204,0.440561943102607,-1.38153803140388
14.206,0.450895506275939,-1.36845832128205
14.208,0.434261695031168,-1.36833047240502
14.21,0.439626886383483,-1.36290008451016
14.212,0.444177569606869,-1.36725755730115
14.214,0.44172580201936,-1.37710057941579
14.216,0.428115102659238,-1.38848938486671
14.218,0.437167026431877,-1.39503918427832
14.22,0.434303518315765,-1.40706790203735
14.222,0.435387745974239,-1.41330273649786
14.224,0.429467963268206,-1.41959189382585
14.226,0.423383465221632,-1.43280092466975
14.228,0.422792950760551,-1.43409541315555
14.23,0.426615919835281,-1.44037999162346
14.232,0.427999818376199,-1.44801506177804
14.234,0.418665595898658,-1.4404273225563
14.236,0.407980442453881,-1.42936757514872
14.238,0.405198899788851,-1.40776165644059
14.24,0.407560515416874,-1.37857526026636
14.242,0.413069832259756,-1.36242695691199
14.244,0.413324638103886,-1.35812609383807
14.246,0.402370922010501,-1.34223362467269
14.248,0.388152269020272,-1.30773922854236
14.25,0.385244401141342,-1.28250758736017
14.252,0.400102225813004,-1.25784812266821
14.254,0.417911062807514,-1.26575829508497
14.256,0.42438443746827,-1.29121806294943
14.258,0.418011541342297,-1.31014768418559
14.26,0.422634467874576,-1.33802427860429
14.262,0.415977962030319,-1.35910313169565
14.264,0.414095770135572,-1.38695511990471
14.266,0.406485636183906,-1.41160192279982
14.268,0.411375044490668,-1.41692523155473
14.27,0.413251796915903,-1.42810446708527
14.272,0.410483029396433,-1.43306154050701
14.274,0.399088700610856,-1.42592424980038
14.276,0.404600308609148,-1.42130410241015
14.278,0.414546410301976,-1.42562387198276
14.28,0.411332881366886,-1.42691181917389
14.282,0.397779133107139,-1.43707861432279
14.284,0.395994453657049,-1.42863935226234
14.286,0.393031392784333,-1.43571385496059
14.288,0.391332442333911,-1.42182535168814
14.29,0.396789144119109,-1.39724476448685
14.292,0.399137547663277,-1.38147072365691
14.294,0.405673829628019,-1.36454350238673
14.296,0.410673235300746,-1.33780559691963
14.298,0.408293206198667,-1.31816410173354
14.3,0.413797623693184,-1.30341822043531
14.302,0.422331028185203,-1.30226837293779
14.304,0.420188070091332,-1.29567039375916
14.306,0.421677883053586,-1.29497374312979
14.308,0.409674574099529,-1.30439526500177
14.31,0.410117996734931,-1.30965494985833
14.312,0.408682470019545,-1.31308399673644
14.314,0.408205041602801,-1.31092820537868
14.316,0.420635211884429,-1.30563056795913
14.318,0.43265725123231,-1.31095998836197
14.32,0.433970622138783,-1.30909812047535
14.322,0.431244370233671,-1.32199400368195
14.324,0.434923619668925,-1.32873722273832
14.326,0.436251369565166,-1.33350358597897
14.328,0.449497999597336,-1.3370113100022
14.33,0.443787231629732,-1.34707819631272
14.332,0.446888394607439,-1.36049309006361
14.334,0.454998177277599,-1.37302054155877
14.336,0.449491976579102,-1.38273215422986
14.338,0.443884316393257,-1.39981792820681
14.34,0.435145554908183,-1.40749380036636
14.342,0.429711568712917,-1.40752283301713
14.344,0.416269467009461,-1.41561260824452
14.346,0.41325903971498,-1.41617255324611
14.348,0.41180555020048,-1.42196969355847
14.35,0.404581920102782,-1.42059503904664
14.352,0.400399234656075,-1.40515982479393
14.354,0.410664060398365,-1.38329589679518
14.356,0.412363546649083,-1.37263774756197
14.358,0.402298085124111,-1.36891234389801
14.36,0.400842591742503,-1.36362863695484
14.362,0.401492419339692,-1.36264510199766
14.364,0.40663479694706,-1.37062320500109
14.366,0.417260286026952,-1.38534304322386
14.368,0.427913084600098,-1.39867876057095
14.37,0.431291940403579,-1.41184868602858
14.372,0.429311457998454,-1.42430686542924
14.374,0.433289692362171,-1.42288284673984
14.376,0.428193603000054,-1.408238022057
14.378,0.430018451800342,-1.40248517781016
14.38,0.425974310222497,-1.38321651700365
14.382,0.423399976310097,-1.35254627152883
14.384,0.422806598849548,-1.32440303620603
14.386,0.427659214497454,-1.2962201232989
14.388,0.43562203224255,-1.26199465732397
14.39,0.433519925581989,-1.24961314981299
14.392,0.444282231429957,-1.24204828615827
14.394,0.444624644214656,-1.2432793247432
14.396,0.473109422786082,-1.24074364198049
14.398,0.465631457066291,-1.27860584111257
14.4,0.466467434832632,-1.30410136613751
14.402,0.465637782999051,-1.33662474387837
14.404,0.459192056054993,-1.34911511259052
14.406,0.454951523457442,-1.36327837160649
14.408,0.448764029191982,-1.34969161975078
14.41,0.451730620384998,-1.33388541833638
14.412,0.445855791479297,-1.32117853803206
14.414,0.438950636071751,-1.30862484031619
14.416,0.439927766375698,-1.28460123673135
14.418,0.442268470426892,-1.28268865035027
14.42,0.445030058589786,-1.28428230691858
14.422,0.452569838583393,-1.30020980412524
14.424,0.449120128672823,-1.32290327384639
14.426,0.443230750244271,-1.34506581748622
14.428,0.44580014973096,-1.36993285729234
14.43,0.441935037627679,-1.39369832767733
14.432,0.440084167339261,-1.41406053518598
14.434,0.441638790654027,-1.43077698772598
14.436,0.429643335368141,-1.43617580707354
14.438,0.436632431185618,-1.43468208738653
14.44,0.442238965176622,-1.42421294963441
14.442,0.448403642467985,-1.40917781518235
14.444,0.455909772902476,-1.40124907979842
14.446,0.460817246079456,-1.40203591292289
14.448,0.467225316410562,-1.40550381789602
14.45,0.473448038965031,-1.41736358261775
14.452,0.479966659195957,-1.43289638036596
14.454,0.479454296797169,-1.44810651718516
14.456,0.457447611761653,-1.4755772599529
14.458,0.474673793564738,-1.47694880046766
14.46,0.469543099622213,-1.48600376875268
14.462,0.463138414374474,-1.48021207424908
14.464,0.455878875830423,-1.46857068039138
14.466,0.441895752772459,-1.45762247719063
14.468,0.440471195348379,-1.4428304576433
14.47,0.444573241963361,-1.43632127290419
14.472,0.449255871837479,-1.43519880095766
14.474,0.449015110301507,-1.43632760516409
14.476,0.448389031977327,-1.44837397852518
14.478,0.449648542661211,-1.44899746988674
14.48,0.446967530212983,-1.44849327776945
14.482,0.445204149623907,-1.44175126151127
14.484,0.445055349814057,-1.43331703515477
14.486,0.444516979716313,-1.4347851019496
14.488,0.448499954767197,-1.42933548290329
14.49,0.441880745915835,-1.41914937424487
14.492,0.432626433474828,-1.40591150955579
14.494,0.423769514568704,-1.38776995616487
14.496,0.415884883184451,-1.37303051089706
14.498,0.423559181102735,-1.36668911217511
14.5,0.415542730170883,-1.36178339962445
14.502,0.418521087806458,-1.3648569442232
14.504,0.410664342660257,-1.35102349302735
14.506,0.406502157601968,-1.33759871878283
14.508,0.398268675253628,-1.32806125926719
14.51,0.388292913678366,-1.31509301622139
14.512,0.378807321753859,-1.29245994691346
14.514,0.372640101312612,-1.2714995249488
14.516,0.382988889909283,-1.24624309664251
14.518,0.368060274787138,-1.26062133188769
14.52,0.36355252260634,-1.26308980785769
14.522,0.36437733656891,-1.25774601419593
14.524,0.358884732800059,-1.24402247237609
14.526,0.356943853310214,-1.22110867318634
14.528,0.364645896990686,-1.21541300785369
14.53,0.366810471921459,-1.21313433080145
14.532,0.364251015597328,-1.20511960533407
14.534,0.357618967598864,-1.18661212823556
14.536,0.34081706553034,-1.16965010685367
14.538,0.358528496563059,-1.15931522298715
14.54,0.356472889778958,-1.15774507359205
14.542,0.362268042423097,-1.1616624018649
14.544,0.362963501406831,-1.16359876185594
14.546,0.361907192381328,-1.16744675722984
14.548,0.369257349972278,-1.18991464731686
14.55,0.37021791901569,-1.205540749969
14.552,0.371556536166086,-1.22416759142601
14.554,0.374971116011469,-1.22825558279125
14.556,0.368116646311752,-1.24484621251846
14.558,0.378820621723264,-1.24611813131877
14.56,0.380083752635824,-1.24584478427306
14.562,0.385082074787378,-1.23866348143678
14.564,0.39169849526564,-1.2309810598735
14.566,0.398340144716331,-1.21705738433401
14.568,0.415469845439844,-1.21527543892552
14.57,0.422317752409454,-1.21318040044765
14.572,0.426514854538753,-1.23619334866832
14.574,0.42634557769634,-1.26231367168044
14.576,0.424160310258489,-1.28329466341974
14.578,0.424983411596843,-1.30568475961305
14.58,0.429113072241143,-1.32391904281843
14.582,0.433069016851801,-1.33679394440932
14.584,0.433638019395748,-1.35179064431002
14.586,0.436101785926363,-1.35597569365627
14.588,0.427472580942334,-1.36533819046264
14.59,0.416263195220267,-1.35226849719875
14.592,0.412575908680029,-1.34356863245631
14.594,0.406462976334994,-1.33811880707515
14.596,0.379760642181214,-1.34430299945713
14.598,0.389334860021285,-1.33821298430976
14.6,0.38555578928748,-1.35276945676808
14.602,0.383799794589553,-1.3615174464206
14.604,0.383642681921756,-1.37790336661639
14.606,0.371830466293521,-1.38715773105787
14.608,0.380107542033425,-1.3800145011325
14.61,0.382471416434856,-1.36978481101961
14.612,0.38262761724833,-1.36012041010298
14.614,0.380287817879924,-1.34655028063135
14.616,0.389703166599515,-1.33126087892296
14.618,0.38077405262516,-1.32311119514089
14.62,0.379623943519066,-1.31307773283576
14.622,0.382590549442881,-1.31337743299941
14.624,0.384349404448131,-1.31099327700938
14.626,0.395316011508338,-1.30514147592081
14.628,0.389782637522016,-1.32375594146912
14.63,0.393156091577453,-1.33745648109044
14.632,0.395385271207501,-1.34926522962792
14.634,0.401053519796538,-1.35976569246733
14.636,0.39924337982875,-1.37519985453522
14.638,0.40168289177077,-1.38000652778704
14.64,0.394036857311857,-1.37679693640035
14.642,0.388817033894224,-1.36734314974027
14.644,0.38337454134165,-1.35699972684628
14.646,0.386007945135165,-1.35069750398001
14.648,0.373482825472261,-1.3504503033495
14.65,0.371085701267902,-1.33494023364557
14.652,0.377087097064728,-1.32528961110715
14.654,0.381936596578646,-1.32365056866013
14.656,0.403046126078508,-1.32588562976296
14.658,0.4084010215805,-1.32153344745673
14.66,0.416332339670692,-1.33351937647679
14.662,0.420780810712788,-1.34051862818954
14.664,0.423489584232757,-1.34887294010785
14.666,0.427871256307975,-1.35917638776616
14.668,0.436489067903246,-1.37336501102711
14.67,0.438365159821073,-1.39572565138086
14.672,0.433823110443537,-1.40569051148342
14.674,0.43086588501685,-1.41685424897734
14.676,0.428144439798553,-1.42978446026296
14.678,0.426367732761297,-1.43004922520316
14.68,0.423465772537694,-1.42053766310603
14.682,0.415838931878991,-1.41413567350862
14.684,0.414223873454176,-1.40304276301076
14.686,0.404782655823989,-1.38562240083948
14.688,0.401556434421191,-1.37268497130127
14.69,0.39341679360617,-1.35966286183439
14.692,0.39520695387023,-1.34521584272807
14.694,0.388080943778186,-1.34297666483392
14.696,0.382378172425715,-1.31925043793981
14.698,0.388428393860085,-1.32166086622618
14.7,0.380910975715628,-1.32356387879309
14.702,0.377792168880033,-1.32474083475588
14.704,0.38061664107273,-1.32508235586626
14.706,0.379755145304841,-1.32270140485825
14.708,0.385110947110441,-1.34416121962093
14.71,0.385181982002612,-1.35583991114042
14.712,0.377846582122761,-1.35474409891798
14.714,0.370873808167655,-1.34689983195993
14.716,0.373304800743394,-1.32209573900263
14.718,0.360866277617759,-1.31092889820354
14.72,0.355592031983473,-1.28611503729567
14.722,0.351171931801047,-1.2501407758584
14.724,0.358140303293056,-1.23110562838933
14.726,0.356750290138181,-1.21174735581889
14.728,0.355791510557606,-1.20684949894392
14.73,0.360302817188133,-1.20386379582824
14.732,0.362458149555349,-1.22641123866901
14.734,0.369120046872523,-1.25525323415673
14.736,0.390329724661372,-1.28316793666106
14.738,0.390704314498959,-1.31202629231125
14.74,0.393835028874482,-1.33218969023964
14.742,0.396413762385482,-1.34328630563707
14.744,0.399040328457898,-1.34436200140172
14.746,0.398259482029394,-1.34685230340012
14.748,0.387997816092368,-1.33942168582045
14.75,0.38772974767634,-1.3214967579024
14.752,0.381628767250698,-1.30161637229852
14.754,0.378635671773112,-1.28593521533632
14.756,0.398311495323578,-1.26992875574661
14.758,0.383505268517775,-1.27660489908707
14.76,0.384904958955511,-1.28285961076801
14.762,0.391118489818759,-1.2954447655604
14.764,0.402293609567383,-1.31813403733613
14.766,0.412230000116734,-1.35143620062826
14.768,0.40197743044962,-1.37265981303769
14.77,0.401853257931543,-1.38779381495778
14.772,0.410620697458461,-1.40029047275741
14.774,0.410027763590542,-1.39565659591257
14.776,0.390880055328033,-1.39429190287681
14.778,0.390849355504532,-1.37696348655436
14.78,0.385481600617742,-1.35217304412881
14.782,0.382331471073728,-1.33779430853075
14.784,0.380646559094774,-1.32948576640386
14.786,0.378127540999339,-1.3200628106586
14.788,0.371628471006612,-1.3112926546618
14.79,0.370372340944483,-1.30648332523624
14.792,0.371089726671884,-1.30782496805765
14.794,0.385111212817554,-1.31499480693916
14.796,0.390675617835597,-1.32328157152428
14.798,0.394127707507031,-1.31527537212356
14.8,0.40160948388952,-1.31979159642907
14.802,0.411130846344797,-1.3155767051408
14.804,0.413685645028508,-1.31484393606367
14.806,0.413493427983537,-1.3186065372539
14.808,0.413509992221681,-1.32912280917299
14.81,0.416618079873152,-1.33360212863257
14.812,0.409662018447987,-1.34377767749222
14.814,0.41205234806341,-1.34546056794879
14.816,0.408230925444161,-1.35701852843036
14.818,0.406054884848603,-1.36620645480864
14.82,0.404595236926314,-1.36931267420917
14.822,0.402369903669836,-1.37403494686014
14.824,0.403364110324768,-1.37046064229108
14.826,0.400145548670907,-1.36997450319801
14.828,0.402664228563527,-1.36462321765479
14.83,0.406907745652225,-1.36401560626716
14.832,0.410082125588207,-1.36196498378224
14.834,0.408885538025346,-1.35262768509253
14.836,0.408215347853535,-1.36361071835842
14.838,0.413859395230789,-1.36458336971577
14.84,0.420625744748141,-1.37849184757474
14.842,0.417647805932249,-1.38056329539718
14.844,0.418757580861286,-1.37696048080259
14.846,0.414683856764022,-1.36737390190358
14.848,0.41533184443005,-1.3636350174398
14.85,0.416078222799791,-1.35726750909394
14.852,0.414169141203263,-1.35751221079258
14.854,0.414051550687833,-1.36508811092546
14.856,0.408915366726039,-1.36754787223077
14.858,0.412348879762654,-1.37603314064826
14.86,0.4134371434145,-1.3732571585802
14.862,0.421815008226947,-1.38319621444398
14.864,0.421727410764034,-1.3843783450431
14.866,0.41791411306906,-1.37979879961903
14.868,0.434534156387972,-1.37593288431636
14.87,0.437009321060425,-1.37454355603384
14.872,0.432889486619874,-1.37933264660758
14.874,0.436018961560602,-1.3814853991928
14.876,0.44116897722694,-1.38179051607451
14.878,0.431725478501857,-1.39673848949709
14.88,0.42238344165797,-1.39907048353657
14.882,0.419310529686744,-1.40704445608169
14.884,0.413952207864058,-1.40697791687805
14.886,0.415795780641462,-1.40266720742084
14.888,0.398705305252146,-1.39640330574868
14.89,0.388380433107503,-1.38268818878061
14.892,0.3834494948683,-1.35402273441992
14.894,0.3764682175841,-1.32890810115462
14.896,0.398139079905026,-1.29090048811689
14.898,0.40207952215541,-1.27582956169816
14.9,0.395615074179955,-1.25261400004024
14.902,0.385603127974145,-1.24440416756973
14.904,0.378583076018489,-1.22665948307883
14.906,0.366557685037337,-1.22420109034065
14.908,0.380367715125052,-1.22228507866441
14.91,0.387739588167639,-1.23920718870433
14.912,0.385242210847844,-1.2724646983183
14.914,0.384791224188,-1.3007134229606
14.916,0.38753547580586,-1.31917748559283
14.918,0.378530207699219,-1.33124614387669
14.92,0.377204286654782,-1.33227030004747
14.922,0.37553666424237,-1.3267886057799
14.924,0.375993008663144,-1.32995471350114
14.926,0.380658395636953,-1.32277788923995
14.928,0.37610624066849,-1.31712106851898
14.93,0.374313453680235,-1.31575465973511
14.932,0.384065654773887,-1.30813126593037
14.934,0.375788184435512,-1.30728797598601
14.936,0.391527639564078,-1.29489194779782
14.938,0.394158328175994,-1.29987303484274
14.94,0.407347926882768,-1.30224421849505
14.942,0.414592902771925,-1.31949509316304
14.944,0.415887055745567,-1.33254244692645
14.946,0.412487166917824,-1.35049437415938
14.948,0.414253372021824,-1.35371101328598
14.95,0.40548832991638,-1.35348370345418
14.952,0.397217993685847,-1.35943516864565
14.954,0.399996567333074,-1.35458471573534
14.956,0.374310288395657,-1.35871217366849
14.958,0.393557989323556,-1.34016234955225
14.96,0.39842956205788,-1.33047553995434
14.962,0.391468686725332,-1.32574612606817
14.964,0.391443736423205,-1.3185353546109
14.966,0.392194847797131,-1.31287077559243
14.968,0.386749010583165,-1.29558409414591
14.97,0.392601072980223,-1.28843632811348
14.972,0.395326476979485,-1.28097006465967
14.974,0.413636157425369,-1.28451134956326
14.976,0.422408867445696,-1.29393027545606
14.978,0.428269291984191,-1.31504195786332
14.98,0.42320854650489,-1.33780072359409
14.982,0.428186238227605,-1.3638812511841
14.984,0.441723374811433,-1.3869188399602
14.986,0.44323691088198,-1.42718728838143
14.988,0.449511406993672,-1.44478829243952
14.99,0.452539401155986,-1.46025163498195
14.992,0.448810653396342,-1.45595191348583
14.994,0.449431311290995,-1.43948824355233
14.996,0.431037836674915,-1.42037603110866
14.998,0.440274291308354,-1.38616904278501
15,0.440281135840639,-1.3498127378135
15.002,0.442870746000552,-1.32784181887099
15.004,0.451062929524127,-1.31087778441943
15.006,0.454372937407685,-1.31756718892518
15.008,0.462149248556248,-1.33228774165333
15.01,0.45769439947831,-1.35818612339689
15.012,0.461401776779873,-1.38783112639502
15.014,0.461469895756535,-1.4156096480234
15.016,0.460655686263664,-1.4524856772201
15.018,0.46102514146303,-1.45101791648579
15.02,0.448413429351212,-1.45437988967057
15.022,0.43610765290853,-1.43845534192367
15.024,0.425044649361325,-1.41693843836198
15.026,0.430101933737824,-1.38050766604341
15.028,0.424567195610754,-1.37921209191462
15.03,0.411971163729523,-1.38050528126011
15.032,0.40089567155915,-1.39168882677442
15.034,0.39334766766389,-1.39480003044821
15.036,0.40566458079704,-1.41066948685493
15.038,0.394360083350599,-1.43278064382542
15.04,0.400218977406353,-1.45061641597702
15.042,0.408118362708449,-1.46546421648768
15.044,0.409405056325953,-1.48060051370563
15.046,0.409696770573542,-1.49655174185401
15.048,0.40949823444544,-1.49279590264204
15.05,0.400625579490765,-1.48407715976376
15.052,0.397669022319892,-1.46469683195116
15.054,0.394954531488496,-1.43702450152224
15.056,0.392402563849185,-1.41734818611115
15.058,0.37880756297684,-1.38916122890908
15.06,0.370502179432168,-1.3643992534516
15.062,0.380225270874392,-1.33641039735527
15.064,0.377141291623428,-1.31133307743016
15.066,0.383252708694064,-1.31438461555596
15.068,0.396386501047659,-1.31272415225075
15.07,0.402128281263085,-1.32814194306963
15.072,0.402470004023593,-1.34171740577008
15.074,0.404690977627509,-1.36094834341361
15.076,0.394656611680764,-1.37820895906801
15.078,0.407420647024738,-1.38400857130241
15.08,0.408888700623632,-1.38523488011007
15.082,0.405003821282396,-1.38824384320173
15.084,0.40271731699875,-1.392016451263
15.086,0.395244518676134,-1.39348841216848
15.088,0.400423076326968,-1.38689075810719
15.09,0.401379596114643,-1.38010061454386
15.092,0.398551890239547,-1.37722916904423
15.094,0.390402431242159,-1.37623078563281
15.096,0.387779332822275,-1.37495806105561
15.098,0.378472274677991,-1.37039628468991
15.1,0.382721295279939,-1.3624177796404
15.102,0.379542612916777,-1.36752023667403
15.104,0.384545071921285,-1.36603592592303
15.106,0.387729531739725,-1.36354169235704
15.108,0.384587933450754,-1.36112508911846
15.11,0.388733855254323,-1.35290336448062
15.112,0.392701944395391,-1.35039278540988
15.114,0.396570013894413,-1.34648075998862
15.116,0.392955058199163,-1.33651746484328
15.118,0.392815424678758,-1.33427622868859
15.12,0.390313078030104,-1.32868005965124
15.122,0.390021133290584,-1.32800639106968
15.124,0.391237065953732,-1.33544353412955
15.126,0.399823046976056,-1.33540268849825
15.128,0.401631854491843,-1.33722821503621
15.13,0.40392664493398,-1.34345058845518
15.132,0.407637570514355,-1.34652049785806
15.134,0.409440683109704,-1.35707968454675
15.136,0.405754546761502,-1.35737136633961
15.138,0.400703926831746,-1.36300536021814
15.14,0.405509922129292,-1.3582990432169
15.142,0.406675793935337,-1.36141075020397
15.144,0.412997998503562,-1.35866074212279
15.146,0.405717584226495,-1.35976440473501
15.148,0.395711008968337,-1.35151703428029
15.15,0.387743651586323,-1.3514248897753
15.152,0.378513348847065,-1.35424887378729
15.154,0.372012302154606,-1.34461019822857
15.156,0.364874874795901,-1.32518530933606
15.158,0.361453014833269,-1.31579354027147
15.16,0.360614021739747,-1.30646132093952
15.162,0.353209564247542,-1.28871359753484
15.164,0.354762242962497,-1.27792140697859
15.166,0.357293999727749,-1.26970501606717
15.168,0.361776900668666,-1.26267629762413
15.17,0.360716184441397,-1.26407694030095
15.172,0.361080969596548,-1.2687868949832
15.174,0.368888751043639,-1.26932426167291
15.176,0.362727165836029,-1.29984742584613
15.178,0.379462300597101,-1.31528298302633
15.18,0.37720206198579,-1.33824359424781
15.182,0.377410232821673,-1.35648394412825
15.184,0.380772996756706,-1.37036937053634
15.186,0.380036038608941,-1.37283705422208
15.188,0.371064182380089,-1.36322618787472
15.19,0.359573404164861,-1.34869564325361
15.192,0.355792218642352,-1.32545030514241
15.194,0.357540616669555,-1.30332871961531
15.196,0.366483854994809,-1.2855320918603
15.198,0.367215184611421,-1.28293140228794
15.2,0.362879916428656,-1.27763155322238
15.202,0.362361357739697,-1.26810512116006
15.204,0.378467584317062,-1.26755609792613
15.206,0.381243206464056,-1.27351486738131
15.208,0.396381021657566,-1.28113085955053
15.21,0.400147548805732,-1.28063423427059
15.212,0.409883483385571,-1.27245574054165
15.214,0.418756841220915,-1.26856663692135
15.216,0.454023826545841,-1.25501617345268
15.218,0.443106811937341,-1.29141393471719
15.22,0.440341436368657,-1.30768518129316
15.222,0.4415391822871,-1.31482938851854
15.224,0.451577809926459,-1.32458748538904
15.226,0.440153347907757,-1.34028818543779
15.228,0.450242308132074,-1.33931950014968
15.23,0.458238697743044,-1.34029096707176
15.232,0.460931435204201,-1.35080200011791
15.234,0.455107633606979,-1.36886377109279
15.236,0.460630826944815,-1.37252547397394
15.238,0.454850015259007,-1.38827503832422
15.24,0.460227388746474,-1.39373132993996
15.242,0.460249518828644,-1.39467796222702
15.244,0.45634601656985,-1.39574812588674
15.246,0.453411718448873,-1.39820894219113
15.248,0.439864349333168,-1.39614345248563
15.25,0.43065437866568,-1.38339542949684
15.252,0.422365164208775,-1.37831503687527
15.254,0.425272345946776,-1.37549626916065
15.256,0.417009038829931,-1.38440934531402
15.258,0.433954554451494,-1.38709537047607
15.26,0.440184727433631,-1.39352071722848
15.262,0.445292729167338,-1.40522005650871
15.264,0.448491483613535,-1.416404506256
15.266,0.442439888719119,-1.43201312046142
15.268,0.444667130598296,-1.43550038993094
15.27,0.440764629141286,-1.43567748938349
15.272,0.437519771189732,-1.43280611722366
15.274,0.425304602925172,-1.43272294646991
15.276,0.426116740888445,-1.42826983675973
15.278,0.417875205458722,-1.43818473577266
15.28,0.422941296390544,-1.43987861785486
15.282,0.426381073906446,-1.43632168388403
15.284,0.430734450467438,-1.44057606911532
15.286,0.405574526984619,-1.44964871597575
15.288,0.410195999728325,-1.44472555999055
15.29,0.404442614319032,-1.43120329765856
15.292,0.398903665720837,-1.4173959068423
15.294,0.388284488844769,-1.39874987764618
15.296,0.382817325945592,-1.3775534980877
15.298,0.380658657337929,-1.353783967773
15.3,0.3780374292312,-1.34348469517497
15.302,0.386458793282213,-1.32949592490438
15.304,0.388602449850452,-1.32491804731112
15.306,0.39743833381529,-1.32934314175441
15.308,0.401488524300555,-1.3282796190098
15.31,0.405334515691565,-1.33807676493191
15.312,0.404517594045059,-1.34452371262819
15.314,0.403776060495467,-1.35237145174314
15.316,0.417496264427189,-1.34394793871628
15.318,0.41145150640532,-1.34993152158672
15.32,0.402935875140158,-1.35021103103108
15.322,0.397946227994696,-1.34555568626291
15.324,0.386883290473975,-1.32841682557693
15.326,0.385165605766853,-1.31089402510103
15.328,0.376555721216678,-1.30289133877642
15.33,0.385375810439555,-1.30302018063781
15.332,0.383895151330867,-1.3120922347569
15.334,0.368175264575809,-1.32505333327073
15.336,0.377097397570124,-1.34125595714282
15.338,0.365983952473872,-1.35622939070616
15.34,0.363713665358832,-1.35913338342182
15.342,0.360796047929976,-1.36474401415103
15.344,0.359774258891225,-1.34911825291532
15.346,0.361217771182124,-1.32989232703766
15.348,0.355431283556888,-1.32266682991114
15.35,0.361830184829846,-1.30965494309029
15.352,0.360186977616481,-1.30149152003452
15.354,0.362703652620657,-1.29775622547402
15.356,0.35282783755036,-1.3031476626627
15.358,0.371565660056851,-1.30451995207085
15.36,0.367220321187489,-1.31637548052886
15.362,0.368165730972868,-1.33149215893002
15.364,0.365383368565571,-1.3384870587406
15.366,0.361833973319501,-1.34972306454493
15.368,0.361947410860606,-1.35731218253502
15.37,0.3592130495069,-1.3722900267096
15.372,0.359780287258565,-1.3842360726169
15.374,0.358600123932288,-1.38401665228686
15.376,0.361768619923805,-1.38544961864442
15.378,0.368095200970835,-1.37638606988398
15.38,0.363473601175267,-1.36603067375402
15.382,0.368010422392133,-1.35207881293018
15.384,0.368392728007863,-1.32758384438752
15.386,0.370790109016934,-1.30531013386142
15.388,0.37853865656436,-1.29542658302943
15.39,0.377532951883444,-1.29384099016092
15.392,0.383819739193806,-1.29402109016343
15.394,0.392308817232454,-1.29557646881378
15.396,0.407140864330926,-1.29890578158021
15.398,0.403169180631341,-1.32984594615701
15.4,0.402351882165936,-1.34790692578174
15.402,0.398726322497244,-1.36305528854117
15.404,0.3991420179584,-1.36626496203479
15.406,0.392630216982226,-1.36801675293597
15.408,0.389984949212599,-1.35952653361299
15.41,0.384343829439407,-1.33951721043436
15.412,0.378322837659273,-1.31530105363311
15.414,0.379597478005892,-1.28069853862928
15.416,0.364894371473008,-1.26044707275636
15.418,0.379498198974303,-1.23796934452632
15.42,0.387899212456968,-1.22956739606824
15.422,0.401510330770902,-1.23630887219617
15.424,0.407945857426587,-1.25820966226739
15.426,0.413733125792242,-1.28979613079425
15.428,0.407524885238867,-1.32098719860112
15.43,0.407942038063316,-1.34156277038325
15.432,0.405390364591431,-1.35679345724923
15.434,0.406787061445848,-1.36269647576993
15.436,0.389361129279203,-1.37407716738468
15.438,0.406381048992301,-1.36056291247093
15.44,0.394698523068905,-1.34764719750903
15.442,0.392459743591355,-1.32616233738925
15.444,0.383618320477396,-1.31079573940642
15.446,0.390466125475103,-1.29390302125113
15.448,0.378466993068062,-1.28936357750274
15.45,0.378947299684907,-1.28240721164091
15.452,0.387111898767903,-1.28845436259329
15.454,0.383436276421566,-1.30253499821159
15.456,0.369950254499028,-1.32048253246341
15.458,0.38455255386182,-1.32219808081944
15.46,0.391770319648042,-1.33826418370738
15.462,0.391551093486966,-1.35117606916002
15.464,0.386744345210648,-1.36184177540892
15.466,0.381260016849415,-1.36191826619013
15.468,0.383505583330306,-1.36192019933358
15.47,0.387018034181671,-1.35103118182785
15.472,0.381468212782934,-1.338817045919
15.474,0.371934651363151,-1.3352701119079
15.476,0.348223914013839,-1.33436921986003
15.478,0.37705025861253,-1.30162042878774
15.48,0.385402967698425,-1.28986535791481
15.482,0.396470452416021,-1.29013682720848
15.484,0.39192157640186,-1.29097768744855
15.486,0.403386670676167,-1.28908840446426
15.488,0.401542764038012,-1.28839788408812
15.49,0.4137750578469,-1.29566048483422
15.492,0.415045643536547,-1.31330560892767
15.494,0.40897076008821,-1.3191401065221
15.496,0.384460875013032,-1.32854809110914
15.498,0.394174157173398,-1.32042613575237
15.5,0.394447660392205,-1.3125319993924
15.502,0.397264094877423,-1.30663500598052
15.504,0.399352496636919,-1.29244822966852
15.506,0.397434840373101,-1.2842868131738
15.508,0.410467540360633,-1.27358561833964
15.51,0.406959169011346,-1.26819858313629
15.512,0.41268248059024,-1.26743637846564
15.514,0.421095064731261,-1.27392257398168
15.516,0.434016348221669,-1.28190986781199
15.518,0.436034047697282,-1.28463733140246
15.52,0.441997143929573,-1.28968498518519
15.522,0.449212292389855,-1.29096665310581
15.524,0.464570161229148,-1.28595343746863
15.526,0.467759662671805,-1.28734075170313
15.528,0.467652577150886,-1.28661165444724
15.53,0.467164941012776,-1.28152021101062
15.532,0.458748251017255,-1.27498522174072
15.534,0.455739790718882,-1.26577797148726
15.536,0.455263576388743,-1.27048099900251
15.538,0.456238499246896,-1.27677617442831
15.54,0.46506709083547,-1.30598428631773
15.542,0.455762132645739,-1.33184005268382
15.544,0.459523341605936,-1.36059607769031
15.546,0.45528208659512,-1.38405065894258
15.548,0.459559652435154,-1.3994954708302
15.55,0.446309104149928,-1.4053142337916
15.552,0.438513608738497,-1.3863908289772
15.554,0.439403977575202,-1.35601051845424
15.556,0.455628709776566,-1.31477910412807
15.558,0.449887355917782,-1.30906995622858
15.56,0.464150330818444,-1.2925827205633
15.562,0.471428714888344,-1.28045728043959
15.564,0.480471250216466,-1.28405614379582
15.566,0.48804576851745,-1.31444928971501
15.568,0.486100965858479,-1.33829236719931
15.57,0.476157535794267,-1.37776543219924
15.572,0.472192357819237,-1.38919672512429
15.574,0.468842258486221,-1.39543423206713
15.576,0.472461120358883,-1.41011221443284
15.578,0.479722178029144,-1.41929307322955
15.58,0.481177198028306,-1.43669160881562
15.582,0.480076040670066,-1.44247858602842
15.584,0.481320095904766,-1.44666725379329
15.586,0.475169087646352,-1.44721161047626
15.588,0.470699019422221,-1.43871095620216
15.59,0.472897733024466,-1.43427467387096
15.592,0.468036878449804,-1.43881378365384
15.594,0.462979884564271,-1.43834994253011
15.596,0.463589991955747,-1.43826580903845
15.598,0.454277400362235,-1.45398731245751
15.6,0.444856462025788,-1.46846677968488
15.602,0.449014000816727,-1.48121991355453
15.604,0.440147793258456,-1.50091673308604
15.606,0.429546362957934,-1.49357097522792
15.608,0.427753470919451,-1.48599884525256
15.61,0.416090176884406,-1.46961181434875
15.612,0.39688247317495,-1.44034138878955
15.614,0.395810510200288,-1.40029445686107
15.616,0.384056892561759,-1.36580159574073
15.618,0.40372566938633,-1.3159142382607
15.62,0.416789757976068,-1.2973210529936
15.622,0.426304851834082,-1.29293084754359
15.624,0.441281860298932,-1.31308689789689
15.626,0.450030053972633,-1.34718227367351
15.628,0.444812774138744,-1.38920797136026
15.63,0.445514994360854,-1.42612874793469
15.632,0.453269199245427,-1.45905429834754
15.634,0.457642834837379,-1.48778173424189
15.636,0.457325782332117,-1.49995582434645
15.638,0.445060814310746,-1.5045108739956
15.64,0.431446689511461,-1.49222000731543
15.642,0.422501635222193,-1.47036882286425
15.644,0.420054026337879,-1.43705533034635
15.646,0.41752865871596,-1.40099860011859
15.648,0.416048641221391,-1.37326323026592
15.65,0.411983502050714,-1.36218503814121
15.652,0.407522629929547,-1.36495694860954
15.654,0.399653441701704,-1.38100712787212
15.656,0.405327451943852,-1.40043541129814
15.658,0.409398691925478,-1.41807768797631
15.66,0.418063170063878,-1.44068843833526
15.662,0.419092178463116,-1.46222192988942
15.664,0.428041475154331,-1.47852570415632
15.666,0.422415334156273,-1.48388215048382
15.668,0.405563768089459,-1.46823526717499
15.67,0.390882745194863,-1.44338949430658
15.672,0.383976106287269,-1.40711211597759
15.674,0.379357531161351,-1.37555344365795
15.676,0.374075214353257,-1.34485624627077
15.678,0.379080448667073,-1.32155358835611
15.68,0.38299784974818,-1.31206933075584
15.682,0.381685892067502,-1.32233985888814
15.684,0.378493952170828,-1.32783333087198
15.686,0.371868756631875,-1.34783813197294
15.688,0.37622785580592,-1.35313077843463
15.69,0.375996959226324,-1.3596081117492
15.692,0.376883567134279,-1.36300954342154
15.694,0.372903374520566,-1.34306253976132
15.696,0.361507353152131,-1.33418437489352
15.698,0.378953632740923,-1.31680088110733
15.7,0.378960892412316,-1.30090103127509
15.702,0.384374982125369,-1.28445486910877
15.704,0.384213656875892,-1.27811591649456
15.706,0.380028593134646,-1.26418861721311
15.708,0.375564996375836,-1.26277979894227
15.71,0.378155566861004,-1.25778203266302
15.712,0.376509871108529,-1.25674128011871
15.714,0.370319702938549,-1.26349915161809
15.716,0.37654844272227,-1.26585230850386
15.718,0.371637406165254,-1.2785339016138
15.72,0.364847451685696,-1.27954114352519
15.722,0.368167342717318,-1.28108134222116
15.724,0.379756331152338,-1.27370718728945
15.726,0.381682431700072,-1.26743241367724
15.728,0.370320271842885,-1.2595285028971
15.73,0.368431532351606,-1.23999663655688
15.732,0.373405610629521,-1.22568985886976
15.734,0.377180572145401,-1.22676214776325
15.736,0.37831229144134,-1.23768569723449
15.738,0.37886893944725,-1.24612460634552
15.74,0.370130606228699,-1.25640324671778
15.742,0.36606718800674,-1.26412389687784
15.744,0.370772332563332,-1.2632239357395
15.746,0.372036239034744,-1.28271535270078
15.748,0.388631623883489,-1.27879605422854
15.75,0.400232184656489,-1.2894455256186
15.752,0.406646257784107,-1.29940232488307
15.754,0.409736182509991,-1.3224637960944
15.756,0.424426482829483,-1.3272426435376
15.758,0.405246267604466,-1.35093833820133
15.76,0.397880347564789,-1.358445220121
15.762,0.39339711410186,-1.36305758638815
15.764,0.389981617188488,-1.36659678710088
15.766,0.380640678506118,-1.3665190243637
15.768,0.378715936408555,-1.36598395870754
15.77,0.380880710831679,-1.36256634347862
15.772,0.38336041840958,-1.35361995448985
15.774,0.387559578510081,-1.34474992468009
15.776,0.38074811232622,-1.33931449358383
15.778,0.386349054975515,-1.32833751881213
15.78,0.387072560921957,-1.31173584951846
15.782,0.387515774174148,-1.30055154026065
15.784,0.385218817761253,-1.29381257581341
15.786,0.379664595093437,-1.29287590084431
15.788,0.381803006391532,-1.29127463467136
15.79,0.392005484671195,-1.28612887499908
15.792,0.394050265346477,-1.28521337689255
15.794,0.396014324564715,-1.28274449642164
15.796,0.393793078062751,-1.29459897108578
15.798,0.38659074009925,-1.29717304901035
15.8,0.387646821766332,-1.29626018462546
15.802,0.392026021885486,-1.28832410773612
15.804,0.389936575549683,-1.28612698894532
15.806,0.374380247351901,-1.28191785150213
15.808,0.367822649259894,-1.27289792687371
15.81,0.363809084874709,-1.25289784003609
15.812,0.3559220169435,-1.23797416634497
15.814,0.365708580668208,-1.23386167421969
15.816,0.376593555808848,-1.21828284993375
15.818,0.368097987891636,-1.21865520510511
15.82,0.36615255892367,-1.20563985698254
15.822,0.365314827620988,-1.19937701970807
15.824,0.361289763783096,-1.17418074842047
15.826,0.34701062832448,-1.15571270756459
15.828,0.359826959338356,-1.12613857360263
15.83,0.37325096823309,-1.09079403135159
15.832,0.380350355426325,-1.07799867430148
15.834,0.40043266019612,-1.07262153106812
15.836,0.397339196220794,-1.07996719251637
15.838,0.409182808338698,-1.07167456937273
15.84,0.429213900993999,-1.0490716143309
15.842,0.464902886316338,-1.03045944362789
15.844,0.484841803376271,-1.03445030863253
15.846,0.506859658457609,-1.04784568924117
15.848,0.511271999818395,-1.06818453718816
15.85,0.517279607556102,-1.0947008447079
15.852,0.511292338496808,-1.13085631816722
15.854,0.518165917065741,-1.15702967482592
15.856,0.515159967635263,-1.17581534234271
15.858,0.502158233211433,-1.21891268849721
15.86,0.494983560213132,-1.25241871430335
15.862,0.475544113470058,-1.28692969065914
15.864,0.460630178609909,-1.30962861495593
15.866,0.45221143608765,-1.32887252832354
15.868,0.462952618626779,-1.33772338681014
15.87,0.470454172015116,-1.34256751846707
15.872,0.477868803786288,-1.34486322408784
15.874,0.481854846549526,-1.32844779247741
15.876,0.472378489111105,-1.32645923389512
15.878,0.496576094769536,-1.33300381993729
15.88,0.503137634630517,-1.33368224586178
15.882,0.492787365872443,-1.34625896912905
15.884,0.490738672371463,-1.35955426294185
15.886,0.490964314515355,-1.36385018681411
15.888,0.500569040797709,-1.36068798556467
15.89,0.491428498688416,-1.35807922257447
15.892,0.488977514573798,-1.34745731375225
15.894,0.487367125435528,-1.32219795766446
15.896,0.477142919694959,-1.29438722631724
15.898,0.477120084336989,-1.24858937312189
15.9,0.473132063083117,-1.22295585554446
15.902,0.474422953505923,-1.20165437101752
15.904,0.488408716097659,-1.19328272308547
15.906,0.492590913691472,-1.19432244777787
15.908,0.503737178205524,-1.21727957294921
15.91,0.508536140416937,-1.23998105135051
15.912,0.505663170020144,-1.27381227105505
15.914,0.50579250197168,-1.29829087997935
15.916,0.505376271647218,-1.31636518802287
15.918,0.512273477693477,-1.31154896860536
15.92,0.514920291255283,-1.30488607844155
15.922,0.514278426070146,-1.28716820758298
15.924,0.519493476026218,-1.27057026388137
15.926,0.509210789715744,-1.26762811387237
15.928,0.496852454064257,-1.26309067535654
15.93,0.476697869044135,-1.25430979305579
15.932,0.458997204941391,-1.2474812622855
15.934,0.448506230347037,-1.23950061878513
15.936,0.464006486167756,-1.25142933215864
15.938,0.442527969270117,-1.28452754227511
15.94,0.437335542813792,-1.31962483533915
15.942,0.431570183018844,-1.34314525972072
15.944,0.438351370075043,-1.3612572869901
15.946,0.439686778456101,-1.36614527732922
15.948,0.448754374840863,-1.35475424473542
15.95,0.446450563451167,-1.35267332590081
15.952,0.446004785703133,-1.34464694813013
15.954,0.435912219449481,-1.32425427449697
15.956,0.44646074004007,-1.285949193484
15.958,0.42711193151509,-1.27853911625304
15.96,0.430249736663941,-1.26091013906723
15.962,0.437001919503947,-1.25513034712575
15.964,0.440697162189567,-1.26924795446493
15.966,0.433253480513131,-1.28649312248523
15.968,0.44433157564409,-1.30531265732433
15.97,0.448130876860072,-1.33066461115884
15.972,0.456228347618127,-1.36469341722581
15.974,0.455645700073711,-1.38279060555081
15.976,0.448195806860443,-1.38364553992544
15.978,0.444978309646035,-1.37036737619591
15.98,0.443240004551408,-1.37723084652251
15.982,0.431511218880515,-1.36633949372118
15.984,0.430494870874826,-1.35043766440102
15.986,0.431587797628959,-1.32898403857225
15.988,0.440636491984591,-1.3156430842695
15.99,0.445442305972801,-1.31091201328037
15.992,0.449147221506703,-1.31395598340781
15.994,0.451397365927099,-1.30676100494923
15.996,0.470424409528316,-1.32351129494815
15.998,0.463298967980884,-1.34350023014275
16,0.4588922194097,-1.35580920908079
16.002,0.454630844901485,-1.35402124968142
16.004,0.452355115328028,-1.34871407465699
16.006,0.445448454994662,-1.34437699710055
16.008,0.437508905244593,-1.35180958780076
16.01,0.438959416032879,-1.33867925744112
16.012,0.435015084324308,-1.35018185230374
16.014,0.434928347011343,-1.35777332906764
16.016,0.424412529765712,-1.37619875065731
16.018,0.4112744734697,-1.37097208328935
16.02,0.408995992184548,-1.35755941139573
16.022,0.39036545700058,-1.34745331119645
16.024,0.380805119760642,-1.31130543863653
16.026,0.379276228185296,-1.27909286976136
16.028,0.390271688617653,-1.23383118692192
16.03,0.410394221246995,-1.19739080672845
16.032,0.405406375089751,-1.17729960075483
16.034,0.409273430778677,-1.14799683449089
16.036,0.431165619031212,-1.1378719978135
16.038,0.428542284272524,-1.15126547992243
16.04,0.429343892675012,-1.17024096672656
16.042,0.427625247336284,-1.18745660703183
16.044,0.417122031145637,-1.19410088164592
16.046,0.413539553638945,-1.20104597624734
16.048,0.416735272636907,-1.1995362258406
16.05,0.406488728246839,-1.20088761018662
16.052,0.411718913747261,-1.19419320405083
16.054,0.417442344783853,-1.18993036360558
16.056,0.419060501705641,-1.18675080888487
16.058,0.411917000601975,-1.18002622703065
16.06,0.403646529999326,-1.18756454884513
16.062,0.403099241508449,-1.18768378578492
16.064,0.405914359285295,-1.19188132851907
16.066,0.419985769732085,-1.20136831472357
16.068,0.422526589733235,-1.22216166040078
16.07,0.426649733727481,-1.23741114865701
16.072,0.444279801999055,-1.26052166440038
16.074,0.448084785706079,-1.28728769245072
16.076,0.445842820636793,-1.3074906699386
16.078,0.436952773547946,-1.32988493120505
16.08,0.445501687427669,-1.34658338626832
16.082,0.440683175641582,-1.36014436183105
16.084,0.437902293242956,-1.37194760333749
16.086,0.439604771899901,-1.37529638728551
16.088,0.427340987498729,-1.37699307883986
16.09,0.424711209962793,-1.37531010667247
16.092,0.422957226419229,-1.37004428392004
16.094,0.418560158029084,-1.36663013205669
16.096,0.416032889732914,-1.36419958352672
16.098,0.4114464736416,-1.37264881447105
16.1,0.407805862419187,-1.37573395044911
16.102,0.408938073856129,-1.37177887605905
16.104,0.422850361826463,-1.37100305177601
16.106,0.424377512829627,-1.37293578160025
16.108,0.440948363757495,-1.37251820193883
16.11,0.445417436677027,-1.38402371331037
16.112,0.449710823314565,-1.40262391696797
16.114,0.449213220570732,-1.42125161837144
16.116,0.454254659246288,-1.43169280836961
16.118,0.45219459752018,-1.44716846488355
16.12,0.44842750300721,-1.45299793345843
16.122,0.446755791316596,-1.46654664585953
16.124,0.440870241986107,-1.47121150267071
16.126,0.441072426758645,-1.47241089970949
16.128,0.439275384990081,-1.46092063069168
16.13,0.436476183341863,-1.45676470516731
16.132,0.437499898804005,-1.45322271797453
16.134,0.429316246871863,-1.43826816068623
16.136,0.42420606742202,-1.41848964218968
16.138,0.427561334281347,-1.41473259082051
16.14,0.429992082814398,-1.41083164420011
16.142,0.429894391575015,-1.40381696163668
16.144,0.427911017533137,-1.401325480876
16.146,0.411699674558227,-1.3934404913867
16.148,0.422406619886645,-1.38981579857104
16.15,0.42577762432134,-1.39011125606712
16.152,0.421206490837168,-1.39445371498383
16.154,0.41519663308189,-1.39756965450402
16.156,0.419885512475311,-1.37941512297071
16.158,0.407336753155456,-1.37772853507831
16.16,0.412085697588877,-1.3583208114691
16.162,0.413636370583185,-1.33545127735679
16.164,0.422922798046896,-1.32630849982772
16.166,0.428203047454247,-1.33386360495129
16.168,0.432119589560923,-1.33232052128225
16.17,0.435531561027562,-1.33588821759937
16.172,0.437488376845402,-1.34315966314264
16.174,0.438152548412788,-1.35196143402407
16.176,0.442359372031567,-1.35879928127662
16.178,0.421979791597557,-1.39257641469801
16.18,0.415340884543804,-1.40121533671741
16.182,0.405129643497637,-1.39940971636161
16.184,0.401956954320348,-1.39680087947088
16.186,0.386920264415267,-1.40166854736513
16.188,0.383999483243727,-1.3842453948926
16.19,0.383617780420556,-1.36772037734648
16.192,0.385841118586808,-1.35409077721914
16.194,0.385588079248762,-1.33543069745938
16.196,0.382461391131495,-1.33713738732971
16.198,0.391260532581176,-1.31965070238543
16.2,0.396275598908457,-1.32011983159887
16.202,0.395517672931338,-1.3247913893419
16.204,0.398643074293689,-1.3261712323689
16.206,0.410970471057317,-1.32965653909813
16.208,0.412201151978568,-1.35017770520197
16.21,0.412067935292047,-1.37024906363313
16.212,0.408578950103616,-1.39397529095059
16.214,0.404527021763432,-1.41801428802206
16.216,0.415369193327741,-1.42601151239493
16.218,0.402541450560012,-1.45376395330035
16.22,0.401388727889648,-1.46052030749081
16.222,0.400926777950088,-1.44880904764817
16.224,0.399341073127041,-1.43552180873109
16.226,0.400191288581904,-1.40230953337915
16.228,0.398193678740007,-1.37199238804221
16.23,0.39899165214261,-1.34013116434075
16.232,0.408910833081813,-1.30975515451053
16.234,0.416471126829295,-1.29652317960057
16.236,0.428010441002885,-1.29569095546632
16.238,0.42552073968921,-1.31227644594231
16.24,0.429590962404049,-1.34227565117434
16.242,0.434696835230074,-1.37525809902326
16.244,0.442741294316704,-1.40535632328823
16.246,0.445127501872652,-1.43351146298908
16.248,0.443120944340474,-1.4409401594246
16.25,0.440021729722829,-1.443272851143
16.252,0.433776169788081,-1.43759656079527
16.254,0.432440989922593,-1.41918151184318
16.256,0.440561497510591,-1.39745953070701
16.258,0.421253135851102,-1.38053830698208
16.26,0.423243815754831,-1.34808721096132
16.262,0.431628475399792,-1.33523101186929
16.264,0.453877394534202,-1.32236184709595
16.266,0.467060745338062,-1.32844616017056
16.268,0.464178365246031,-1.35942326788832
16.27,0.458602308410199,-1.38070026875178
16.272,0.44896025983146,-1.4075531634701
16.274,0.437675049131519,-1.41937197672483
16.276,0.418251770039208,-1.42224451085387
16.278,0.416691268210712,-1.41902525681119
16.28,0.414950022944547,-1.41009016244891
16.282,0.405658908482699,-1.40410813815013
16.284,0.39481312464256,-1.39443438935321
16.286,0.397796865051881,-1.37614040501248
16.288,0.404166197344309,-1.36618302091876
16.29,0.408330733267936,-1.35434225406395
16.292,0.411947527781675,-1.34105819690558
16.294,0.423142904794439,-1.32711306596569
16.296,0.439536449711535,-1.30357968242819
16.298,0.431316752625811,-1.30521287303809
16.3,0.44284217080229,-1.30971583217279
16.302,0.443898097610353,-1.3285674918868
16.304,0.442334228664026,-1.35493496337861
16.306,0.46090342066946,-1.38193583693407
16.308,0.449812614423961,-1.4039680394243
16.31,0.447912045785698,-1.42215038250788
16.312,0.446160776603284,-1.44077082743996
16.314,0.439048185175995,-1.45017643264827
16.316,0.436625144066458,-1.4418487820233
16.318,0.41877531556846,-1.44406131649048
16.32,0.416592026504509,-1.43067845135707
16.322,0.411404554349223,-1.41007761557414
16.324,0.4111642131448,-1.40077088626746
16.326,0.41747470999399,-1.39037016590749
16.328,0.417190029455561,-1.3900649510479
16.33,0.418903910284246,-1.39122791200764
16.332,0.425385621709289,-1.39532064331348
16.334,0.429680801946349,-1.38889056302844
16.336,0.413366010556462,-1.40315687353987
16.338,0.425146742648983,-1.39971320792771
16.34,0.426273578312426,-1.40490683837145
16.342,0.422909334623852,-1.40146445646555
16.344,0.41548258741779,-1.39498816991596
16.346,0.412671856297415,-1.39244890865189
16.348,0.401242409732695,-1.38005341754246
16.35,0.398613818311685,-1.36074651772559
16.352,0.391916232947225,-1.34635288501321
16.354,0.400151008224166,-1.33597912763245
16.356,0.422037236936044,-1.30647698524559
16.358,0.414196558259704,-1.30829848501104
16.36,0.416509549081444,-1.30487241738523
16.362,0.420096601438194,-1.29698606585055
16.364,0.426387747675178,-1.29363843470198
16.366,0.43685875689297,-1.30190305273593
16.368,0.43929213729483,-1.29415245539125
16.37,0.444677679879191,-1.30570810808151
16.372,0.4385163149527,-1.30947149092092
16.374,0.432750171788204,-1.3030631809004
16.376,0.418738922764401,-1.29834811228251
16.378,0.407788958121403,-1.29554098846232
16.38,0.397395647504623,-1.27524408780497
16.382,0.398273695310957,-1.24847006755986
16.384,0.404614575440579,-1.21272519516063
16.386,0.424001009366256,-1.18838093387063
16.388,0.442639509151761,-1.19522266887429
16.39,0.428327087437864,-1.22366261521676
16.392,0.406436562202672,-1.24387244261844
16.394,0.406227212385993,-1.24043954547628
16.396,0.417822554588006,-1.24345606268104
16.398,0.432419395792839,-1.23914264798171
16.4,0.437166808488259,-1.23925102420293
16.402,0.438583369501913,-1.24896852776752
16.404,0.445398146289679,-1.26458098921906
16.406,0.437543190443291,-1.27987838040552
16.408,0.443546560795133,-1.28957550688212
16.41,0.448446986073357,-1.31914096297772
16.412,0.447046774594239,-1.35295610391199
16.414,0.449898241353144,-1.39337236421621
16.416,0.437065095290774,-1.41841913316078
16.418,0.452337440089885,-1.42912604760984
16.42,0.455552353205814,-1.42969808249973
16.422,0.453731802911488,-1.41918708985729
16.424,0.446478929418722,-1.39619622366496
16.426,0.444276222446305,-1.35064693088678
16.428,0.448328615921385,-1.32217115922437
16.43,0.454999200626779,-1.28698499476057
16.432,0.453850738195471,-1.26091064012725
16.434,0.448481002199379,-1.23732920358894
16.436,0.45620525805179,-1.24608381151023
16.438,0.448227690283239,-1.26473877215446
16.44,0.435791040130249,-1.29289317462392
16.442,0.431333386204182,-1.32424642080909
16.444,0.419847585967469,-1.34192039565461
16.446,0.414611552624471,-1.34752022543888
16.448,0.419172066969938,-1.35696429250947
16.45,0.417408753564254,-1.347198239785
16.452,0.424923584164063,-1.32621457069269
16.454,0.42173676761475,-1.30181238412624
16.456,0.438975457898962,-1.25684445599777
16.458,0.439963038397787,-1.24647951753505
16.46,0.443866991284092,-1.23646162641691
16.462,0.443705724094239,-1.22469546450022
16.464,0.45119534570479,-1.21953234848932
16.466,0.463263139686541,-1.22659739572624
16.468,0.468593397333402,-1.25019065851752
16.47,0.473341810646134,-1.26908181329911
16.472,0.473520279686536,-1.28031482396785
16.474,0.469140093982066,-1.28141270575621
16.476,0.468389191784996,-1.27631231155092
16.478,0.457760629775134,-1.2726538184444
16.48,0.442265810597054,-1.26077398795357
16.482,0.427502282803605,-1.23812897360653
16.484,0.429433773178363,-1.21136818710994
16.486,0.432630079987734,-1.20152536318582
16.488,0.453107014288796,-1.18929291030296
16.49,0.464930997025294,-1.20056885094269
16.492,0.471505027652551,-1.22064371275967
16.494,0.477056757613483,-1.25018931020794
16.496,0.477257867971252,-1.27907186771927
16.498,0.474341014913009,-1.29545788147491
16.5,0.474167134414902,-1.32249563560847
16.502,0.455657252627708,-1.34692363925286
16.504,0.450795616015725,-1.36574042672508
16.506,0.447285422728638,-1.35911839532496
16.508,0.447825998847258,-1.35759886426666
16.51,0.444243489108392,-1.35903600824577
16.512,0.443409923558352,-1.35578769885578
16.514,0.444460170752958,-1.36655487301063
16.516,0.448708929892944,-1.3753416569992
16.518,0.440712787406255,-1.38629407323538
16.52,0.429237862465202,-1.37990060690199
16.522,0.423388711748521,-1.37981028842457
16.524,0.415265630149978,-1.38166838100163
16.526,0.40494696598496,-1.38441566388273
16.528,0.407532970246122,-1.37720195953481
16.53,0.396014453433658,-1.35601006160883
16.532,0.385085005029318,-1.33029931632168
16.534,0.390029707065937,-1.29972656533561
16.536,0.387190097717668,-1.27345945823521
16.538,0.381551653687871,-1.24187883044131
16.54,0.384827679200338,-1.19816479122973
16.542,0.399137943769411,-1.16791369085657
16.544,0.408757967791958,-1.15564210824577
16.546,0.408972771962724,-1.14983913518603
16.548,0.409032575415214,-1.15483795907587
16.55,0.41333878826145,-1.16815102844598
16.552,0.410464133159016,-1.18411131756951
16.554,0.408158061275606,-1.20450084827098
16.556,0.390280045721039,-1.22655598862384
16.558,0.397461388379909,-1.23168554122112
16.56,0.39175924268108,-1.23120988855196
16.562,0.394692915700486,-1.22803658246845
16.564,0.396688595683876,-1.2143003509172
16.566,0.396988631075997,-1.2051884419342
16.568,0.406269748565419,-1.19550757210578
16.57,0.407146077648911,-1.17833031922919
16.572,0.415883562546238,-1.16452501776501
16.574,0.426589100720887,-1.16619373187276
16.576,0.433438890684216,-1.16994826904834
16.578,0.426346321472936,-1.18906927957557
16.58,0.422370715962587,-1.21045627883209
16.582,0.424356232356529,-1.23342300959534
16.584,0.421201955542603,-1.27176283048674
16.586,0.42915660182664,-1.30186789734046
16.588,0.438435899681115,-1.32719869803287
16.59,0.452063621724259,-1.35609987946087
16.592,0.455319592924871,-1.37969929304384
16.594,0.466284899201089,-1.40283107870407
16.596,0.476864014756447,-1.41244986915208
16.598,0.463440257113218,-1.41923788852315
16.6,0.465522798583202,-1.4154800677109
16.602,0.459125438237029,-1.41337456623468
16.604,0.461230976384064,-1.40617185314908
16.606,0.464671775631517,-1.39651471641078
16.608,0.46596913373294,-1.39168535838932
16.61,0.471457209589138,-1.37814938406276
16.612,0.481281062318372,-1.36199982748669
16.614,0.48944635200302,-1.3611175413394
16.616,0.50044956943845,-1.36232856809894
16.618,0.495591540290817,-1.35319793916896
16.62,0.488827768871964,-1.33403379425987
16.622,0.499604623113413,-1.32842011556655
16.624,0.506629195649829,-1.3206532683748
16.626,0.505097742544079,-1.33135274401274
16.628,0.496278658464252,-1.32489807483574
16.63,0.482387871129118,-1.31366813868768
16.632,0.46993287742093,-1.30654138346409
16.634,0.465655155737709,-1.30408283493026
16.636,0.464104253866874,-1.2927557580175
16.638,0.432738491666022,-1.2947238174031
16.64,0.418313193833398,-1.27426142113671
16.642,0.419427743022016,-1.24642593889853
16.644,0.415644305689186,-1.22041433153523
16.646,0.413742967072519,-1.21563093105326
16.648,0.422202725356881,-1.19834662271435
16.65,0.416808396960482,-1.20659593337831
16.652,0.407687686090982,-1.21721294881759
16.654,0.399062860814436,-1.22977613471566
16.656,0.380091014272191,-1.24552851552952
16.658,0.382386867453584,-1.24043861034902
16.66,0.38406123903492,-1.25185864207261
16.662,0.371629044640955,-1.25098894916316
16.664,0.37596933828778,-1.24490809960423
16.666,0.376152473309421,-1.24337835103877
16.668,0.372099094391872,-1.23846657985479
16.67,0.377547177611699,-1.23324783710502
16.672,0.380916676726192,-1.23039583166791
16.674,0.387546598685919,-1.21210007839812
16.676,0.357654678269234,-1.20787877499637
16.678,0.369314653439949,-1.19047295214004
16.68,0.374562220240621,-1.17452547273255
16.682,0.375896502035429,-1.17052457010147
16.684,0.373066911561666,-1.1760016370006
16.686,0.373077200354848,-1.18479056612803
16.688,0.383074652381246,-1.18448305867881
16.69,0.386880038330658,-1.2008493161928
16.692,0.390751249403932,-1.2208066618686
16.694,0.401467937058875,-1.2319964712937
16.696,0.401721311840731,-1.25387622822997
16.698,0.406995809471351,-1.25179398882058
16.7,0.413191615091534,-1.25274838037049
16.702,0.420482317566693,-1.24277448377163
16.704,0.421864330721367,-1.23978717948246
16.706,0.409858665693975,-1.24158767343166
16.708,0.4089057761405,-1.21861492374333
16.71,0.404815262647642,-1.20043093865194
16.712,0.402411849020443,-1.18121613057689
16.714,0.396991665807695,-1.1721671292876
16.716,0.383128678094133,-1.17158482598818
16.718,0.388235452404637,-1.17822417018891
16.72,0.386304202197335,-1.19295913101764
16.722,0.385762131113871,-1.18508556707054
16.724,0.396433441553384,-1.18250597549998
16.726,0.418184499351919,-1.19461535797525
16.728,0.425737524668944,-1.20804409399268
16.73,0.422948017528941,-1.23324412709198
16.732,0.427475258558118,-1.24826827552372
16.734,0.441622335002219,-1.26258277582239
16.736,0.427791961908426,-1.29020094069704
16.738,0.455916755889659,-1.29395547497109
16.74,0.46734261894155,-1.31189757768147
16.742,0.469949508565249,-1.3414482148964
16.744,0.467315725726242,-1.35536501599872
16.746,0.461752683662176,-1.36489687755222
16.748,0.458050235094659,-1.37766670405726
16.75,0.451808555988446,-1.39760206513065
16.752,0.45570282015295,-1.4162094725783
16.754,0.464857643364575,-1.42939637989774
16.756,0.46190887187235,-1.43147392715122
16.758,0.461356243625465,-1.45049072674738
16.76,0.453676716566623,-1.44395171484899
16.762,0.445092658364814,-1.42769992058662
16.764,0.441620564526055,-1.41088571722587
16.766,0.441899971649947,-1.38880169235099
16.768,0.435349752282301,-1.37250753698876
16.77,0.422831270362066,-1.35014262077044
16.772,0.420060931486638,-1.33814101338348
16.774,0.41605048195794,-1.32500226802027
16.776,0.417052159937737,-1.3164029829004
16.778,0.41634897187651,-1.30438305793756
16.78,0.420919230377692,-1.30283280454615
16.782,0.429713610044732,-1.30661034116867
16.784,0.442719443795979,-1.31798603180636
16.786,0.445244976278672,-1.3291194319161
16.788,0.4494825603433,-1.34435304800379
16.79,0.458844329975854,-1.35507594073742
16.792,0.453348752622399,-1.36406533079328
16.794,0.451755396128292,-1.37385128970251
16.796,0.454281073522328,-1.38092667028194
16.798,0.450394766851691,-1.39074500642053
16.8,0.448487138477431,-1.39567204708216
16.802,0.447892256969394,-1.39356586574744
16.804,0.455099547953817,-1.39687070144775
16.806,0.45801059499136,-1.40154424571899
16.808,0.459311558413507,-1.41133687076125
16.81,0.456877345156111,-1.42455578346622
16.812,0.457743621440587,-1.43433072688836
16.814,0.437361784629681,-1.42973612127975
16.816,0.425997575176834,-1.42418275896305
16.818,0.440116635805524,-1.42048099595235
16.82,0.427876506554277,-1.40946508124603
16.822,0.421782163264622,-1.40732323792611
16.824,0.428008033661195,-1.40850191541272
16.826,0.433539296783873,-1.40885119455673
16.828,0.431769690323172,-1.41967141041258
16.83,0.437219074987776,-1.41906941965572
16.832,0.433707299563135,-1.41386228174076
16.834,0.432940146464861,-1.40450382556182
16.836,0.427998610046366,-1.39524960393489
16.838,0.420360194147062,-1.38645917078131
16.84,0.418668097585337,-1.37912093482737
16.842,0.407702324349874,-1.3659617439349
16.844,0.396564667902508,-1.35120372141298
16.846,0.402839156811863,-1.3489510682666
16.848,0.410507642348567,-1.33192356305242
16.85,0.425301617288024,-1.32657555552638
16.852,0.432099208776497,-1.33717465363649
16.854,0.428989311489275,-1.35457420790662
16.856,0.44262742914825,-1.36382610207721
16.858,0.423761713970896,-1.40565228553756
16.86,0.419491713310945,-1.42423576739988
16.862,0.419562790909958,-1.43670838616494
16.864,0.416599554492198,-1.44980500236091
16.866,0.408772784019071,-1.45327163055068
16.868,0.410261343776969,-1.45689365833964
16.87,0.414146651983058,-1.45854375309931
16.872,0.406976944806638,-1.45749560570837
16.874,0.405197533098012,-1.45775705224274
16.876,0.401821727769584,-1.44769161039506
16.878,0.404931603408573,-1.43594135448675
16.88,0.415582933582928,-1.42557037382715
16.882,0.416598449084162,-1.41576994199323
16.884,0.412167568260821,-1.41351810580771
16.886,0.403723284953626,-1.41850632423712
16.888,0.402075591342086,-1.4171815782975
16.89,0.396680052647843,-1.42034663767891
16.892,0.395237888926721,-1.4171479097854
16.894,0.387171864722467,-1.40911429194659
16.896,0.375238866865717,-1.41053282555905
16.898,0.386905685866855,-1.39273005298386
16.9,0.388373158414262,-1.38623058292777
16.902,0.392992144750357,-1.37026487820637
16.904,0.399121391057071,-1.36653750222847
16.906,0.393895368303651,-1.35052390286911
16.908,0.393185177420754,-1.32112998171242
16.91,0.392236046679483,-1.31061134117176
16.912,0.399842101129764,-1.29806706741316
16.914,0.407647117298798,-1.29134547455175
16.916,0.407566837427301,-1.29729789411436
16.918,0.415867860250684,-1.29230492145129
16.92,0.412563175317263,-1.30582778109419
16.922,0.394827683169676,-1.31503682866362
16.924,0.382941834034821,-1.30002613766248
16.926,0.378907287153807,-1.27119346312656
16.928,0.384132739508255,-1.2502648375583
16.93,0.388472629404897,-1.23182602288689
16.932,0.386127251486215,-1.21392068774812
16.934,0.382645018011046,-1.19741143818255
16.936,0.381070624618838,-1.17883750374119
16.938,0.388175108017717,-1.17035470369934
16.94,0.390728575630684,-1.16635901364885
16.942,0.411588082818352,-1.17716316046419
16.944,0.421673266453709,-1.19013432390918
16.946,0.430167768243057,-1.21580665609081
16.948,0.440113129473236,-1.24652655697739
16.95,0.4482451860975,-1.2791657709966
16.952,0.455438980688394,-1.32138756183762
16.954,0.449199076735719,-1.36739776931911
16.956,0.442974623658881,-1.39502201830518
16.958,0.45362010078632,-1.42119007232022
16.96,0.445553032748953,-1.43537122445173
16.962,0.443382515562069,-1.44179010888538
16.964,0.435519388656325,-1.43984929356006
16.966,0.431991671412009,-1.43650804766728
16.968,0.431940310818699,-1.42101867848623
16.97,0.44108961143656,-1.39070484540893
16.972,0.437598154043794,-1.36772100947086
16.974,0.445155601724039,-1.35832615671568
16.976,0.440736752093442,-1.34226072081191
16.978,0.449179937318171,-1.33325832059447
16.98,0.456862376869987,-1.33218414393788
16.982,0.45976973524553,-1.33149139778927
16.984,0.46173313306704,-1.34975707893562
16.986,0.468614928748311,-1.36473657400922
16.988,0.472648702294465,-1.37631143787322
16.99,0.477743736943939,-1.39083227557072
16.992,0.476967992410662,-1.40392340960214
16.994,0.469191345224039,-1.39498823888419
16.996,0.457648660731333,-1.3858069642745
16.998,0.465477415797804,-1.37201404372157
17,0.464428641269224,-1.3579416928651
17.002,0.45894493930868,-1.35955012132233
17.004,0.45439811838442,-1.35791979863333
17.006,0.456151191449239,-1.35461533558958
17.008,0.442772444344208,-1.35853320081536
17.01,0.438516498155126,-1.35153585557811
17.012,0.437673593477987,-1.35686851836349
17.014,0.432297778197385,-1.36414423750728
17.016,0.426523466119447,-1.37188812464872
17.018,0.423217619920323,-1.38182661979144
17.02,0.416760683664107,-1.38749731086874
17.022,0.423384644603522,-1.39824525060436
17.024,0.418018840099463,-1.39624950946874
17.026,0.410926158728845,-1.38732589176943
17.028,0.40898987197115,-1.37766963366532
17.03,0.399232678883041,-1.36141213226476
17.032,0.398139230998647,-1.35815765959807
17.034,0.393666364090452,-1.34454868048352
17.036,0.387792289706292,-1.33710618723766
17.038,0.404796866923288,-1.34706204565745
17.04,0.407945125667322,-1.35134237062891
17.042,0.403940076516452,-1.36039794506296
17.044,0.398537305739576,-1.3640805294297
17.046,0.385967768338563,-1.36630525451001
17.048,0.398578957485063,-1.35428968082346
17.05,0.405954035052788,-1.35352513288076
17.052,0.412069723816096,-1.3479021567379
17.054,0.41557490635368,-1.34661575509287
17.056,0.428949184754983,-1.33284315050369
17.058,0.418468638545222,-1.35168911137731
17.06,0.421829647798767,-1.35596663620637
17.062,0.418820339049176,-1.36711730200382
17.064,0.423158686086186,-1.37872511677651
17.066,0.422556594833618,-1.39392645929551
17.068,0.431339341790349,-1.40556763542259
17.07,0.43192852463848,-1.4166573988988
17.072,0.42876593336769,-1.43063306528821
17.074,0.428534920335389,-1.42758498773249
17.076,0.432767086684957,-1.4327896481512
17.078,0.420149938977233,-1.43119635503467
17.08,0.422053505940398,-1.42203989020255
17.082,0.422599953803767,-1.41626818067058
17.084,0.418626386332261,-1.40898292333843
17.086,0.417661440887773,-1.40404627848433
17.088,0.42296412546192,-1.39587442857546
17.09,0.424898166988958,-1.39704675459768
17.092,0.424091682575198,-1.39588117119584
17.094,0.426046290248964,-1.40083795526644
17.096,0.418186311180176,-1.4134008849625
17.098,0.426104578003032,-1.40590600119671
17.1,0.4288405203824,-1.41347426943916
17.102,0.43069063756109,-1.41591375672089
17.104,0.426542050694001,-1.41680134392878
17.106,0.414492524206001,-1.39854030742695
17.108,0.415136863206922,-1.39618421437474
17.11,0.41707719235655,-1.39628755945145
17.112,0.418610616886486,-1.38928107621947
17.114,0.406490878920431,-1.38747713536954
17.116,0.392559715867296,-1.39188486574657
17.118,0.406314964850434,-1.3812235963223
17.12,0.402679189019639,-1.37952424749233
17.122,0.408838639707106,-1.38642141102402
17.124,0.406973956761547,-1.39889381568213
17.126,0.408251841093185,-1.39946410308537
17.128,0.394412886892466,-1.4036284850164
17.13,0.39245193738557,-1.40060486487865
17.132,0.379747778479861,-1.38621672165436
17.134,0.382880326221685,-1.37352840354017
17.136,0.363343442156957,-1.35592016872748
17.138,0.383334931369394,-1.32543435876932
17.14,0.386576753239461,-1.30775257208374
17.142,0.390444089027237,-1.29739688702934
17.144,0.392485928665942,-1.28200464360014
17.146,0.391101006855886,-1.2797064550631
17.148,0.392551644046709,-1.26565511097509
17.15,0.397210483488515,-1.2457396809064
17.152,0.401481911655932,-1.2420550190721
17.154,0.41305139729321,-1.23175631021303
17.156,0.431129426587521,-1.24054209058901
17.158,0.428199037090437,-1.25920143455989
17.16,0.434487477474626,-1.28282068590719
17.162,0.437367819648664,-1.3062040487181
17.164,0.423667137637795,-1.33001605689518
17.166,0.409008052670988,-1.34744322059081
17.168,0.395131794476858,-1.36054464751301
17.17,0.382811480113079,-1.35740815560118
17.172,0.380915816239944,-1.35871328697279
17.174,0.380587630620983,-1.35723413768744
17.176,0.383643101085468,-1.35379674168359
17.178,0.37391795045976,-1.35205776557293
17.18,0.380055625503691,-1.35320941441532
17.182,0.379081716904122,-1.34891842128329
17.184,0.380864499438868,-1.3499622438443
17.186,0.382773488575147,-1.35123907398562
17.188,0.3790072157887,-1.34248594775598
17.19,0.374466695694934,-1.34234229667351
17.192,0.373236712402964,-1.33720369971038
17.194,0.36957641417122,-1.32417285093614
17.196,0.374823156507169,-1.32108644796517
17.198,0.370732746762742,-1.30963017105137
17.2,0.364667899905542,-1.30565918980027
17.202,0.361674307857946,-1.29170065583384
17.204,0.359851519024305,-1.27657980679636
17.206,0.357777403608583,-1.25744150243546
17.208,0.367255773650131,-1.24237015881599
17.21,0.377561730748302,-1.23392563513559
17.212,0.386126851007767,-1.23764401090672
17.214,0.394173364350828,-1.25280911198567
17.216,0.405666379146685,-1.2799785713918
17.218,0.405267244330485,-1.30360896376354
17.22,0.408377923944047,-1.32288648117129
17.222,0.408660628682591,-1.32975899296375
17.224,0.413730988268294,-1.3362164973474
17.226,0.409449382729847,-1.33385447524142
17.228,0.41196373051029,-1.33472906312834
17.23,0.408503267041711,-1.3341488658363
17.232,0.409333289660506,-1.32756166390497
17.234,0.415945821024114,-1.32423084054621
17.236,0.396901320273,-1.34002991043209
17.238,0.408664773887173,-1.34124508856885
17.24,0.404623770524027,-1.35681192336967
17.242,0.408143481007975,-1.37183826543704
17.244,0.40669171523681,-1.38547506037472
17.246,0.402363931915384,-1.40792025026719
17.248,0.408029546253145,-1.41086896743645
17.25,0.403110191481066,-1.41624151549807
17.252,0.401307366844957,-1.41965848003538
17.254,0.404771565346402,-1.41547879610347
17.256,0.404308164844242,-1.40467564892059
17.258,0.39272578574629,-1.381442117142
17.26,0.391311534588252,-1.36946161375637
17.262,0.392548465512643,-1.35067584197668
17.264,0.393566962983938,-1.35219268022949
17.266,0.383457146369122,-1.35614758154609
17.268,0.383671773228332,-1.36550451159354
17.27,0.378380876392806,-1.37437765874777
17.272,0.383149108298974,-1.38545728160103
17.274,0.388174433938366,-1.39599265068318
17.276,0.372395961190944,-1.4130797335777
17.278,0.391832023531966,-1.41344617913509
17.28,0.382497933699513,-1.41716641333563
17.282,0.390778829582623,-1.40549847818171
17.284,0.393708314910002,-1.39776427240377
17.286,0.399283009718975,-1.37903180345038
17.288,0.386813350342006,-1.37262218624688
17.29,0.390588372459221,-1.36229073254029
17.292,0.392552244943708,-1.35563385383145
17.294,0.38555487186244,-1.34477114157034
17.296,0.3736106916455,-1.34448643243102
17.298,0.374796492090572,-1.32436735827844
17.3,0.378815551761633,-1.30806255520833
17.302,0.383933906770071,-1.28663565514794
17.304,0.379441981951367,-1.28920377189781
17.306,0.374412251736904,-1.2829065883535
17.308,0.374292860504264,-1.27331289254652
17.31,0.366935499194526,-1.26500537366554
17.312,0.369300977068449,-1.24932699217945
17.314,0.375288451484905,-1.2357608129951
17.316,0.37792006212902,-1.23041143027946
17.318,0.381828805500318,-1.22086273068915
17.32,0.39393788564467,-1.20945483826426
17.322,0.393678143129998,-1.21192878997743
17.324,0.398716969357587,-1.22876523535529
17.326,0.398990126018736,-1.24998964968447
17.328,0.412787742193147,-1.27752424901892
17.33,0.423457161045756,-1.29947274980972
17.332,0.425450681529728,-1.31952433414089
17.334,0.430062829861539,-1.34813369285243
17.336,0.4474007783992,-1.35615456862826
17.338,0.431958301324586,-1.3869984591274
17.34,0.433209428153245,-1.39432261234383
17.342,0.43130455518129,-1.40884918245738
17.344,0.424503789917577,-1.40828487210688
17.346,0.419791803385325,-1.40518614001808
17.348,0.41950312121681,-1.40054135889795
17.35,0.428144148818818,-1.38748446454778
17.352,0.43440694103139,-1.37217476927257
17.354,0.445290640385941,-1.36042344174876
17.356,0.449797072490037,-1.35843105555514
17.358,0.453837729867412,-1.3583589109975
17.36,0.462856769764636,-1.35917202887146
17.362,0.47194986720364,-1.37040750157114
17.364,0.471375615104231,-1.38411057830396
17.366,0.46465178324839,-1.38890089695352
17.368,0.472993783455147,-1.39648059768604
17.37,0.472937607981663,-1.4042407493423
17.372,0.463828427199609,-1.40462521576756
17.374,0.460307955743141,-1.40724113355476
17.376,0.448709124837201,-1.40269839364233
17.378,0.447799284682033,-1.40304025816553
17.38,0.432611497182092,-1.40681706055749
17.382,0.421348033623621,-1.39971549543398
17.384,0.417662522976871,-1.39097981365968
17.386,0.414679918793707,-1.39346212240723
17.388,0.418584339801304,-1.38502370203115
17.39,0.422036865106267,-1.37646318410751
17.392,0.426336076802019,-1.37000087118681
17.394,0.422521850883274,-1.36909991412055
17.396,0.40289916241473,-1.37534989181041
17.398,0.417887053090843,-1.35754558714708
17.4,0.419198936288589,-1.35329061462606
17.402,0.419626380741566,-1.34471096397588
17.404,0.416426621768601,-1.33338746620926
17.406,0.418901311364745,-1.31661840634653
17.408,0.413062192483401,-1.30917180682406
17.41,0.411573699159657,-1.30493751453267
17.412,0.415748170875609,-1.30042012083372
17.414,0.422053212784813,-1.2945475201716
17.416,0.430994942305072,-1.29263115075681
17.418,0.439646402619391,-1.30101308259638
17.42,0.432595242501741,-1.31497071840957
17.422,0.433160752061412,-1.33575248098226
17.424,0.43768833449725,-1.34134141997029
17.426,0.445135118846572,-1.34122785873624
17.428,0.434509272339506,-1.33530659712222
17.43,0.435369054871809,-1.33243311787951
17.432,0.434550933376378,-1.32903384860419
17.434,0.432588229026039,-1.3262793491978
17.436,0.435671713082068,-1.3127084523597
17.438,0.430423562849644,-1.32386732722561
17.44,0.426504623403183,-1.32790864303786
17.442,0.424201980132565,-1.33428377959782
17.444,0.427353100293005,-1.34350527185132
17.446,0.438512219903512,-1.34863426903201
17.448,0.43470463906059,-1.36927632995877
17.45,0.441545495655151,-1.37809557753164
17.452,0.449511278494648,-1.38507927049615
17.454,0.449547501756119,-1.39550691482176
17.456,0.442107889074691,-1.40921644681999
17.458,0.442962446245185,-1.41011547229706
17.46,0.437900728793309,-1.41072373522356
17.462,0.419380648988114,-1.39549896555385
17.464,0.417753703034247,-1.38449014348688
17.466,0.426210659747982,-1.36958192333852
17.468,0.423031244757008,-1.36804097277786
17.47,0.423517751802071,-1.36787507354628
17.472,0.423448310190132,-1.37671769712177
17.474,0.436453911511716,-1.38923431148967
17.476,0.415139076036552,-1.40644680926632
17.478,0.421220367884565,-1.39912719234939
17.48,0.416549061403555,-1.39081326171642
17.482,0.4182183074436,-1.38053898493234
17.484,0.422468286517594,-1.37585400361361
17.486,0.415748122489613,-1.36543777730223
17.488,0.404616874548201,-1.35361440988255
17.49,0.397200725752164,-1.34760418732679
17.492,0.396494888722093,-1.353832218979
17.494,0.388520639168945,-1.35657706075829
17.496,0.380706899292186,-1.36186700746361
17.498,0.384769762357776,-1.36392802448529
17.5,0.383580780272219,-1.36992204631962
17.502,0.378741285174118,-1.36669835164239
17.504,0.375429408437681,-1.35927299644691
17.506,0.367298279539502,-1.34656641522524
17.508,0.374123440792085,-1.33994110665208
17.51,0.386651515309496,-1.34316159670562
17.512,0.391831825010147,-1.35051767367414
17.514,0.401019474651285,-1.35359709090444
17.516,0.394836895044665,-1.37290244725079
17.518,0.417942428065606,-1.37402040602215
17.52,0.425549709888489,-1.38462576919737
17.522,0.427181262436861,-1.4045955189593
17.524,0.428095525165974,-1.41691630540691
17.526,0.437194793338968,-1.42126219404466
17.528,0.436930828467116,-1.44234817654832
17.53,0.4386148550606,-1.46004874410477
17.532,0.444243508475728,-1.47782304444866
17.534,0.442910193397204,-1.48938273434482
17.536,0.433339331134749,-1.49476074246113
17.538,0.43034337633798,-1.50867796862359
17.54,0.42320156651088,-1.51216951472403
17.542,0.407658880087982,-1.50574530363549
17.544,0.398155611863247,-1.48555600423009
17.546,0.377752036036704,-1.4740439587024
17.548,0.386690993530895,-1.44498712802917
17.55,0.379687592596573,-1.42311004549529
17.552,0.372929666816709,-1.40549518960415
17.554,0.375702580866684,-1.38922228481199
17.556,0.361511113231344,-1.373003248148
17.558,0.36515024683144,-1.36152871341781
17.56,0.370661940293469,-1.35893685784429
17.562,0.379054815566034,-1.36969257541416
17.564,0.373156311293403,-1.38514581527562
17.566,0.36535954988278,-1.39870454314868
17.568,0.374808285849508,-1.3924221191246
17.57,0.379225211390641,-1.37904719418489
17.572,0.381636608957048,-1.3629168509998
17.574,0.390556527712937,-1.33274776940454
17.576,0.397789240998609,-1.30232425028814
17.578,0.389905311756916,-1.28971594599568
17.58,0.391024575086842,-1.27689338137195
17.582,0.400873392821987,-1.27945191563405
17.584,0.402748855941219,-1.29191237835657
17.586,0.406207312741522,-1.31439749856288
17.588,0.407978907869182,-1.32687056687106
17.59,0.409046766681272,-1.34372803395004
17.592,0.418478465080304,-1.35010318659802
17.594,0.416694524992463,-1.35661830618153
17.596,0.428167749362003,-1.35941564503851
17.598,0.415000082265502,-1.36489581414576
17.6,0.420857897839659,-1.36224514738825
17.602,0.421765227714084,-1.3644639437541
17.604,0.425137898625113,-1.36997925122858
17.606,0.422569625809774,-1.37994178937435
17.608,0.416932350648983,-1.38745329620732
17.61,0.410474064342244,-1.39623579630449
17.612,0.408085414744036,-1.39582277856037
17.614,0.402861743203838,-1.38817191171084
17.616,0.424640621660572,-1.37966919912481
17.618,0.397264791479471,-1.37077974615243
17.62,0.389522904988195,-1.35430306895085
17.622,0.377311294000236,-1.33273763011882
17.624,0.376563250223398,-1.31863913008819
17.626,0.37372365963879,-1.31005451469048
17.628,0.359302331785717,-1.30529425663188
17.63,0.359802421000549,-1.28136208416657
17.632,0.372668897423503,-1.25951903471882
17.634,0.388719761356554,-1.23556490712098
17.636,0.413435734363627,-1.22640218149488
17.638,0.408532825393372,-1.22903418392836
17.64,0.411747414492377,-1.22393861714271
17.642,0.416606493409627,-1.22630561056933
17.644,0.420509633792017,-1.22796893435127
17.646,0.432648152613051,-1.21941891968423
17.648,0.423138524922171,-1.21920774536222
17.65,0.432112925977811,-1.23182640429891
17.652,0.433061433975712,-1.24640533736709
17.654,0.434267949079682,-1.26875953148099
17.656,0.434397968297199,-1.29431158422935
17.658,0.427374186759372,-1.32207066999811
17.66,0.414164908033777,-1.34109726317089
17.662,0.409249645246852,-1.33908041174239
17.664,0.392197287133925,-1.33325964314636
17.666,0.396007287621564,-1.30703747980247
17.668,0.386791255404462,-1.27382480335367
17.67,0.381493278485303,-1.24396179389103
17.672,0.377924636727503,-1.22542304504077
17.674,0.375805684286985,-1.20813230692641
17.676,0.365707730222109,-1.18376787321926
17.678,0.379514850063334,-1.17474775366881
17.68,0.389833218865338,-1.1606707099288
17.682,0.396411798592835,-1.1607813405248
17.684,0.398951398707669,-1.15886153087947
17.686,0.418360587623728,-1.16631095939204
17.688,0.419578523297032,-1.17655639908342
17.69,0.426053542967145,-1.18159276346866
17.692,0.424117065882934,-1.20697031174771
17.694,0.418044694916695,-1.2232177697244
17.696,0.422391986151722,-1.2281883473333
17.698,0.419490250971006,-1.2425020875978
17.7,0.420890010205636,-1.25158893696818
17.702,0.41620157597001,-1.2467739733505
17.704,0.411659920328367,-1.24029079542246
17.706,0.427381080653001,-1.24659485957893
17.708,0.429911562097684,-1.25064433123046
17.71,0.424315779765362,-1.25864334032434
17.712,0.421005967406418,-1.26428480297173
17.714,0.424593331688698,-1.26038795627691
17.716,0.435556506532119,-1.23938373333725
17.718,0.44975670133578,-1.21732906083848
17.72,0.466042832087997,-1.20255255291041
17.722,0.474510830334467,-1.19347568390882
17.724,0.478693254432251,-1.19741097650903
17.726,0.476294324506054,-1.21531356850991
17.728,0.46166030200482,-1.25188265863044
17.73,0.461635241231451,-1.27542690581359
17.732,0.452789810324388,-1.3023724516279
17.734,0.464396415519021,-1.33003836769696
17.736,0.464145223647057,-1.35109872510694
17.738,0.468911694298594,-1.38511036151328
17.74,0.470646391078572,-1.40213901046904
17.742,0.466739775681066,-1.4059473498937
17.744,0.456031807101706,-1.43478850619177
17.746,0.468979250738871,-1.44006341249774
17.748,0.464661047980669,-1.46168512171636
17.75,0.465545840814099,-1.48332504676095
17.752,0.461254009594498,-1.49368726515038
17.754,0.45883453267829,-1.50884535928168
17.756,0.449217777007011,-1.52720318907251
17.758,0.465604227547707,-1.53668149785659
17.76,0.474780514340798,-1.53504773929807
17.762,0.480173151055743,-1.54002855233397
17.764,0.473008909629717,-1.53639926109402
17.766,0.460592060164647,-1.51733398995781
17.768,0.469294085738095,-1.4879767534861
17.77,0.457890994955212,-1.47567569865609
17.772,0.452578980408636,-1.45753195758553
17.774,0.440281178191208,-1.43020597103545
17.776,0.440732419624425,-1.40363019351965
17.778,0.440137885213879,-1.36628322216048
17.78,0.448354332150398,-1.35527516794588
17.782,0.462042261663928,-1.34821051980561
17.784,0.463621237727747,-1.36202536384946
17.786,0.463366957906942,-1.38244468759885
17.788,0.458875947047668,-1.39574844664179
17.79,0.454564541225336,-1.40011242470422
17.792,0.447991291334764,-1.39206598466562
17.794,0.426854137065006,-1.37092773778972
17.796,0.415180920060093,-1.33834976646692
17.798,0.425429496645359,-1.2843600114194
17.8,0.421527549188178,-1.24001008344789
17.802,0.437910118344168,-1.21002513367081
17.804,0.435890974863965,-1.1799899997593
17.806,0.427389388404298,-1.1486263685173
17.808,0.446431032490899,-1.11455084859222
17.81,0.464385904570949,-1.08455016264208
17.812,0.488351697955518,-1.06808704227108
17.814,0.499104962791879,-1.07411682539196
17.816,0.506615205829291,-1.11119255172301
17.818,0.509796767098145,-1.16273680959733
17.82,0.507578797593896,-1.21924368166616
17.822,0.50525579576159,-1.28028766053504
17.824,0.502340943141494,-1.33309122872389
17.826,0.507995969704646,-1.38029238293363
17.828,0.510235402895198,-1.4042569033479
17.83,0.506790366863319,-1.41252333793123
17.832,0.491001799104402,-1.41134065559474
17.834,0.486531496615354,-1.39519977904608
17.836,0.484848746153817,-1.39108571037566
17.838,0.484934583616868,-1.39829147667856
17.84,0.486392471693626,-1.39255515607195
17.842,0.480879647174643,-1.38953824417225
17.844,0.486842577163653,-1.38406528465794
17.846,0.483925886318245,-1.40221985746207
17.848,0.493300428720295,-1.41399085858128
17.85,0.493754898604177,-1.4096979398123
17.852,0.499690286136555,-1.40425236433345
17.854,0.498212221544086,-1.39177181930136
17.856,0.489935428003428,-1.3931588821962
17.858,0.478846785827735,-1.385343872759
17.86,0.473097870994914,-1.3684992752079
17.862,0.470143000731715,-1.36732950151287
17.864,0.458997154230982,-1.37174280012379
17.866,0.460831269759722,-1.37817981071452
17.868,0.457690345106461,-1.37751309715748
17.87,0.452641925527193,-1.37452163161481
17.872,0.453055453615119,-1.39046423733331
17.874,0.448597495792908,-1.40289133066903
17.876,0.449306030008451,-1.40136336120375
17.878,0.436705616363578,-1.39564455273082
17.88,0.422387430343085,-1.37571316947113
17.882,0.411988321727872,-1.34213560110821
17.884,0.408199294932091,-1.3090564146366
17.886,0.397714451867215,-1.27732169731508
17.888,0.394130684468804,-1.25175998583157
17.89,0.378578509464903,-1.24351872314677
17.892,0.384363554559538,-1.2380547161624
17.894,0.405132384253598,-1.22705283709384
17.896,0.416511287818839,-1.24152590126189
17.898,0.413433606802574,-1.26249396333817
17.9,0.406628053156577,-1.27915343683458
17.902,0.397684752062466,-1.27723525788379
17.904,0.388352060517176,-1.27472466662573
17.906,0.387584996706971,-1.25584864239623
17.908,0.37447152484709,-1.23816250870875
17.91,0.369924220943602,-1.20899534775514
17.912,0.365555466638166,-1.1827309449241
17.914,0.353943623129673,-1.14421150635163
17.916,0.347168486402138,-1.11882944742963
17.918,0.359664695851002,-1.0833437855699
17.92,0.361095536849333,-1.07047729546313
17.922,0.355527596229471,-1.07507642472762
17.924,0.353335442156497,-1.07412485753629
17.926,0.361664779574598,-1.0790078295911
17.928,0.382493880768242,-1.08628290476807
17.93,0.399190309413674,-1.10639435544402
17.932,0.407553367922055,-1.13093085610116
17.934,0.416433748480142,-1.16186340700318
17.936,0.428358217511254,-1.20305287759064
17.938,0.417225303950984,-1.23660655734819
17.94,0.407418791981415,-1.25966948842223
17.942,0.391816705853054,-1.26478801289329
17.944,0.392686300585248,-1.26736813145766
17.946,0.393468451639383,-1.27043073651885
17.948,0.402136250779059,-1.26252208911034
17.95,0.394134147370853,-1.24521983034682
17.952,0.39791751362538,-1.21949315758893
17.954,0.407686480319745,-1.19163344234412
17.956,0.440151318912968,-1.16242351880129
17.958,0.441936733597059,-1.15846765509641
17.96,0.443521099283942,-1.15775835042109
17.962,0.448243184598183,-1.16490230280247
17.964,0.462551092542681,-1.17498220975216
17.966,0.45910247142511,-1.20130923804075
17.968,0.471235520370237,-1.22329315086493
17.97,0.468835086258622,-1.24797763785902
17.972,0.454567375025468,-1.26919188830895
17.974,0.454446930574442,-1.28158733598434
17.976,0.440313923791777,-1.30375895757931
17.978,0.452110431634629,-1.29343986339702
17.98,0.444327270872907,-1.29830669367909
17.982,0.433000108571812,-1.30812197557311
17.984,0.425640529203486,-1.3132369834988
17.986,0.406457586386461,-1.30512352456999
17.988,0.411492177985926,-1.29957799789134
17.99,0.420104147786838,-1.29230567395428
17.992,0.429166694381731,-1.29973199790891
17.994,0.43840158625406,-1.30460332485975
17.996,0.450286823757406,-1.30822481161155
17.998,0.453951558800264,-1.32033460288819
18,0.467409015724465,-1.32609971585207
18.002,0.475618316364485,-1.34764374969597
18.004,0.466365628894179,-1.35880631278755
18.006,0.45464630768605,-1.36120607317382
18.008,0.458495432650692,-1.36133404617627
18.01,0.468637924051991,-1.3656158711848
18.012,0.481832325012958,-1.37650907910535
18.014,0.484958904032752,-1.39277226360257
18.016,0.459218647287945,-1.43204929475139
18.018,0.478726780982072,-1.45760143969245
18.02,0.481891075469946,-1.48732472609419
18.022,0.472098049975989,-1.50656973153555
18.024,0.460585716126614,-1.50377395182587
18.026,0.449378673265534,-1.48733154436041
18.028,0.43970617302526,-1.46364011744951
18.03,0.427399276246561,-1.4369359895599
18.032,0.413863180618868,-1.3991228041688
18.034,0.407484899841671,-1.35792522887435
18.036,0.404074342701622,-1.32525136312413
18.038,0.428027673539351,-1.29549851732936
18.04,0.430647591863439,-1.29220658510094
18.042,0.438131592494441,-1.28264038581461
18.044,0.434093852528481,-1.27073661240589
18.046,0.428056835778077,-1.2712225243754
18.048,0.449064366003094,-1.25537844029941
18.05,0.454557712662934,-1.25223794788054
18.052,0.462140553023947,-1.23391013687132
18.054,0.463469693052178,-1.22961768526412
18.056,0.468144394569849,-1.23016039454233
18.058,0.470118847229223,-1.22709662896673
18.06,0.472163554348334,-1.23758197810622
18.062,0.477716645835926,-1.24960432785371
18.064,0.495608023097371,-1.27460409877492
18.066,0.510105581136688,-1.29249671094227
18.068,0.519559719081654,-1.30900781456478
18.07,0.526720889967877,-1.33647538288728
18.072,0.519494268474653,-1.36012966401256
18.074,0.507908351765562,-1.37307405554656
18.076,0.513472681833401,-1.379873334608
18.078,0.503481324621233,-1.37989660788447
18.08,0.493736927250929,-1.37667565717893
18.082,0.485504040962586,-1.36695926536249
18.084,0.478962086906922,-1.36575545653362
18.086,0.480596903666525,-1.3538851611907
18.088,0.478209015824861,-1.35909891359668
18.09,0.477577402405694,-1.35400360815951
18.092,0.469809290369776,-1.34972966174873
18.094,0.460710845188318,-1.34043612664553
18.096,0.439767924155902,-1.3453426685037
18.098,0.448311638911069,-1.34971788198332
18.1,0.452088070775963,-1.35354271712519
18.102,0.446854029781013,-1.35566029096052
18.104,0.442651124672237,-1.36118802595747
18.106,0.437896602903214,-1.36475431665318
18.108,0.419225695171036,-1.36211823633621
18.11,0.411844308206521,-1.33567748639436
18.112,0.405247605847717,-1.30371014018111
18.114,0.405453896559608,-1.28259951151459
18.116,0.401961029775575,-1.25611312160468
18.118,0.406668376696911,-1.23939967145381
18.12,0.41032867009937,-1.22878108545397
18.122,0.421114692754465,-1.23015906920013
18.124,0.430222518154109,-1.23573461144504
18.126,0.43637865876562,-1.24908961075281
18.128,0.434154987029744,-1.26669448501938
18.13,0.434185865815714,-1.27875404973771
18.132,0.432961095602323,-1.29124094840884
18.134,0.426650573153949,-1.2973364465009
18.136,0.424270325443167,-1.29856600146648
18.138,0.416278494652893,-1.28534081780243
18.14,0.420145457901499,-1.28613496957019
18.142,0.425692114827132,-1.27819982015042
18.144,0.417129067259664,-1.27458947071612
18.146,0.425963619891758,-1.27580050833931
18.148,0.427341443069058,-1.28004197797319
18.15,0.421159054510223,-1.27683584497329
18.152,0.422237087467809,-1.27702288948622
18.154,0.421208702894275,-1.28707664143468
18.156,0.437643600171363,-1.28783227180506
18.158,0.427779089998288,-1.30455756655364
18.16,0.42706160449674,-1.3220260537436
18.162,0.419962390990795,-1.33751447167918
18.164,0.414342488295543,-1.35034236731096
18.166,0.419084534900896,-1.35517482530657
18.168,0.429856489783533,-1.37298377400591
18.17,0.429785223305411,-1.38327973890773
18.172,0.434629499810161,-1.38920570252825
18.174,0.435976104596723,-1.39126884941654
18.176,0.437396069709681,-1.38871176900821
18.178,0.423226369331187,-1.39871556852959
18.18,0.416478670215515,-1.39770689341782
18.182,0.430939458060835,-1.38430433321447
18.184,0.43552634147085,-1.37883345702757
18.186,0.444488584409902,-1.37903544791134
18.188,0.44982820522131,-1.39141882014439
18.19,0.450277948485557,-1.41139937746261
18.192,0.457947221446011,-1.43718665056408
18.194,0.45640055623959,-1.45297875214512
18.196,0.436395971979046,-1.47394767210759
18.198,0.446514492341408,-1.47497738870535
18.2,0.449780207289892,-1.474499381072
18.202,0.435968243018067,-1.47789990088496
18.204,0.433652409409283,-1.47583334919586
18.206,0.428395239290492,-1.46158398869855
18.208,0.426206532787436,-1.44176401460733
18.21,0.425885621451664,-1.42312544048573
18.212,0.424413724003445,-1.41142043706177
18.214,0.422724271242358,-1.38464079186495
18.216,0.433672366769105,-1.35358920737908
18.218,0.425255459729832,-1.33923890795311
18.22,0.434215954755839,-1.34350281355311
18.222,0.438154597439444,-1.35743756935823
18.224,0.421163042526757,-1.37704163735933
18.226,0.424536800719228,-1.382732679672
18.228,0.423015875119852,-1.3911726514292
18.23,0.429304282161176,-1.38805638412973
18.232,0.421807065907412,-1.39315061688594
18.234,0.412325640498093,-1.38738720300294
18.236,0.403062682602993,-1.37246044891356
18.238,0.396761696104613,-1.35844678987066
18.24,0.393458165117397,-1.33568089539014
18.242,0.394817538582491,-1.30974900227694
18.244,0.393792846574984,-1.29529394461961
18.246,0.397294295509206,-1.29063178715034
18.248,0.403557169703156,-1.28185884384493
18.25,0.406118804833282,-1.27658545054927
18.252,0.410037494245414,-1.28118410429088
18.254,0.408838035800368,-1.291198930504
18.256,0.414656093052128,-1.29745050258092
18.258,0.410453032292797,-1.3033012860304
18.26,0.415197240396518,-1.30791052012148
18.262,0.415608795073393,-1.30539671315841
18.264,0.417788481756802,-1.30947090465734
18.266,0.419398366773682,-1.3007479498446
18.268,0.423694208049065,-1.29809095161313
18.27,0.424012832612577,-1.292877738375
18.272,0.424104302274614,-1.28930744070211
18.274,0.424009610451029,-1.29360880284682
18.276,0.428687849117436,-1.3003831855705
18.278,0.430752870903725,-1.3207640809005
18.28,0.433259971545738,-1.34512086476168
18.282,0.437887578627179,-1.36543093357343
18.284,0.442729329687858,-1.37832347268912
18.286,0.445774971994042,-1.38592645656021
18.288,0.452214599980213,-1.37760110484595
18.29,0.443940629840008,-1.3642650726061
18.292,0.439278492251109,-1.33078830048263
18.294,0.447542215838101,-1.29308976065415
18.296,0.441569601243541,-1.26017778266458
18.298,0.462057196961854,-1.23492885039209
18.3,0.46943172952646,-1.23088920281451
18.302,0.459472209437803,-1.23047532422763
18.304,0.44396017189725,-1.24787814499105
18.306,0.415275063333182,-1.25118066627817
18.308,0.416858067485561,-1.24637812637532
18.31,0.403904932801453,-1.23628354291145
18.312,0.393334116249172,-1.23162910181088
18.314,0.396286507464632,-1.21169851364103
18.316,0.385470395897953,-1.20060900770255
18.318,0.404332145431829,-1.17764488144688
18.32,0.411415403344416,-1.17052126647747
18.322,0.41763924270768,-1.16087026689246
18.324,0.425185651173504,-1.14608629590776
18.326,0.436380159586013,-1.14492685388469
18.328,0.45273195089923,-1.15420311759782
18.33,0.450669813612553,-1.19189505582536
18.332,0.444891229412774,-1.22920437979628
18.334,0.451102238388615,-1.26979128712024
18.336,0.443373627887291,-1.30448252176976
18.338,0.462468699765809,-1.3237673357828
18.34,0.474234490628628,-1.33955657487265
18.342,0.493035801755222,-1.3465404731467
18.344,0.501383392215063,-1.35470954099342
18.346,0.487783094586818,-1.35556528775931
18.348,0.489718122750423,-1.32429795270095
18.35,0.480505665830771,-1.30845642816775
18.352,0.469149751107367,-1.29852095094225
18.354,0.462754666775522,-1.29782970476869
18.356,0.456326999665166,-1.30566931864368
18.358,0.456221580998143,-1.30959393101979
18.36,0.450558498961381,-1.32200856836908
18.362,0.458137561741265,-1.34650571043944
18.364,0.461233367892308,-1.3686905870213
18.366,0.458064928838777,-1.38246487517644
18.368,0.448851919040177,-1.38659994901993
18.37,0.442618463289871,-1.38000900896251
18.372,0.434649063258877,-1.36845335886498
18.374,0.43843741758694,-1.35313330406415
18.376,0.440857111070575,-1.33404755785048
18.378,0.433105799575178,-1.3237562826322
18.38,0.425031066640174,-1.32034726544815
18.382,0.423536380207816,-1.31333235843326
18.384,0.42005655479942,-1.31134774953026
18.386,0.413167682164964,-1.3081139177876
18.388,0.406110619206431,-1.30459800798097
18.39,0.407683626421212,-1.3096067487654
18.392,0.41221607432699,-1.32136899830484
18.394,0.409687358457654,-1.33556444758592
18.396,0.398109991635591,-1.33854729213579
18.398,0.396101529627533,-1.33237528109332
18.4,0.378386222447762,-1.32098643611148
18.402,0.376978308617166,-1.30164101641056
18.404,0.37217278443479,-1.29211010150955
18.406,0.365344965902824,-1.27520235231342
18.408,0.369794325280609,-1.25288995127451
18.41,0.382299936582353,-1.23662009716554
18.412,0.387157531555159,-1.22954333964264
18.414,0.397841040372535,-1.23012206133002
18.416,0.40121214533807,-1.23700862002915
18.418,0.396193318708687,-1.24566213851092
18.42,0.39460414281896,-1.25161644105825
18.422,0.393854139783703,-1.25864094445632
18.424,0.403880547277648,-1.25363282297808
18.426,0.403950162593978,-1.2525956046671
18.428,0.418938892217362,-1.24275142367554
18.43,0.408514429726767,-1.24620733573443
18.432,0.402139588750412,-1.24660888827818
18.434,0.399654781339565,-1.23789943179896
18.436,0.406108856907528,-1.22819003679645
18.438,0.394966155920585,-1.23701655857237
18.44,0.392976790103621,-1.24711398834018
18.442,0.381080268237417,-1.25678168896381
18.444,0.375720851946163,-1.25796383767091
18.446,0.369437075328095,-1.24341070691812
18.448,0.371852960263559,-1.23032624622982
18.45,0.367158163514696,-1.22741888406833
18.452,0.371106894379447,-1.19985728765574
18.454,0.380938320304388,-1.18846013268749
18.456,0.396811296241012,-1.16379005375461
18.458,0.414412416746485,-1.15555859279633
18.46,0.424762612189348,-1.16777320208882
18.462,0.443222051186641,-1.19055036508791
18.464,0.453934441578477,-1.22017063853371
18.466,0.453923813904729,-1.24240241342746
18.468,0.440239019011626,-1.25957825936764
18.47,0.426527638310566,-1.26201872061379
18.472,0.413469318850987,-1.25628050162645
18.474,0.407104728881656,-1.24835984759901
18.476,0.409074285705076,-1.2236905641832
18.478,0.385648574938225,-1.21445702735721
18.48,0.379174017265355,-1.18634522374616
18.482,0.370409213561092,-1.1700374442276
18.484,0.368041696220417,-1.15381599953147
18.486,0.360098935756377,-1.13828140881262
18.488,0.37002889106874,-1.13240954536621
18.49,0.380212219643211,-1.12653970665446
18.492,0.3864774095345,-1.12331227079712
18.494,0.394806228122467,-1.11800932785235
18.496,0.424578474228954,-1.10711067332347
18.498,0.410863568048688,-1.13018643869141
18.5,0.410861267178021,-1.1379339855043
18.502,0.406442848731934,-1.13346526110267
18.504,0.404368091383172,-1.13402828285233
18.506,0.402678199215034,-1.13152939788618
18.508,0.402069186836288,-1.13490279062104
18.51,0.397388153877541,-1.13724614858591
18.512,0.398715879573711,-1.13283260215285
18.514,0.402609143336152,-1.13269566762083
18.516,0.402531330179308,-1.15288940937272
18.518,0.401417347853436,-1.13996287875468
18.52,0.405527098192074,-1.13470714267644
18.522,0.405297411496611,-1.13218997216461
18.524,0.401752286000982,-1.13368182504796
18.526,0.400811406565636,-1.14662424043823
18.528,0.396428202220806,-1.1479043490467
18.53,0.395024395401474,-1.16039003151977
18.532,0.38479032650865,-1.17484446087048
18.534,0.384102085132939,-1.18594958407265
18.536,0.388827906069494,-1.19578325196419
18.538,0.395905276066357,-1.20377889831798
18.54,0.382202936212281,-1.2190438065817
18.542,0.377228639714023,-1.21426966846537
18.544,0.370439114633981,-1.20312374398913
18.546,0.373012476537427,-1.19308331361641
18.548,0.365004736897754,-1.18631536781395
18.55,0.35875382556705,-1.17678065045205
18.552,0.359851831715792,-1.18792629591011
18.554,0.35238484846883,-1.19956556030972
18.556,0.357756768804737,-1.20683506413199
18.558,0.37448156999379,-1.21588037281104
18.56,0.375301707255247,-1.21436592630356
18.562,0.376869944295945,-1.2280735564211
18.564,0.368202559857446,-1.23805153579571
18.566,0.364023860941589,-1.23897400730842
18.568,0.36492084578285,-1.2230628372946
18.57,0.364868142929342,-1.21555196100954
18.572,0.377211411621635,-1.21350225133666
18.574,0.387259475131349,-1.21572244067095
18.576,0.393357902868755,-1.21826551815654
18.578,0.364224067705695,-1.22037004821971
18.58,0.335911196159398,-1.20050372528689
18.582,0.332598565940184,-1.16106584140211
18.584,0.33592319122814,-1.11005199573431
18.586,0.345380462577773,-1.07176137974545
18.588,0.37238546751989,-1.03498818837312
18.59,0.38744349610294,-1.01335409885082
18.592,0.399326493842508,-1.00432292217013
18.594,0.413616645291244,-1.02052729903338
18.596,0.418235243214159,-1.0478016233837
18.598,0.425001402901598,-1.07083198929349
18.6,0.418138509177575,-1.10354458521164
18.602,0.424147994515827,-1.13179540682119
18.604,0.413316905729938,-1.16045944429335
18.606,0.391611423821158,-1.1951064446251
18.608,0.389483312348619,-1.19473780945755
18.61,0.38611831853386,-1.19970913400088
18.612,0.38855687268179,-1.19997204011488
18.614,0.395244493974571,-1.20407581424029
18.616,0.392001705632597,-1.22285446138463
18.618,0.417983662078817,-1.23231394351854
18.62,0.415226590763662,-1.2589908204003
18.622,0.426129020905291,-1.2752238205407
18.624,0.432174413110941,-1.2952984924734
18.626,0.428819032763334,-1.32894589395611
18.628,0.434515404335828,-1.34284130564479
18.63,0.435754390480494,-1.3601721076948
18.632,0.431562612497609,-1.37506824186045
18.634,0.42453914189402,-1.37901871110629
18.636,0.425977146700277,-1.36510352080313
18.638,0.418480667690884,-1.35863223623797
18.64,0.423511939304807,-1.35361466826359
18.642,0.423665637248469,-1.34398634626288
18.644,0.419802418716598,-1.34302147897227
18.646,0.419838548847067,-1.33956897852088
18.648,0.436339223302229,-1.33442871347038
18.65,0.444437655772511,-1.32735946455956
18.652,0.457504295375697,-1.32454377304954
18.654,0.466412539782511,-1.324011187418
18.656,0.463972050555931,-1.33320363743854
18.658,0.462927075717628,-1.33682298472853
18.66,0.457963475909264,-1.34460119331275
18.662,0.455705019042665,-1.34937036788268
18.664,0.454035660395869,-1.3552175554541
18.666,0.442352905707428,-1.37390333348827
18.668,0.454126879734565,-1.37720239801401
18.67,0.445375679432401,-1.38168581366497
18.672,0.440673953725866,-1.38960558780022
18.674,0.436413471431944,-1.39213925027214
18.676,0.426677896823355,-1.37354382059594
18.678,0.432334614312201,-1.36753407837035
18.68,0.435209491921666,-1.34941131370084
18.682,0.431354782946812,-1.34045428149876
18.684,0.431895962378985,-1.32509465303642
18.686,0.43288791409256,-1.29438757274836
18.688,0.423772609396692,-1.27882235817202
18.69,0.42685105042845,-1.26047473611313
18.692,0.433207733386567,-1.24975245236266
18.694,0.435893607524819,-1.24595336987493
18.696,0.439131860084812,-1.26331461669262
18.698,0.453427847771489,-1.27793015204403
18.7,0.452396332785274,-1.30114079794647
18.702,0.44500522471993,-1.31642371074763
18.704,0.4445323631452,-1.31267020064934
18.706,0.443753346184065,-1.30445535051857
18.708,0.436592095819864,-1.29275546554047
18.71,0.434829764276002,-1.28612947323288
18.712,0.434273243272492,-1.27765918258895
18.714,0.435103332985368,-1.27549622332862
18.716,0.424405777720541,-1.2906467967176
18.718,0.435757295468792,-1.29217345876348
18.72,0.434327860044364,-1.29679217149706
18.722,0.436800449399245,-1.30206060616296
18.724,0.433076021246678,-1.30807290983809
18.726,0.43443942710021,-1.31331850711448
18.728,0.429767081842116,-1.32327085182508
18.73,0.431771932529099,-1.33728694196696
18.732,0.430543372862711,-1.34624172888506
18.734,0.414463006890949,-1.36266858289521
18.736,0.415838316516906,-1.36898808496621
18.738,0.394253629891015,-1.37275721660311
18.74,0.387518507418886,-1.35845332934454
18.742,0.380156999788358,-1.34400164475769
18.744,0.377758250202945,-1.33101149614526
18.746,0.385101257014276,-1.31388855380033
18.748,0.378484882800753,-1.29834540780641
18.75,0.383566898087261,-1.28146543244186
18.752,0.381864759277336,-1.2602797825424
18.754,0.380642806855742,-1.23743714254639
18.756,0.390704058488536,-1.21562591424382
18.758,0.401722694520819,-1.21301070868343
18.76,0.411320044821146,-1.21513724111211
18.762,0.419419374328946,-1.2425329226768
18.764,0.420396262085211,-1.27262578380648
18.766,0.419211306509613,-1.30136862404425
18.768,0.417945660764188,-1.3325772586658
18.77,0.414978861232826,-1.34287656623658
18.772,0.406161201433346,-1.34559338532502
18.774,0.400772140143335,-1.34146445270692
18.776,0.40879366964912,-1.32280261436999
18.778,0.396445584805136,-1.32519524337628
18.78,0.396075687522227,-1.32814187882965
18.782,0.390813883556148,-1.33705890301911
18.784,0.388903185379022,-1.34043485409373
18.786,0.397583509142496,-1.34860066473957
18.788,0.403988507288105,-1.36204439972177
18.79,0.407964351262054,-1.37073723457306
18.792,0.412196722529927,-1.38493293764172
18.794,0.415858144631498,-1.39746304005513
18.796,0.419133176425032,-1.40561412961875
18.798,0.421518611141832,-1.40679824828092
18.8,0.419568983919728,-1.39048142104124
18.802,0.417999527653097,-1.37700987602909
18.804,0.414395577083873,-1.34880098551426
18.806,0.408038870568267,-1.32603290097681
18.808,0.4112726500614,-1.28932872159348
18.81,0.418987076235262,-1.26008578914326
18.812,0.427057497109725,-1.24415511502495
18.814,0.422006109890344,-1.24399994812635
18.816,0.436250907218364,-1.24404824646232
18.818,0.431243361384976,-1.27070486274749
18.82,0.428810706124689,-1.29819029338215
18.822,0.425641230342266,-1.31593341074429
18.824,0.43649629789962,-1.34008042988525
18.826,0.434096293828137,-1.37453099701959
18.828,0.422545365481039,-1.38002233355521
18.83,0.41619343804641,-1.38476041207528
18.832,0.417691974157001,-1.37876662629899
18.834,0.414912510921422,-1.36516409317656
18.836,0.428411624007239,-1.34828142968032
18.838,0.429313340519049,-1.34652553482665
18.84,0.430032359455921,-1.34950798224579
18.842,0.438910160074203,-1.33758204155597
18.844,0.438625693408807,-1.34287300331509
18.846,0.445751035224563,-1.34746899227473
18.848,0.443850511854962,-1.35640598185566
18.85,0.442321975840564,-1.35974378443149
18.852,0.449674706490674,-1.36598115553004
18.854,0.45551439076593,-1.38004958653817
18.856,0.484872856932981,-1.3900734057001
18.858,0.475383893695193,-1.41690547092836
18.86,0.473440199099956,-1.43534597090881
18.862,0.471187555156765,-1.45548379358928
18.864,0.455684646830181,-1.47342616331026
18.866,0.449672833156061,-1.49509280707781
18.868,0.432923928501411,-1.50828391007118
18.87,0.422296587979036,-1.50005971138089
18.872,0.418325216078048,-1.48772088254455
18.874,0.416518526232456,-1.46495935156597
18.876,0.427499738086011,-1.43305638061182
18.878,0.420488054190907,-1.407367892545
18.88,0.418737749204282,-1.37120425747201
18.882,0.423484184049406,-1.33545402121814
18.884,0.426941658138301,-1.31535144951175
18.886,0.431727081356695,-1.31242424361307
18.888,0.433253434041327,-1.32312194228833
18.89,0.440537310201325,-1.34422133179863
18.892,0.447160422259742,-1.37105782503454
18.894,0.451294855262292,-1.38872743687689
18.896,0.435373708173741,-1.41109270105834
18.898,0.450399514382046,-1.42477509341314
18.9,0.447699937652871,-1.427039986694
18.902,0.447118965759269,-1.4175917614992
18.904,0.443885203508585,-1.40210637601913
18.906,0.451480035813819,-1.37426165628672
18.908,0.433902302716564,-1.35728976550467
18.91,0.441594184594653,-1.32768975310384
18.912,0.447556998932582,-1.30238398920955
18.914,0.454347523645781,-1.28586754710013
18.916,0.455254023447653,-1.29001563990561
18.918,0.442789397127631,-1.28814850538997
18.92,0.432034407237111,-1.28307938615198
18.922,0.437630459829318,-1.27721654990774
18.924,0.434838380474717,-1.26955128897302
18.926,0.433426726466889,-1.26219827305142
18.928,0.446322633831793,-1.24707371273146
18.93,0.449290360733761,-1.2378005207282
18.932,0.448905389533552,-1.22625720523956
18.934,0.448361583961225,-1.22363357699374
18.936,0.449540704318904,-1.22016082181869
18.938,0.434345525017521,-1.23138472598433
18.94,0.428807248299342,-1.21842328464981
18.942,0.421684581449851,-1.22646517118213
18.944,0.430274642259909,-1.23426098401798
18.946,0.426569384168056,-1.26264823659856
18.948,0.424116702587531,-1.26526009292828
18.95,0.419999986682416,-1.26449815919623
18.952,0.41691294354683,-1.2663493632494
18.954,0.412004403420604,-1.27027313126498
18.956,0.392272784500215,-1.27852960984588
18.958,0.402146598366336,-1.27627685810761
18.96,0.380430886958329,-1.27376911624419
18.962,0.378913704913046,-1.2571051936639
18.964,0.390527327347621,-1.23837646684126
18.966,0.396502853312601,-1.23709156584093
18.968,0.394149451456171,-1.23964008368155
18.97,0.387417526868147,-1.23557035569906
18.972,0.385175259783612,-1.22823667888577
18.974,0.39022979411665,-1.20923521459692
18.976,0.391342948343709,-1.20071101297885
18.978,0.393659206623729,-1.19251276830787
18.98,0.393513523822668,-1.17956636409341
18.982,0.410517313326402,-1.16561719026864
18.984,0.412565495243414,-1.16449968494521
18.986,0.414403437342762,-1.15515929998766
18.988,0.39989447210989,-1.15938636370115
18.99,0.382716351456524,-1.14843783973498
18.992,0.38569011346459,-1.14635359647686
18.994,0.378973353297042,-1.1446717544118
18.996,0.366132907221364,-1.14808750015844
18.998,0.372327331846895,-1.14855232131496
19,0.366521335639198,-1.13915821776068
19.002,0.376017796363916,-1.11154221852596
19.004,0.384774769854016,-1.09793675785606
19.006,0.401345939789605,-1.09509451091777
19.008,0.413759792438273,-1.101958222671
19.01,0.413460265277978,-1.12225995409748
19.012,0.407761142415666,-1.15022522374591
19.014,0.408937916496657,-1.1860512262841
19.016,0.41279329980742,-1.20867486008278
19.018,0.412531537564993,-1.22956488023728
19.02,0.409779833351919,-1.24614034039937
19.022,0.410269177303495,-1.24466901614844
19.024,0.409550385338201,-1.2328988908771
19.026,0.418092413640933,-1.221131286153
19.028,0.424321707180028,-1.20862849289049
19.03,0.421380174426965,-1.20462593843209
19.032,0.42638408855939,-1.18989180407353
19.034,0.437256922284962,-1.19176235357557
19.036,0.435489275510601,-1.20205320344024
19.038,0.448932828965384,-1.22051869706617
19.04,0.459570577089714,-1.23875579262713
19.042,0.472106229260066,-1.26271145720685
19.044,0.474625849540024,-1.28251407130073
19.046,0.473574976820931,-1.31126711425725
19.048,0.477889507736673,-1.30960672264555
19.05,0.482157045362603,-1.31796190754094
19.052,0.48190507752171,-1.32721681578551
19.054,0.484033495937228,-1.34186630090152
19.056,0.474948676844386,-1.34894005867925
19.058,0.488538956270323,-1.34153266898372
19.06,0.486172829861042,-1.34348101405168
19.062,0.479590315939953,-1.35322113979198
19.064,0.474298161249976,-1.36810808925318
19.066,0.461021184902471,-1.36853788232288
19.068,0.453102581384706,-1.37835413377922
19.07,0.432595226770917,-1.38682689938208
19.072,0.408244028553599,-1.39541246185013
19.074,0.395906322494253,-1.38309503073433
19.076,0.38723217866525,-1.36108771090349
19.078,0.388468549775538,-1.34413273224934
19.08,0.38476810208542,-1.31950111179003
19.082,0.386915415629373,-1.30332931760104
19.084,0.379600828013208,-1.29089787969733
19.086,0.372780637190471,-1.2887139588442
19.088,0.376989871323175,-1.26220393331414
19.09,0.380578440116597,-1.2582969481569
19.092,0.380018981633241,-1.25279074814253
19.094,0.388108187346497,-1.24749315672924
19.096,0.377780213536057,-1.2381980156243
19.098,0.378488322860133,-1.21954916533135
19.1,0.372480246637883,-1.20679948101203
19.102,0.364464066682041,-1.20189645098471
19.104,0.358538175684767,-1.19004093983043
19.106,0.343298850117797,-1.17942986023346
19.108,0.340158218375902,-1.15732072176128
19.11,0.3370583071198,-1.12979399983251
19.112,0.335316181572404,-1.10212051643108
19.114,0.326182121262902,-1.07715684880724
19.116,0.33579458971528,-1.05443080401523
19.118,0.338539321133407,-1.05206282181903
19.12,0.346750275483797,-1.0556755342264
19.122,0.356812515436944,-1.0635986307423
19.124,0.359370116252018,-1.07099452898933
19.126,0.361046592340274,-1.10099271942036
19.128,0.36767264551501,-1.12291610529261
19.13,0.378868270485757,-1.14155041603657
19.132,0.378193835017188,-1.16429550423178
19.134,0.378431015740811,-1.17514579636483
19.136,0.380410378271668,-1.16712849325236
19.138,0.388653875211481,-1.16101913933286
19.14,0.390580214911135,-1.14525895455644
19.142,0.390380808785453,-1.12470754452222
19.144,0.393305433441202,-1.11247190776019
19.146,0.395853534415522,-1.10219224758834
19.148,0.401101896164059,-1.09344523002061
19.15,0.417040591084987,-1.09823203232681
19.152,0.423555988457382,-1.10894214395002
19.154,0.434599209463784,-1.13090666535592
19.156,0.446605875305919,-1.15419276211149
19.158,0.454023870776486,-1.19688577260904
19.16,0.441465256807531,-1.23956531202393
19.162,0.442292234849889,-1.26480505980026
19.164,0.44307287362291,-1.29228701649401
19.166,0.450839129649137,-1.31296247768478
19.168,0.454239538877104,-1.32818077498702
19.17,0.463572204180707,-1.33516262342232
19.172,0.463834673142656,-1.33765489079316
19.174,0.467958940004914,-1.34215413743353
19.176,0.471636674997446,-1.33275624318079
19.178,0.474924748466239,-1.31439012313245
19.18,0.474434303069935,-1.30548999813202
19.182,0.477351883197071,-1.29603483338801
19.184,0.477396276546444,-1.30875227929087
19.186,0.454232372746631,-1.32098120432087
19.188,0.456779902053991,-1.3176968916845
19.19,0.454522998752303,-1.31205786705644
19.192,0.453441108985322,-1.30596047086543
19.194,0.451737624552284,-1.30310963925263
19.196,0.445393169105225,-1.30382938946185
19.198,0.45176687346253,-1.30300485733553
19.2,0.454022232525379,-1.30374197082459
19.202,0.459245670647613,-1.30950738230121
19.204,0.464330750503331,-1.3106656240733
19.206,0.475443661406176,-1.30552939982302
19.208,0.47105073322695,-1.31460368907677
19.21,0.460974634692355,-1.31765575521818
19.212,0.465226128186614,-1.32558050334513
19.214,0.466331441915215,-1.33266770373494
19.216,0.474785833672699,-1.34767518210006
19.218,0.471431811634659,-1.37410770775021
19.22,0.473324428641268,-1.39594521444578
19.222,0.468701885430503,-1.415457773116
19.224,0.460120786188753,-1.43895133114998
19.226,0.455562469867401,-1.45922623761756
19.228,0.45421448648041,-1.4590896944204
19.23,0.44666554852872,-1.46110704525026
19.232,0.444320190749934,-1.4455947405366
19.234,0.43779365970125,-1.42954978300226
19.236,0.439294236954717,-1.41616028608027
19.238,0.422981500140197,-1.39915158437237
19.24,0.426708130543928,-1.38610484409747
19.242,0.427527848324816,-1.38129462386079
19.244,0.42901934134284,-1.3806237472916
19.246,0.44130034043261,-1.37977395086122
19.248,0.436126698764818,-1.39316763293079
19.25,0.43130054350264,-1.40705266972335
19.252,0.427151769343125,-1.41908186339152
19.254,0.42282767867134,-1.425338500153
19.256,0.405903979102811,-1.43098085925343
19.258,0.415910645724098,-1.42240635781332
19.26,0.414471664741404,-1.4060666568426
19.262,0.418537205962997,-1.38738620130371
19.264,0.430000547904448,-1.37099501258346
19.266,0.44100208300833,-1.35407953388791
19.268,0.433324612972826,-1.33683351902254
19.27,0.432060029079704,-1.32804113451919
19.272,0.443299664203276,-1.31321475989083
19.274,0.436342282934193,-1.31849903519435
19.276,0.427047680737158,-1.32399248584647
19.278,0.442655870780441,-1.33002877986933
19.28,0.444372562402238,-1.36365883267467
19.282,0.451915152488965,-1.40480263889238
19.284,0.452132421766338,-1.43967579950232
19.286,0.454299480694741,-1.45042654759055
19.288,0.442830292586344,-1.45499045757407
19.29,0.443657210609027,-1.43545165112245
19.292,0.433445619063369,-1.40594900088376
19.294,0.427168956141462,-1.36317702946383
19.296,0.418779135496401,-1.31664644033647
19.298,0.416659737540613,-1.28006854556036
19.3,0.425250145285559,-1.2509678898134
19.302,0.434691852087802,-1.2381315469776
19.304,0.433334088556432,-1.25584670203178
19.306,0.438970693729448,-1.27267383824326
19.308,0.445276520297985,-1.31438353859597
19.31,0.455254571449295,-1.36184832070363
19.312,0.460145912746756,-1.40500863236397
19.314,0.461932785124472,-1.43279509781221
19.316,0.479412433454582,-1.43168114900906
19.318,0.44943982356947,-1.42704582156624
19.32,0.440559265222994,-1.40910556227728
19.322,0.436639770636559,-1.38316337789685
19.324,0.423321483316992,-1.35190327320039
19.326,0.418302246875659,-1.32343286198635
19.328,0.415700598381227,-1.30046155467415
19.33,0.429204144137586,-1.29421074953196
19.332,0.443612955098614,-1.308881755868
19.334,0.448523234767981,-1.34333323899067
19.336,0.452608153161941,-1.37298155358764
19.338,0.444818973484717,-1.39401958316782
19.34,0.443005653559272,-1.40583139104917
19.342,0.447065106796286,-1.40813420860743
19.344,0.443362286578436,-1.39078890660966
19.346,0.446127797284989,-1.36042274605769
19.348,0.435482024434388,-1.33325580018635
19.35,0.426965063001539,-1.30516230042762
19.352,0.436818057446975,-1.30079942891622
19.354,0.425099098886363,-1.29323647476678
19.356,0.443635792074367,-1.29909438834608
19.358,0.436665812045488,-1.32322945921807
19.36,0.43550694736444,-1.35948242212121
19.362,0.438570296813876,-1.39543831663843
19.364,0.424925508102943,-1.42853555595431
19.366,0.425576510412203,-1.44877566205761
19.368,0.420463859890123,-1.45036474953477
19.37,0.431393847692141,-1.43479737193843
19.372,0.445474353768152,-1.4132049443841
19.374,0.455262077142469,-1.37642492090947
19.376,0.450767700905664,-1.33868747528152
19.378,0.455346729234351,-1.3078135597616
19.38,0.459918675863102,-1.27618636544937
19.382,0.453862481981076,-1.26346454650326
19.384,0.450351351083933,-1.26440697741899
19.386,0.448448572666398,-1.27577695609857
19.388,0.44228284203835,-1.30348335178146
19.39,0.439119566185775,-1.33912610333751
19.392,0.432911382259035,-1.37730542177297
19.394,0.426274305953567,-1.40309126602503
19.396,0.420527936073877,-1.44891976288548
19.398,0.42203749969513,-1.47811437172866
19.4,0.423129793643022,-1.49231800518226
19.402,0.423457935624848,-1.50281783733976
19.404,0.410727813086379,-1.49240440325949
19.406,0.385825844409393,-1.47357340608258
19.408,0.386083588610938,-1.41889650669283
19.41,0.392957111823044,-1.36646734754289
19.412,0.404935715520008,-1.31605341190698
19.414,0.417748866304857,-1.27960614153051
19.416,0.416378889163842,-1.24518859167442
19.418,0.425288579327715,-1.22648152224256
19.42,0.427483337887539,-1.22076200651271
19.422,0.421090585675186,-1.23011120983611
19.424,0.423808590951517,-1.25469251410214
19.426,0.426190989515235,-1.28862459846765
19.428,0.428232380460043,-1.31116438118333
19.43,0.422719277020809,-1.33664923836477
19.432,0.41637781934937,-1.35554238940022
19.434,0.414736534668605,-1.35511889710238
19.436,0.409626765349314,-1.34421155912413
19.438,0.398609536124458,-1.3195681110908
19.44,0.388917529182713,-1.29236219928931
19.442,0.385513943453169,-1.26473038517127
19.444,0.383876049129949,-1.25556550559476
19.446,0.375547912148593,-1.27404893947412
19.448,0.386422026185323,-1.27451562616018
19.45,0.386500025953166,-1.2954918000105
19.452,0.385651413984025,-1.30606553585
19.454,0.394340619669851,-1.33853450269924
19.456,0.392915544568636,-1.36264576503139
19.458,0.403268406087911,-1.37507930453229
19.46,0.400843786173874,-1.37575629883702
19.462,0.391922493353743,-1.3686370354311
19.464,0.38704018388598,-1.34423146144094
19.466,0.389842784691149,-1.31735724176499
19.468,0.371098675880009,-1.28523341367554
19.47,0.374739890983655,-1.2451084159264
19.472,0.374234734787594,-1.2099925526564
19.474,0.390980138606629,-1.19670283745588
19.476,0.399014006494079,-1.19122821967366
19.478,0.383844375435826,-1.19233284366293
19.48,0.373278130684694,-1.18939315206475
19.482,0.361629353235527,-1.17591397209032
19.484,0.359340974711659,-1.1695039849233
19.486,0.356685582014624,-1.17715867265408
19.488,0.374044366736168,-1.15781929984909
19.49,0.37772870142742,-1.14945606607275
19.492,0.386214799464912,-1.14876674395659
19.494,0.395464056775927,-1.1460118584785
19.496,0.403969460328387,-1.15336879803932
19.498,0.41340464052503,-1.16245086075897
19.5,0.422631237026969,-1.18531892625095
19.502,0.438040337972206,-1.21284303067031
19.504,0.445575196471688,-1.25412515707901
19.506,0.448218825685741,-1.29901995067063
19.508,0.445386716108712,-1.34410332651269
19.51,0.432031710169214,-1.38012950829817
19.512,0.413517901045406,-1.38480155330408
19.514,0.40758769929384,-1.37463527667174
19.516,0.398075180263396,-1.36219376234912
19.518,0.400508160539707,-1.32714403159871
19.52,0.38793968372847,-1.29012996108725
19.522,0.384114581437059,-1.24577576228061
19.524,0.380632260184284,-1.20208494513575
19.526,0.377460892307552,-1.15879583627722
19.528,0.380419849478433,-1.14268539818367
19.53,0.383948147119476,-1.14079241501467
19.532,0.380254544227175,-1.15261958009081
19.534,0.378881587118352,-1.16423119725044
19.536,0.375078164136913,-1.17299327605115
19.538,0.368845399110787,-1.18825862614387
19.54,0.368703417931945,-1.20554170741304
19.542,0.368087692900945,-1.21917973162333
19.544,0.36528835864801,-1.22878447778967
19.546,0.37364741709486,-1.23326138897706
19.548,0.370296387584988,-1.24561889578324
19.55,0.370566473780681,-1.23810875192641
19.552,0.371578354939293,-1.22488385922014
19.554,0.378332277319433,-1.21753836071277
19.556,0.381132217581005,-1.23147160485003
19.558,0.380984208493945,-1.25229541155189
19.56,0.376878769704245,-1.27263321844451
19.562,0.373249089706055,-1.27476971692706
19.564,0.368619500702642,-1.27719211571675
19.566,0.3618447876398,-1.27256308770469
19.568,0.356329206787189,-1.25071995933213
19.57,0.340753622491903,-1.23410921585453
19.572,0.339975833433306,-1.202221736657
19.574,0.336370031281768,-1.17279952537767
19.576,0.333529680399438,-1.14624963653636
19.578,0.329079562911892,-1.12333107791115
19.58,0.323722074675885,-1.11374752367306
19.582,0.307977585606257,-1.11048192514295
19.584,0.29731144724922,-1.10638260171787
19.586,0.295703488414644,-1.09265739516794
19.588,0.298829239012658,-1.08842661809797
19.59,0.302733147174586,-1.08153933244629
19.592,0.304741604123383,-1.08153128538289
19.594,0.302328059599887,-1.07732979251367
19.596,0.303051114538315,-1.06355697417054
19.598,0.316469768985102,-1.04730991868543
19.6,0.325662976144249,-1.03644551062574
19.602,0.334071029739192,-1.04272646125968
19.604,0.334525240308809,-1.04668607924107
19.606,0.333108634833708,-1.04180231682371
19.608,0.313530956488673,-1.04941350830032
19.61,0.315957353948091,-1.03480580616874
19.612,0.311275515538561,-1.02586330235407
19.614,0.325313540248081,-1.01253215716633
19.616,0.326940242412316,-1.00522415748853
19.618,0.344224281613878,-1.00957840347461
19.62,0.350272939198697,-1.02148801779306
19.622,0.342729514942193,-1.03098661775632
19.624,0.335871394359324,-1.04622091122768
19.626,0.339695655945079,-1.05248057214821
19.628,0.316513565713082,-1.04284834338328
19.63,0.319164239847059,-1.03945824893134
19.632,0.330999221390075,-1.02975183450573
19.634,0.337985073645361,-1.02028653310149
19.636,0.341903954375019,-1.02417426394828
19.638,0.347204574843607,-1.03229383067198
19.64,0.352593280284317,-1.05142075059002
19.642,0.352095021542436,-1.08033565028687
19.644,0.343670034467138,-1.10782890984239
19.646,0.346887921420171,-1.12246074519623
19.648,0.351359117180241,-1.14015337658028
19.65,0.353829586299141,-1.15433269216769
19.652,0.355803108818017,-1.16329913061079
19.654,0.350860463895395,-1.15150939144044
19.656,0.337235429751665,-1.13760256458497
19.658,0.344815691431804,-1.11267164154943
19.66,0.355665679687509,-1.09856484451046
19.662,0.368093781496766,-1.08554408891232
19.664,0.369406625284176,-1.07482799876726
19.666,0.378829014940558,-1.04844119554389
19.668,0.36240973387687,-1.04493890972417
19.67,0.349182398515923,-1.04167572636495
19.672,0.326442614665696,-1.04394199064361
19.674,0.307168694645032,-1.02777777632484
19.676,0.290881032200002,-1.02041256310626
19.678,0.288989694269767,-1.01616609461808
19.68,0.293192693503306,-0.979292553330374
19.682,0.306957628283528,-0.963779460134498
19.684,0.310584371077171,-0.94587525431497
19.686,0.322590318992057,-0.940030259937272
19.688,0.34151211605457,-0.949956001519478
19.69,0.337120931697379,-0.963408579459306
19.692,0.335691329048037,-0.967799899741131
19.694,0.32613781578949,-0.985557449850567
19.696,0.322597800357016,-0.985417439878069
19.698,0.32082936075766,-0.966286658130851
19.7,0.333026954782835,-0.944093899701174
19.702,0.341713021910618,-0.922587801366827
19.704,0.3642379419823,-0.896004820322273
19.706,0.3997657291874,-0.858271420110246
19.708,0.410179546884227,-0.849243727743813
19.71,0.419213380549127,-0.84519732691553
19.712,0.420520116303322,-0.834726179696247
19.714,0.410074367215627,-0.83726575349959
19.716,0.392784769017098,-0.851754757182831
19.718,0.386294151970405,-0.874280348615245
19.72,0.379774788398119,-0.915971806341767
19.722,0.369056408570098,-0.966899416634782
19.724,0.361142458484413,-1.0108110188452
19.726,0.346320777873614,-1.05444938877113
19.728,0.354986718225068,-1.08001122626698
19.73,0.35046362128147,-1.10272939959696
19.732,0.339266499252319,-1.11286970384733
19.734,0.330972262453138,-1.11027681184519
19.736,0.337591866927106,-1.09813230007113
19.738,0.331257643716091,-1.08034127104067
19.74,0.339939477842958,-1.06626151591249
19.742,0.344949263792765,-1.05844553850732
19.744,0.342825858723294,-1.05153964588354
19.746,0.330308372578593,-1.04786899228667
19.748,0.339325885988611,-1.02744501963084
19.75,0.355824936764139,-1.02371838687874
19.752,0.367887771825807,-1.02214591456332
19.754,0.382328831610127,-1.01226843984236
19.756,0.399792312846085,-0.999633529367508
19.758,0.406832053655417,-0.978150275430106
19.76,0.415513544531485,-0.96008276435251
19.762,0.405049307143711,-0.954394793754316
19.764,0.392534072837439,-0.956802017739374
19.766,0.388114846547489,-0.964036181538971
19.768,0.357809371964774,-0.956221806456127
19.77,0.338879592592744,-0.953473008937904
19.772,0.32685314043524,-0.938191790168701
19.774,0.312512629259007,-0.916890686742957
19.776,0.296996961773058,-0.901133196202036
19.778,0.288355987459024,-0.873027164570281
19.78,0.284480743158914,-0.844937762283663
19.782,0.28899780839359,-0.816221488608327
19.784,0.300773689521905,-0.788943094180859
19.786,0.303564877859026,-0.765297704843341
19.788,0.345922347042705,-0.734963763587964
19.79,0.372725968183618,-0.710311422734158
19.792,0.385551129960325,-0.684861894603494
19.794,0.391214550520564,-0.654290095729033
19.796,0.392724173071938,-0.621674718529805
19.798,0.408935291842911,-0.585960917432332
19.8,0.413170912571721,-0.577656958112045
19.802,0.411118809723405,-0.594898463139557
19.804,0.401919387594903,-0.619025518109351
19.806,0.406269200887589,-0.65410036584488
19.808,0.41545827732983,-0.689816841306649
19.81,0.441128330995953,-0.697798354024173
19.812,0.453686099272874,-0.703927012649309
19.814,0.457090421474064,-0.710977461201553
19.816,0.465502888474825,-0.712217307534942
19.818,0.485735345165334,-0.71900782623283
19.82,0.485724654482584,-0.740745026551965
19.822,0.466568133449238,-0.777665404220246
19.824,0.453305662963797,-0.833879743195669
19.826,0.427219602861102,-0.897689378910722
19.828,0.429707179033555,-0.955418160130664
19.83,0.418465401176036,-0.988482250768378
19.832,0.40671257756943,-1.01501730052929
19.834,0.400811366470871,-1.02762033611808
19.836,0.39479687764872,-1.02036183261072
19.838,0.36006507000786,-0.995271837777772
19.84,0.345495487329368,-0.95321032842318
19.842,0.328780588750841,-0.904864085346389
19.844,0.317163497970668,-0.850827884059729
19.846,0.303482806104232,-0.801304341813035
19.848,0.296064903335961,-0.780960532761538
19.85,0.293537262789153,-0.751636007567051
19.852,0.2860279185752,-0.717043954134632
19.854,0.284922033063627,-0.679791530037953
19.856,0.304760906444355,-0.636925276075602
19.858,0.289584043907332,-0.616667642615132
19.86,0.28994090540065,-0.58519429074406
19.862,0.291403181649273,-0.561954234024906
19.864,0.293834191450544,-0.538909689729994
19.866,0.280799395208619,-0.5280516725457
19.868,0.282712196527581,-0.522972876162564
19.87,0.275117910596168,-0.523717162524593
19.872,0.269674357671996,-0.510482753439045
19.874,0.274535891647621,-0.495707799331813
19.876,0.271920595025582,-0.488345098536897
19.878,0.267736960254095,-0.465359262933625
19.88,0.265414483724393,-0.450778719309877
19.882,0.263781977417608,-0.429073614517199
19.884,0.268445592790327,-0.401559784782805
19.886,0.267364108069764,-0.366137043929974
19.888,0.27116983321091,-0.340492684148556
19.89,0.265308673687048,-0.316131692040694
19.892,0.273084252721428,-0.287061661276465
19.894,0.271591569756675,-0.255932642314781
19.896,0.273689802844427,-0.233662033188273
19.898,0.268696722720451,-0.203056879923436
